"Declaração";"Ano";"Ano Referencia";"Data Criação";"Data Entrega";"Declarante";"UF Declarante";"Descrição";"Município";"Área";"uni_sigla";"dfc_latitude";"dfc_longitude"
11513;"2024";"2023";"05/02/2024";"12/03/2024";"ALAGOAS";"AL";"Central de Tratamento de Resíduos";"Maceió";14;"HEC";"";""
11513;"2024";"2023";"05/02/2024";"12/03/2024";"ALAGOAS";"AL";"Consórcio CIGRES";"Olho D'Água das Flores";18.6;"HEC";"";""
11513;"2024";"2023";"05/02/2024";"12/03/2024";"ALAGOAS";"AL";"Central de Tratamento de Resíduos Sertão";"Delmiro Gouveia";73;"HEC";"";""
11513;"2024";"2023";"05/02/2024";"12/03/2024";"ALAGOAS";"AL";"Central de Tratamento de Resíduos Agreste";"Craíbas";81.33;"HEC";"";""
11513;"2024";"2023";"05/02/2024";"12/03/2024";"ALAGOAS";"AL";"Central de Tratamento de Resíduos Metropolitano";"Pilar";104;"HEC";"";""
11490;"2024";"2023";"17/01/2024";"17/01/2024";"MARANHÃO";"MA";"https://imesc.ma.gov.br/portal/Post/view/territoriais/493";"Açailândia";40;"KM²";"";""
12580;"2024";"2023";"29/04/2024";"29/04/2024";"Minas Gerais";"MG";"";"";;"";"";""
11498;"2024";"2023";"23/01/2024";"19/02/2024";"MATO GROSSO DO SUL";"MS";"";"";;"";"";""
12286;"2024";"2023";"23/04/2024";"30/04/2024";"MATO GROSSO";"MT";"Arranjo Intermunicipal 08";"Várzea Grande";97;"KM²";"";""
12286;"2024";"2023";"23/04/2024";"30/04/2024";"MATO GROSSO";"MT";"Arranjo Intermunicipal 09";"Diamantino";324;"KM²";"";""
12286;"2024";"2023";"23/04/2024";"30/04/2024";"MATO GROSSO";"MT";"Arranjo Intermunicipal 10";"Guarantã do Norte";86;"KM²";"";""
12286;"2024";"2023";"23/04/2024";"30/04/2024";"MATO GROSSO";"MT";"Arranjo Intermunicipal 11";"Juará";312;"KM²";"";""
12286;"2024";"2023";"23/04/2024";"30/04/2024";"MATO GROSSO";"MT";"Arranjo Intermunicipal 12";"Juína";1072;"KM²";"";""
12286;"2024";"2023";"23/04/2024";"30/04/2024";"MATO GROSSO";"MT";"Arranjo Intermunicipal 13";"Mirassol D'Oeste";735;"KM²";"";""
12286;"2024";"2023";"23/04/2024";"30/04/2024";"MATO GROSSO";"MT";"Arranjo Intermunicipal 14";"Primavera do Leste";590;"KM²";"";""
12286;"2024";"2023";"23/04/2024";"30/04/2024";"MATO GROSSO";"MT";"Arranjo Intermunicipal 15";"Rondonópolis";320;"KM²";"";""
12286;"2024";"2023";"23/04/2024";"30/04/2024";"MATO GROSSO";"MT";"Arranjo Intermunicipal 16";"Sorriso";242;"KM²";"";""
12286;"2024";"2023";"23/04/2024";"30/04/2024";"MATO GROSSO";"MT";"Arranjo Intermunicipal 17";"Sorriso";221;"KM²";"";""
12286;"2024";"2023";"23/04/2024";"30/04/2024";"MATO GROSSO";"MT";"Arranjo Intermunicipal 18";"Tangará da Serra";482;"KM²";"";""
12286;"2024";"2023";"23/04/2024";"30/04/2024";"MATO GROSSO";"MT";"Arranjo Intermunicipal 06";"Pontes e Lacerda";535;"KM²";"";""
12286;"2024";"2023";"23/04/2024";"30/04/2024";"MATO GROSSO";"MT";"Arranjo Intermunicipal 05";"Campos de Júlio";320;"KM²";"";""
12286;"2024";"2023";"23/04/2024";"30/04/2024";"MATO GROSSO";"MT";"Arranjo Intermunicipal 04";"Cáceres";564;"KM²";"";""
12286;"2024";"2023";"23/04/2024";"30/04/2024";"MATO GROSSO";"MT";"Arranjo Intermunicipal 03";"Barra do Garças";58;"KM²";"";""
12286;"2024";"2023";"23/04/2024";"30/04/2024";"MATO GROSSO";"MT";"Arranjo Intermunicipal 02";"Alta Floresta";223;"KM²";"";""
12286;"2024";"2023";"23/04/2024";"30/04/2024";"MATO GROSSO";"MT";"Arranjo Intermunicipal 07";"Confresa";197;"KM²";"";""
12286;"2024";"2023";"23/04/2024";"30/04/2024";"MATO GROSSO";"MT";"Arranjo Intermunicipal 01";"Água Boa";674;"KM²";"";""
12347;"2024";"2023";"24/04/2024";"29/04/2024";"Piauí";"PI";"";"";;"";"";""
11603;"2024";"2023";"02/04/2024";"29/04/2024";"PARANÁ";"PR";"";"";;"";"";""
12971;"2024";"2023";"30/04/2024";"30/04/2024";"Rio de Janeiro";"RJ";"";"";;"";"";""
11765;"2024";"2023";"11/04/2024";"30/04/2024";"RIO GRANDE DO NORTE";"RN";"Aterro Sanitário";"Caicó";36;"HEC";"";""
11765;"2024";"2023";"11/04/2024";"30/04/2024";"RIO GRANDE DO NORTE";"RN";"Aterro Sanitário";"Pau dos Ferros";46;"HEC";"";""
11765;"2024";"2023";"11/04/2024";"30/04/2024";"RIO GRANDE DO NORTE";"RN";"Aterro Sanitário";"SANTO ANTÔNIO";30;"HEC";"";""
11765;"2024";"2023";"11/04/2024";"30/04/2024";"RIO GRANDE DO NORTE";"RN";"Aterro Sanitário";"Açu";40;"HEC";"";""
11765;"2024";"2023";"11/04/2024";"30/04/2024";"RIO GRANDE DO NORTE";"RN";"Aterro Sanitário";"João Câmara";40;"HEC";"";""
11765;"2024";"2023";"11/04/2024";"30/04/2024";"RIO GRANDE DO NORTE";"RN";"Aterro Sanitário";"CEARÁ-MIRIM";59;"HEC";"";""
11765;"2024";"2023";"11/04/2024";"30/04/2024";"RIO GRANDE DO NORTE";"RN";"Aterro Sanitário";"Vera Cruz";37;"HEC";"";""
11765;"2024";"2023";"11/04/2024";"30/04/2024";"RIO GRANDE DO NORTE";"RN";"Aterro Sanitário";"Rodolfo Fernandes";50;"HEC";"";""
11765;"2024";"2023";"11/04/2024";"30/04/2024";"RIO GRANDE DO NORTE";"RN";"Aterro Sanitário";"Mossoró";17;"HEC";"";""
12287;"2024";"2023";"23/04/2024";"25/04/2024";"SANTA CATARINA";"SC";"";"";;"";"";""
12247;"2024";"2023";"23/04/2024";"23/04/2024";"TOCANTINS";"TO";"";"";;"";"";""
