"Declaração";"Ano";"Ano Referencia";"Data Criação";"Data Entrega";"Declarante";"UF Declarante";"Descrição";"Descritivo/Detalhamento"
11513;"2024";"2023";"05/02/2024";"12/03/2024";"ALAGOAS";"AL";"Parcerias/Campanhas";"Parceria com as Centrais de Tratamento de Resíduos no Estado de Alagoas: Alagoas Ambiental e os Consórcios CIGRES/ CONAGRESTE; Logística Reversa: Parceria com Bio Digital e Qualitec, junto com o Instituto Brasileiro de Energia Recicláveis - IBER;
 Incentivo operacional para Cooperativas/ Associações de Recicláveis - Parceria Comitê Alagoas Catador."
11513;"2024";"2023";"05/02/2024";"12/03/2024";"ALAGOAS";"AL";"ICMS VERDE";"Incentivos fiscais (ICMS VERDE) para os municípios: estimulando a implantação e melhoria de Cooperativas/ Associações de Recicláveis;
Incentivo capacitação de gestores municipais e trabalhadores de recicláveis, visando as boas práticas socioambientais; 
Estimulo à proteção de Unidades de Conservação pelos municípios;
Estimulo/incentivo a realização correta da destinação de Resíduos Sólidos."
11490;"2024";"2023";"17/01/2024";"17/01/2024";"MARANHÃO";"MA";"";""
11490;"2024";"2023";"17/01/2024";"17/01/2024";"MARANHÃO";"MA";"Incentivo a viabilizar a gestão regionalizada";"Capacitação técnica aos Municípios maranhenses, incentivo a infraestutura adequada para coloeta seletiva, promover capacitações sobre a importância do consorciamento dessas regiões."
12580;"2024";"2023";"29/04/2024";"29/04/2024";"Minas Gerais";"MG";"Elaboração do Projeto de Lei 2.884/2021 para instituição das Unidades Regionais de Saneamento Básico de Minas Gerais. ";"Projeto de Lei elaborado em atendimento à Lei Federal 14.026/2020, que alterou a Lei Federal 11.445/2007, propõe a criação de Unidades Regionais de Abastecimento de Água e Esgotamento Sanitário (URAE) e de Unidades Regionais de Gestão de Resíduos (URGR), por meio de agrupamentos de municípios, com vistas à prestação regionalizada dos serviços públicos de saneamento básico. No entanto, ele ainda não foi aprovado.
O PL e a Nota Técnica que embasou o PL podem ser encontrados no site da SEMAD: http://www.meioambiente.mg.gov.br/saneamento/publicacoes."
11498;"2024";"2023";"23/01/2024";"19/02/2024";"MATO GROSSO DO SUL";"MS";"Pela execução do PERS-MS";"Na Estratégia 1.5, o PERS-MS traz a previsão de promover a solução consorciada entre os município do Estado de Mato Grosso do Sul. Tal Estratégia possui a Meta 1.5.1 de ""Garantir municípios com soluções consorciadas (% dos municípios)"", tendo como ações: 1.5.1.1 Apoiar tecnicamente os gestores públicos para a criação de consórcios ou inserção em consórcios existentes para disposição final dos rejeitos 1.5.1.2 Priorizar os municípios que optarem por soluções consorciadas de disposição final dos rejeitos na concessão de recursos financeiros Desde 2016, a equipe técnica vem trabalhando na divulgação, em capacitações nos municípios, as vantagens do consórcio público para os custos da implantação da disposição final intermunicipal ambientalmente adequada. Embora haja uma morosidade no avanço dessas questões, o Estado
notou uma melhora significativa após o início dessas ações."
11498;"2024";"2023";"23/01/2024";"19/02/2024";"MATO GROSSO DO SUL";"MS";"Pelo ICMS Ecológico";"Uma das formas encontradas pelo Estado para estimular as soluções consorciadas na gestão municipal dos resíduos sólidos foi por intermédio do ICMS Ecológico. Dentro do parâmetro 2 de análise (Disposição Final Ambientalmente Adequada), verifica-se pela legislação Resolução SEMAGRO/MS nº 789, de 28 de dezembro de 2022 que o peso para o cálculo de pontuação é maior nos casos onde os Municípios comprovam uma disposição final ambientalmente adequada intermunicipal, o que resulta em uma arrecadação maior de ICMS Ecológico quando comparada com a de Municípios com soluções individuais implementadas."
11498;"2024";"2023";"23/01/2024";"19/02/2024";"MATO GROSSO DO SUL";"MS";"Por Termo de Cooperação";"Tanto o Ministério Público quanto o Tribunal de Contas deste Estado, por Termo de Cooperação firmado com o Instituto de Meio Ambiente de Mato Grosso do Sul e a Secretaria de Estado de Meio Ambiente, Desenvolvimento Econômico, Produção e Agricultura Familiar de Mato Grosso do Sul, vêm orientando, em capacitações e consultas públicas, os gestores públicos municipais sobre a gestão consorciada de resíduos sólidos."
11498;"2024";"2023";"23/01/2024";"19/02/2024";"MATO GROSSO DO SUL";"MS";"Pela Logística Reversa";"A logística reversa consiste em um “instrumento de desenvolvimento econômico e social, caracterizado por um conjunto de ações, procedimentos e meios destinados a viabilizar a coleta e a restituição dos resíduos ao setor produto, para reaproveitamento ou outra forma de destinação final” (inciso XII, do art. 3º, da PNRS). Os sistemas de logística reversa devem ser estruturados e implementados pelos fabricantes, importadores, distribuidores e comerciantes dos produtos relacionados no art. 33, da Lei nº 12.305, de 2 de agosto de 2010. Atualmente o estado de Mato Grosso do Sul possui sistema de logística reversa dos seguintes resíduos:

Embalagens em geral: Sistema de logística reversa de embalagens em geral foi implantado em Mato Grosso do Sul através do Decreto nº 15.340, de 23 de dezembro de 2019. Para a comprovação do cumprimento das metas por parte das empresas o Estado disponibilizou o Sistema de Embalagens em Geral no Mato Grosso do Sul – SISREV/MS. Com o intuito de aperfeiçoar a estruturação do sistema, foi publicado o Decreto nº 16.089, de 16 de janeiro de 2023, que estabeleceu diretrizes para a implementação, a estruturação e a operacionalização do Sistema de Logística Reversa de Embalagens em Geral. Os sistemas de logística reversa de embalagens em geral são cadastrados no Sistema de Logística Reversa de Mato Grosso do Sul – SISREV 2.0 pela entidade gestora que é a responsável por estruturar, implementar e operacionalizar o sistema. Neste ano de 2024, faremos a avaliação do quarto ciclo de comprovação referente ao ano-base 2022.

Filtros Usados de Óleo Lubrificante Automotivo: A Associação Brasileira das Empresas de Filtros e seus Sistemas Automotivos e Industriais – Abrafiltros e o Estado de Mato Grosso do Sul, por intermédio da Semagro e do Imasul, celebraram Termo de Compromisso para a coleta e destinação adequada de filtros usados de óleo lubrificante automotivo no estado. Termo de Compromisso para Logística Reversa de Filtros Usados de Óleo Lubrificante Automotivo nº 001/2020.

Embalagens Plásticas Usadas de Óleo Lubrificante Automotivo: As embalagens plásticas usadas de óleo lubrificante automotivo são classificadas como resíduos perigosos Classe I, de acordo com a Lei 12.305/2010 (que instituiu a Política Nacional de Resíduos Sólidos), devido à toxicidade dos resquícios de óleo lubrificante presentes, conforme a NBR 10.004, e por isso são passíveis de logística reversa.
O Instituto Jogue Limpo, através de Termo de Compromisso firmado com o Estado, por intermédio da Semagro e do Imasul, sendo a entidade gestora responsável por realizar a logística reversa de embalagens plásticas usadas de óleo lubrificante automotivo no Estado. Termo de Compromisso para Logística Reversa de Filtros Usados de Óleo Lubrificante Automotivo nº 003/2020.

Baterias Inservíveis de Chumbo-Ácido: O Instituto Brasileiro de Energia Reciclável- IBER e o Estado de Mato Grosso do Sul, por intermédio da Semagro e do Imasul, celebraram Termo de Compromisso para implantação de implementação de Sistema de Logística Reversa, visando o recebimento, armazenamento, e a destinação ambientalmente adequada, preferencialmente a reciclagem, de baterias inservíveis de chumbo-ácido fabricadas e importadas no Brasil e colocadas no mercado de reposição no Estado de Mato Grosso do Sul. Termo de Compromisso para a Logística Reversa de Baterias Inservíveis de Chumbo-Ácido nº 001/2021.
"
12286;"2024";"2023";"23/04/2024";"30/04/2024";"MATO GROSSO";"MT";"";""
12347;"2024";"2023";"24/04/2024";"29/04/2024";"Piauí";"PI";"";""
11603;"2024";"2023";"02/04/2024";"29/04/2024";"PARANÁ";"PR";"PROGRAMAS DE LOGISTICA REVERSA ";"A Logística Reversa, instituída pela Lei nº 12.305/2010, é um instrumento de desenvolvimento econômico e social caracterizado por um conjunto de ações, procedimentos e meios destinados a viabilizar a coleta e a restituição dos resíduos sólidos ao setor empresarial, para reaproveitamento, em seu ciclo ou em outros ciclos produtivos, ou outra destinação final ambientalmente adequada.

Por meio deste instrumento, o produto pós-consumo pode voltar para a cadeia produtiva e é responsabilidade dos fabricantes, importadores e distribuidores trabalharem de forma conjunta para garantir a destinação dos produtos e embalagens que colocam no mercado.

Em 2022 são 15 (quinze) setores empresariais já operacionalizam o sistema de Logística Reversa no Estado do Paraná, sendo por meio de Acordos Setoriais, ou Termos de Compromissos, Regulamentos ou pela apresentação dos Planos de Logística Reversa. São eles:

    Agrotóxicos, seus resíduos e embalagens;
    Baterias chumbo ácido;
    Eletroeletrônicos e seus componentes;
    Embalagens de aço;
    Embalagens de óleos lubrificantes;
    Embalagens em geral;
    Lâmpadas fluorescentes, de vapor de sódio e mercúrio e de luz mista;
    Medicamentos de uso humano e veterinário e perfuro cortante;
    Óleos lubrificantes usados ou contaminados;
    Pilhas e baterias;
    Pneus inservíveis;
    Filtros de óleos Lubrificantes;
    Embalagens de papel;
    Embalagens de bebidas;
    Produtos saneantes.


"
11603;"2024";"2023";"02/04/2024";"29/04/2024";"PARANÁ";"PR";"CONSÓRCIOS REGIONAIS - PARANÁ SEM LIXÃO";"Programa específico para implantação de consórcios - “CONSÓRCIOS REGIONAIS - PARANÁ SEM LIXÃO"" de Resíduos Sólidos estabelece que a atuação do estado deve apoiar e priorizaras
iniciativas dos municípios com soluções consorciadas ou compartilhadas entre dois (02) ou mais municípios. As ações consorciadas trazem benefícios tais como: a melhoria da qualidade de
operação dos aterros, evitando com que se tornem verdadeiros lixões, ganhos de escala e rateio dos custos administrativos e operacionais

A Política Nacional de Resíduos Sólidos estabelece que a atuação do estado deve apoiar e priorizaras iniciativas dos municípios com soluções consorciadas ou compartilhadas entre dois (02)
ou mais municípios. As ações consorciadas trazem benefícios tais como: a melhoria da qualidade de operação dos aterros, evitando com que se tornem verdadeiros lixões, ganhos de escala e rateio
dos custos administrativos e operacionais. Desta forma, o Estado do Paraná tem como programa de governo a organização de consórcios regionais para gestão integrada de RSU em todas as macroregiões do estado, com incentivos variados: como repasse de recursos financeiros, cessão de área, apoio técnico, entre outros."
12971;"2024";"2023";"30/04/2024";"30/04/2024";"Rio de Janeiro";"RJ";"Programa Pacto pelo Saneamento";"Fomento à gestão regionalizada através da criação de consórcios intermunicipais para gestão de RSU.
Foram planejados 16 arranjos territoriais, dos quais 05 avançaram para formalização de consórcios e 02 encontram-se em operação desde 2016."
12971;"2024";"2023";"30/04/2024";"30/04/2024";"Rio de Janeiro";"RJ";"PROGRIDE - Programa Estadual de Gestão de Resíduos Sólidos Integrada e Desenvolvimento Sustentável";"Apoio aos municípios para formalização de consórcios regionais multifinalitários, para otimização da gestão de equipamentos e estruturas regionais."
11765;"2024";"2023";"11/04/2024";"30/04/2024";"RIO GRANDE DO NORTE";"RN";"Consócio Público Regional de Saneamento do Vale do Assu.";"Os municípios da Região do Assú que assinaram o Protocolo de Intenções foram: Alto do Rodrigues, Angicos, Areia Branca, Assu, Baraúna, Carnaubais, Paraú, Fernando Pedroza, Grossos, Guamaré, Ipanguaçu, Itajá, Lajes, Pedra Preta, Pedro Avelino, Pendências, Porto do Mangue, Santana do Matos, São Rafael, Serra
do Mel, Tibau. O consórcio está desenvolvendo uma Parceria Público Privada para implantação do aterro sanitário e estações de transbordo;"
11765;"2024";"2023";"11/04/2024";"30/04/2024";"RIO GRANDE DO NORTE";"RN";"Consórcio Intermunicipal Multifinalitário dos Municípios do Oeste Potiguar/RN";"Todos os 44 municípios da Região do Alto Oeste assinaram o Protocolo de Intenções: Água Nova, Alexandria, Almino Afonso, Antônio Martins, Apodi, Campo Grande, Caraúbas, Coronel João Pessoa, Doutor Severiano, Encanto, Felipe Guerra, Francisco Dantas, Frutuoso Gomes, Governador Dix- Sept Rosado, Itaú, Janduis, João Dias, José da Penha, Lucrécia, Luis Gomes, Major Sales, Marcelino Vieira, Martins, Messias Targino, Olho-d'Água do Borges, Paraná, Patu, Pau dos Ferros, Pilões, Portalegre, Rafael Fernandes, Rafael Godeiro, Riacho da Cruz, Riacho de
Santana, Rodolfo Fernandes, São Francisco do Oeste, São Miguel, Serrinha dos Pintos, Severiano Melo, Taboleiro Grande, Tenente Ananias, Umarizal, Venha Ver e Viçosa. 

O consórcio, juntamente com o município de Pau dos Ferros, estão realizando as tratativas de desapropriação e aquisição da área para implantação do aterro sanitário se encontra em fase de elaboração de estudos ambientais para fins de licenciamento ambiental."
11765;"2024";"2023";"11/04/2024";"30/04/2024";"RIO GRANDE DO NORTE";"RN";"Medidas para Região do Agreste";"Faz-se necessário consolidar formalmente a estrutura administrativa da Região, vez que a construção do consórcio necessita de procedimentos formais.
Para esta Região também deverá ser incentivada a elaboração de Projeto de Apoio e Fortalecimento Institucional para a Gestão Integrada e Associada de Resíduos Sólidos Urbanos.
As principais ações serão descritas abaixo:
A)Consolidar a estrutura administrativa de Consórcio;
B) Incentivar e apoiar o fortalecimento institucional para a gestão integrada e associada de resíduos sólidos urbanos;
C) Apoiar a criação e organização de Cooperativa de Catadores de materiais recicláveis a fim de que essas participem da operacionalização dos galpões
de triagem e unidades de compostagem;
D) Identificar áreas adequadas para a instalação dos equipamentos de prestação
de serviços ambientais urbanos diretos;
E) Buscar recursos, junto aos órgãos financiadores descritos no item 3.6 do
presente relatório, para a instalação dos equipamentos de prestação de
serviços ambientais urbanos diretos (PEV, ATT, aterros Classe A, galpões de
triagem e unidades de compostagem);
F) Desenvolver estudos para o encerramento dos lixões e recuperação das
áreas degradadas;
G) Implantar o Aterro Sanitário da Região."
11765;"2024";"2023";"11/04/2024";"30/04/2024";"RIO GRANDE DO NORTE";"RN";"Consócio Público Intermunicipal de Saneamento Básico da Região do Mato Grande – CISMAG.";"Os municípios que assinaram o Protocolo de Intenções do CISMAG foram: Bento Fernandes, Caiçara do Norte, Galinhos, Jandaíra, Jardim de Angicos, João Câmara, Parazinho, Pedra Grande, Poço Branco, Pureza, Rio do Fogo, São Bento do Norte, São Miguel do Gostoso, Taipú e Touros. Os municípios de Bento Fernandes, Rio do Fogo, Taipú e Touros, já encaminham os seus resíduos para destinação final no Aterro Sanitário Metropolitano. Atualmente o consórcio está buscando alternativas via PPP para instalação das estações de transbordo de Touros e Parazinho."
11765;"2024";"2023";"11/04/2024";"30/04/2024";"RIO GRANDE DO NORTE";"RN";"Consórcio Intermunicipal Multifinalitário da Região do Seridó/RN";"Todos os 25 municípios da Região do Seridó assinaram o Protocolo de Intenções: Acari, Bodó, Caicó, Carnaúba dos Dantas, Cerro Corá, Cruzeta, Currais Novos, Equador, Florânia, Ipueira, Jardim de Piranhas, Jardim do Seridó, Jucurutu, Lagoa Nova, Ouro Branco, Parelhas, Santana do Seridó, São Fernando, São João do Sabugi, São José do Seridó, São Vicente, Serra Negra do Norte, Tenente Laurentino Cruz, e Timbaúba dos Batistas.
Esse consórcio já pratica o contrato de rateio e viabilizou financeiramente a elaboração do Estudo Ambiental (EIA/RIMA), cujo projeto foi elaborado pela SEMARH, para implantação do Aterro Sanitário de Caicó, que se encontra em fase de contrução."
12287;"2024";"2023";"23/04/2024";"25/04/2024";"SANTA CATARINA";"SC";"Capacitação e orientação dos consórcios públicos intermunicipais para captação de recursos.";"Capacitação e orientação dos consórcios públicos para captação de recursos financeiros disponíveis para gestão dos resíduos sólidos, nas esferas federal e estadual."
12287;"2024";"2023";"23/04/2024";"25/04/2024";"SANTA CATARINA";"SC";"Estudo de Regionalização para Gestão Integrada dos Resíduos Sólidos Urbanos e Plano Estadual de Resíduos Sólidos de Santa Catarina.";"Por meio do Estudo de Regionalização, posteriormente incorporado no Plano Estadual de Resíduos Sólidos de Santa Catarina, o estado propôs arranjos regionais e fomentou por meio de seminários e apoio técnico a formalização de consórcios públicos intermunicipais para gestão dos resíduos sólidos urbanos."
12287;"2024";"2023";"23/04/2024";"25/04/2024";"SANTA CATARINA";"SC";"Priorização dos municípios organizados em arranjos intermunicipais (consórcios públicos) para gestão dos resíduos.";"Apoio na implantação ou ampliação da coleta seletiva e tratamento dos resíduos recicláveis secos e orgânicos, priorizando-se soluções consorciadas entre dois ou mais municípios."
12247;"2024";"2023";"23/04/2024";"23/04/2024";"TOCANTINS";"TO";"Programa Gestão Compartilhada e Manejo de Resíduos Sólidos Urbanos";"	Cumprimento do Termo de Cooperação Técnica nº 02/2021, celebrado entre a Semarh, Codanorte/MG, CIDS Vale do Rio Palma e o Consórcio de Desenvolvimento Sustentável Vale do Rio Manoel Alves, formado pelos municípios de Almas, Dianópolis, Porto Alegre, Novo Jardim, Rio da Conceição, Chapada da Natividade e Conceição do Tocantins, que teve por objetivo a prestação de auxílio técnico na realização de capacitação para a elaboração do Plano Intermunicipal de Gestão Integrada de Resíduos Sólidos, implantação da coleta seletiva, realização de estudo gravimétrico e cobrança  pela prestação dos serviços de manejo dos resíduos sólidos urbanos;

	Cumprimento do Termo de Convênio nº 09/2021 celebrado entre a SEMARH e o Consórcio de Desenvolvimento Sustentável Vale do Rio Palma, formado pelos municípios de Combinado, Aurora do Tocantins, Lavandeira e Novo Alegre, que teve por objetivo a elaboração do Plano Intermunicipal de Gestão Integrada de Resíduos Sólidos, o referido plano foi entregue ao Consórcio no dia 03 e outubro de 2023."
12247;"2024";"2023";"23/04/2024";"23/04/2024";"TOCANTINS";"TO";"Programa Tocantins Livre de Lixão";"Tem por objetivo incentivar a gestão associada ou compartilhada em arranjos regionais, desenvolvendo um conjunto de ações normativas, operacionais, de planejamento e de recursos humanos, com base em critérios técnicos, ambientais e econômicos para a gestão adequada dos resíduos sólidos urbanos produzidos no Estado do Tocantins. Realizou-se o lançamento do projeto Lixão Zero na área piloto do CIDS Vale do Rio Manoel Alves, 03 (três) reuniãoes para o planejamento do projeto do aterro sanitário, Reunião do Grupo de Trabalho do Acordo de Cooperação Técnica e Compromisso Ambiental (Semarh, Naturatins, TCE, MPE e Uvet); Reuniões do Consórcio Intermunicipal para o Desenvolvimento Regional do Tocantins das Regiões Sul e Centro-Oeste - CODER-TO, formado pelos municípios de Gurupi, Aliança do Tocantins, Araguaçu, Cariri do Tocantins, Crixás do Tocantins, Figueirópolis, Formoso do Araguaia, Lagoa da Confusão, Peixe, Nova Rosalândia, Sandolândia, Santa Rita do Tocantins, São Salvador do Tocantins, Jaú do Tocantins e Palmeirópolis e Participação da reunião do Grupo de Trabalho de Regionalização de RSU da Camara Técnica de Governança e Saneamento Urbano e Rural (CTGS) no âmbito do Comitê Interministerial de Sanemaneto Básico (Cibs)/MC/MMA."
12247;"2024";"2023";"23/04/2024";"23/04/2024";"TOCANTINS";"TO";"Programa Pró-catadores RECICLA +Tocantins";"Tem por finalidade promover a Inclusão Social e o Fortalecimento das Cooperativas e Associações de Catadores de Materiais Recicláveis e reutilizáveis incentivando sua organização e desenvolvimento, na execução do referido Programa foram realizadas: A Coleta Seletiva Cidadã na Feira de Agronegócio do Estado do Tocantins - Agrotins, Reuniões do Fórum Estadual Lixo e Cidadania e iniciou a elaboração do Mapa da cadeia produtiva dos resíduos sólidos do Tocantins."
