"Declaração";"Ano";"Ano Referencia";"Data Criação";"Data Entrega";"Declarante";"UF Declarante";"Possui Mecanismos Fonte";"Descrição Mecanismo Fonte";"Descrição Mecanismo Fonte"
11513;"2024";"2023";"05/02/2024";"12/03/2024";"ALAGOAS";"AL";"Sim";"Incentivos fiscais";"Incentivos Fiscais pelo ICMS VERDE"
11513;"2024";"2023";"05/02/2024";"12/03/2024";"ALAGOAS";"AL";"Sim";"Incentivos à associações/cooperativas de catadores";"Incentivo Programa Alagoas Catador"
11490;"2024";"2023";"17/01/2024";"17/01/2024";"MARANHÃO";"MA";"Sim";"Incentivos à associações/cooperativas de catadores";"A Secretaria já tem implementado a coleta seletiva dentro do orgão, onde faz a doação dos resíduos recicláveis a cooperativa, além de organizar as cooperativas do maranhão em eventos como Carnaval e festejo junino para receberem os residuos recicláveis dos eventos."
12580;"2024";"2023";"29/04/2024";"29/04/2024";"Minas Gerais";"MG";"Sim";"Incentivos fiscais";"O ICMS ecológico, subcritério Saneamento Ambiental, no âmbito dos resíduos sólidos tem por objetivo estimular os municípios a adotarem soluções em saneamento ambientalmente adequadas e devidamente regularizados de tratamento e/ou disposição final de resíduos sólidos urbanos (RSU), com atendimento de pelo menos 70% da população urbana.
"
12580;"2024";"2023";"29/04/2024";"29/04/2024";"Minas Gerais";"MG";"Sim";"Incentivos à associações/cooperativas de catadores";"O incentivo da Bolsa Reciclagem foi instituído pela Lei nº 19.823, de 22 de novembro de 2011, regulamentado pelo Decreto nº 45.975, de 4 de junho de 2012, sendo que os procedimentos para sua operacionalização estão estabelecidos pela Deliberação do Conselho Gestor nº 1, de 19 de fevereiro de 2019."
11498;"2024";"2023";"23/01/2024";"19/02/2024";"MATO GROSSO DO SUL";"MS";"Sim";"Outros";"Principais fluxos de resíduos no Estado e seus impactos socioeconômicos e ambientais"
12286;"2024";"2023";"23/04/2024";"30/04/2024";"MATO GROSSO";"MT";"Não";"";""
12347;"2024";"2023";"24/04/2024";"29/04/2024";"Piauí";"PI";"Sim";"Incentivos à associações/cooperativas de catadores";"O Governo do Estado por meio da Política de Logística Reversa incentiva que a coleta e destinação das embalagens seja prioritariamente realizada por cooperativas de catadores. O ICMS Ecológico pontua municípios que tenham e incentivam a formação de associações/cooperativas de catadores afim de fortalecer a coleta seletiva no município. Além disso, órgãos como: TCE, SEMARH, MP e MPT assinaram recentemente ACT para a inclusão produtiva de catadores e catadoras de materiais recicláveis"
11603;"2024";"2023";"02/04/2024";"29/04/2024";"PARANÁ";"PR";"Sim";"Outros";"Incentivo para melhoria da operacionalização da gestão municipal dos resíduos, através da celebração de convênios entre o estado e os municípios para cessão de caminhões (poli guindaste, baú, compactador, limpa fossa) e kit para reciclagem (prensas, esteiras) entre os anos de 2019 e 2023."
11603;"2024";"2023";"02/04/2024";"29/04/2024";"PARANÁ";"PR";"Sim";"Outros";"PROGRAMA “LIXO 5.0”

O gerenciamento de Resíduos Sólidos Urbanos (RSU) é um dos principais problemas de saneamento encontrados em países em desenvolvimento. Visando uma gestão ambientalmente correta, sanitariamente segura, economicamente viável, socialmente justa e agregadora, a Sedest criou o Projeto Lixo 5.0 - uma iniciativa de Pesquisa, Desenvolvimento e Inovação (PD&I), com o objetivo de estudar e reconhecer novos processos de gestão e tecnologias de tratamento de resíduos sólidos (rotas térmicas, biológicas e mecânicas) em municípios paranaenses.

Para isso, foi criada a Resolução Conjunta Sedest/IAT nº 09, de 30 de maio de 2022, para que novos processos de tratamento de RSU sejam reconhecidos e testados no Estado do Paraná, respeitando os critérios técnicos e ambientais. Em paralelo, o Projeto Lixo 5.0 também reconhece a importância da não geração, da reciclagem e do reaproveitamento, quando possível, do resíduo. Além de ser um dos instrumentos do PERS/PR (Plano Estadual de Resíduos Sólidos), que pretende a criação de incentivos e o fomento a projetos, pesquisas e inovações tecnológicas sustentáveis no tratamento de resíduos sólidos no Estado do Paraná.

Um projeto-piloto, que integra essa iniciativa, foi instalado no município de Roncador, Centro-oeste do Estado. A Sedest, junto ao Instituto Água e Terra, acompanha, desde a instalação, uma usina de termomagnetização que atende aos resíduos de Roncador, Nova Cantu, Mato Rico e Iretama, por meio de um consórcio intermunicipal (parceria entre diferentes municípios). A tecnologia poderá processar até 20 toneladas/dia de resíduos sólidos, sem poluir o meio ambiente. Para os estudos envolvendo o equipamento piloto, foram investidos mais de R$ 4 milhões de reais com recursos da iniciativa privada. "
11603;"2024";"2023";"02/04/2024";"29/04/2024";"PARANÁ";"PR";"Sim";"Incentivos fiscais";"auxílio a 100% dos municípios paranaenses para
realizarem a cobrança da taxa/tarifa de lixo via conta de
água/energia"
11603;"2024";"2023";"02/04/2024";"29/04/2024";"PARANÁ";"PR";"Sim";"Outros";"Viabilizar o consorciamento de municípios para gestão de resíduos de RSU, permitindo ganho de escala. Promovendo a sustentabilidade e a modernização dos sistemas de gestão de resíduos sólidos, colaborando para a extinção de lixões e criação de empregos."
12971;"2024";"2023";"30/04/2024";"30/04/2024";"Rio de Janeiro";"RJ";"Não";"";""
11765;"2024";"2023";"11/04/2024";"30/04/2024";"RIO GRANDE DO NORTE";"RN";"Não";"";""
12287;"2024";"2023";"23/04/2024";"25/04/2024";"SANTA CATARINA";"SC";"Sim";"Incentivos fiscais";"Criar política de benefício fiscal para as atividades inseridas na cadeia da reciclagem."
12287;"2024";"2023";"23/04/2024";"25/04/2024";"SANTA CATARINA";"SC";"Sim";"Incentivos à associações/cooperativas de catadores";"Auxiliar os catadores de materiais recicláveis autônomos a se organizarem formalmente em cooperativas e associações."
12287;"2024";"2023";"23/04/2024";"25/04/2024";"SANTA CATARINA";"SC";"Sim";"Outros";"Fomentar a disponibilização de recursos financeiros para adequação da infraestrutura (instalações e equipamentos) das unidades do sistema de gerenciamento de resíduos sólidos."
12247;"2024";"2023";"23/04/2024";"23/04/2024";"TOCANTINS";"TO";"Sim";"Outros";"ICMS Ecológico, RESOLUÇÃO COEMA/TO Nº 117, DE 21 DE SETEMBRO DE 2023"
12247;"2024";"2023";"23/04/2024";"23/04/2024";"TOCANTINS";"TO";"Sim";"Incentivos fiscais";"Lei nº 1095 de 20 outubro de 1999"
