"Declaração";"Ano";"Ano Referencia";"Data Criação";"Data Entrega";"Declarante";"Município Declarante";"UF Declarante";"Descrição";"Logradouro";"Número";"Complemento";"Bairro";"Cidade";"UF";"CEP";"Latitude";"Longitude"
11513;"2024";"2023";"05/02/2024";"12/03/2024";"ALAGOAS";"Senador Rui Palmeira";"AL";"Lixão do município de Senador Rui Palmeira";"área rural";"";"";"";"Senador Rui Palmeira";"AL";"";"";""
11513;"2024";"2023";"05/02/2024";"12/03/2024";"ALAGOAS";"";"AL";"Lixão do município de Olivença";"área rural";"";"";"";"";"";"";"";""
11513;"2024";"2023";"05/02/2024";"12/03/2024";"ALAGOAS";"Monteirópolis";"AL";"Lixão do município de Monteirópolis";"área rural";"";"";"";"Monteirópolis";"AL";"";"";""
11513;"2024";"2023";"05/02/2024";"12/03/2024";"ALAGOAS";"Rio Largo";"AL";"Lixão do município de Rio Largo";"Área rural";"";"";"";"Rio Largo";"AL";"";"";""
11513;"2024";"2023";"05/02/2024";"12/03/2024";"ALAGOAS";"Santa Luzia do Norte";"AL";"Lixão do município de Santa Luzia do Norte ";"Área rural";"";"";"";"Santa Luzia do Norte";"AL";"";"";""
11513;"2024";"2023";"05/02/2024";"12/03/2024";"ALAGOAS";"Satuba";"AL";"Lixão do município de Satuba";"Área rural";"";"";"";"Satuba";"AL";"";"";""
11513;"2024";"2023";"05/02/2024";"12/03/2024";"ALAGOAS";"Campestre";"AL";"Lixão do município de Campestre";"Área urbana";"";"";"";"Campestre";"AL";"";"";""
11513;"2024";"2023";"05/02/2024";"12/03/2024";"ALAGOAS";"COLÔNIA LEOPOLDINA";"AL";"Lixão do município de Colônia Leopoldina";"Área rural";"";"";"";"COLÔNIA LEOPOLDINA";"AL";"";"";""
11513;"2024";"2023";"05/02/2024";"12/03/2024";"ALAGOAS";"Jacuípe";"AL";"Lixão do município de Jacuípe";"Área rural";"";"";"";"Jacuípe";"AL";"";"";""
11513;"2024";"2023";"05/02/2024";"12/03/2024";"ALAGOAS";"Cacimbinhas";"AL";"Lixão do município de Cacimbinhas";"área rural";"";"";"";"Cacimbinhas";"AL";"";"";""
11513;"2024";"2023";"05/02/2024";"12/03/2024";"ALAGOAS";"Japaratinga";"AL";"Lixão do município de Japaratinga";"Área rural";"";"";"";"Japaratinga";"AL";"";"";""
11513;"2024";"2023";"05/02/2024";"12/03/2024";"ALAGOAS";"Joaquim Gomes";"AL";"Lixão do município de Joaquim Gomes";"Área urabana";"";"";"";"Joaquim Gomes";"AL";"";"";""
11513;"2024";"2023";"05/02/2024";"12/03/2024";"ALAGOAS";"Jundiá";"AL";"Lixão do município de Jundiá";" ";"";"";"";"Jundiá";"AL";"";"";""
11513;"2024";"2023";"05/02/2024";"12/03/2024";"ALAGOAS";"Palmeira dos Índios";"AL";"Lixão do município de Palmeira dos Índios";"Área rural";"";"";"";"Palmeira dos Índios";"AL";"";"";""
11513;"2024";"2023";"05/02/2024";"12/03/2024";"ALAGOAS";"Tanque D'Arca";"AL";"Lixão do município de Tanque d’Arca";"área rural";"";"";"";"Tanque D'Arca";"AL";"";"";""
11513;"2024";"2023";"05/02/2024";"12/03/2024";"ALAGOAS";"Maragogi";"AL";"Lixão do município de Maragogi";"Área rural";"";"";"";"Maragogi";"AL";"";"";""
11513;"2024";"2023";"05/02/2024";"12/03/2024";"ALAGOAS";"Flexeiras";"AL";"Lixão do município de Flexeiras";"Área rural";"";"";"";"Flexeiras";"AL";"";"";""
11513;"2024";"2023";"05/02/2024";"12/03/2024";"ALAGOAS";"Matriz de Camaragibe";"AL";"Lixão do município de Matriz de Camaragibe";"Área rural";"";"";"";"Matriz de Camaragibe";"AL";"";"";""
11513;"2024";"2023";"05/02/2024";"12/03/2024";"ALAGOAS";"Novo Lino";"AL";"Lixão do município de Novo Lino";"Área rural";"";"";"";"Novo Lino";"AL";"";"";""
11513;"2024";"2023";"05/02/2024";"12/03/2024";"ALAGOAS";"Porto Calvo";"AL";"Lixão do município de Porto Calvo";"Área rural";"";"";"";"Porto Calvo";"AL";"";"";""
11513;"2024";"2023";"05/02/2024";"12/03/2024";"ALAGOAS";"Porto de Pedras";"AL";"Lixão do município de Porto de Pedras";"Área urbana";"";"";"";"Porto de Pedras";"AL";"";"";""
11513;"2024";"2023";"05/02/2024";"12/03/2024";"ALAGOAS";"São Luís do Quitundé";"AL";"Lixão do município de São Luís do Quitunde";"Área rural";"";"";"";"São Luís do Quitundé";"AL";"";"";""
11513;"2024";"2023";"05/02/2024";"12/03/2024";"ALAGOAS";"São Miguel dos Milagres";"AL";"Lixão do município de São Miguel dos Milagres";"Área urbana";"";"";"";"São Miguel dos Milagres";"AL";"";"";""
11513;"2024";"2023";"05/02/2024";"12/03/2024";"ALAGOAS";"Anadia";"AL";"Lixão do município de Anadia";"Área rural";"";"";"";"Anadia";"AL";"";"";""
11513;"2024";"2023";"05/02/2024";"12/03/2024";"ALAGOAS";"Barra de São Miguel";"AL";"Lixão do município de Barra de São Miguel";"Área rural";"";"";"";"Barra de São Miguel";"AL";"";"";""
11513;"2024";"2023";"05/02/2024";"12/03/2024";"ALAGOAS";"Boca da Mata";"AL";"Lixão do município de Boca da Mata";"Área rural";"";"";"";"Boca da Mata";"AL";"";"";""
11513;"2024";"2023";"05/02/2024";"12/03/2024";"ALAGOAS";"Campo Alegre";"AL";"Lixão do município de Campo Alegre";"Área rural";"";"";"";"Campo Alegre";"AL";"";"";""
11513;"2024";"2023";"05/02/2024";"12/03/2024";"ALAGOAS";"Coruripe";"AL";"Lixão do município de Coruripe";"Área rural";"";"";"";"Coruripe";"AL";"";"";""
11513;"2024";"2023";"05/02/2024";"12/03/2024";"ALAGOAS";"Feliz Deserto";"AL";"Lixão do município de Feliz Deserto";"Área rural";"";"";"";"Feliz Deserto";"AL";"";"";""
11513;"2024";"2023";"05/02/2024";"12/03/2024";"ALAGOAS";"";"AL";"Lixão do município de Igreja Nova";"Área rural";"";"";"";"";"";"";"";""
11513;"2024";"2023";"05/02/2024";"12/03/2024";"ALAGOAS";"Coruripe";"AL";"Lixão do município de Jequiá da Praia";"Área rural";"";"";"";"Coruripe";"AL";"";"";""
11513;"2024";"2023";"05/02/2024";"12/03/2024";"ALAGOAS";"Junqueiro";"AL";"Lixão do município de Junqueiro";"Área rural";"";"";"";"Junqueiro";"AL";"";"";""
11513;"2024";"2023";"05/02/2024";"12/03/2024";"ALAGOAS";"";"AL";"Lixão do município de Penedo";"Área rural";"";"";"";"";"";"";"";""
11513;"2024";"2023";"05/02/2024";"12/03/2024";"ALAGOAS";"Roteiro";"AL";"Lixão do município de Roteiro";"Área urbana";"";"";"";"Roteiro";"AL";"";"";""
11513;"2024";"2023";"05/02/2024";"12/03/2024";"ALAGOAS";"São Brás";"AL";"Lixão do município de São Brás";"Área rural";"";"";"";"São Brás";"AL";"";"";""
11513;"2024";"2023";"05/02/2024";"12/03/2024";"ALAGOAS";"TEOTÔNIO VILELA";"AL";"Lixão do município de Teotônio Vilela";"Área urbana";"";"";"";"TEOTÔNIO VILELA";"AL";"";"";""
11513;"2024";"2023";"05/02/2024";"12/03/2024";"ALAGOAS";"Água Branca";"AL";"Lixão do município de Água Branca";"Área rural";"";"";"";"Água Branca";"AL";"";"";""
11513;"2024";"2023";"05/02/2024";"12/03/2024";"ALAGOAS";"Canapi";"AL";"Lixão do município de Canapi";"Área rural";"";"";"";"Canapi";"AL";"";"";""
11513;"2024";"2023";"05/02/2024";"12/03/2024";"ALAGOAS";"Delmiro Gouveia";"AL";"Lixão do município de Delmiro Gouveia";"Área rural";"";"";"";"Delmiro Gouveia";"AL";"";"";""
11513;"2024";"2023";"05/02/2024";"12/03/2024";"ALAGOAS";"Inhapi";"AL";"Lixão do município de Inhapi";"Área rural";"";"";"";"Inhapi";"AL";"";"";""
11513;"2024";"2023";"05/02/2024";"12/03/2024";"ALAGOAS";"Mata Grande";"AL";"Lixão do município de Mata Grande";"Área rural";"";"";"";"Mata Grande";"AL";"";"";""
11513;"2024";"2023";"05/02/2024";"12/03/2024";"ALAGOAS";"Olho D'Água do Casado";"AL";"Lixão do município de Olho d’Água do Casado";"Área rural";"";"";"";"Olho D'Água do Casado";"AL";"";"";""
11513;"2024";"2023";"05/02/2024";"12/03/2024";"ALAGOAS";"Pariconha";"AL";"Lixão do município de Pariconha";"Área rural";"";"";"";"Pariconha";"AL";"";"";""
11513;"2024";"2023";"05/02/2024";"12/03/2024";"ALAGOAS";"Passo de Camaragibe";"AL";"Lixão do município de Passo de Camaragibe";"Área rural";"";"";"";"Passo de Camaragibe";"AL";"";"";""
11513;"2024";"2023";"05/02/2024";"12/03/2024";"ALAGOAS";"";"AL";"Lixão do município de Piaçabuçu";"Área rural";"";"";"";"";"";"";"";""
11513;"2024";"2023";"05/02/2024";"12/03/2024";"ALAGOAS";"Porto Real do Colégio";"AL";"Lixão do município de Porto Real do Colégio";"Área rural";"";"";"";"Porto Real do Colégio";"AL";"";"";""
11513;"2024";"2023";"05/02/2024";"12/03/2024";"ALAGOAS";"Piranhas";"AL";"Lixão do município de Piranhas";"Área rural";"";"";"";"Piranhas";"AL";"";"";""
11513;"2024";"2023";"05/02/2024";"12/03/2024";"ALAGOAS";"Atalaia";"AL";"Lixão do município de Atalaia";"Área rural";"";"";"";"Atalaia";"AL";"";"";""
11513;"2024";"2023";"05/02/2024";"12/03/2024";"ALAGOAS";"Branquinha";"AL";"Lixão do município de Branquinha";"Área urbana";"";"";"";"Branquinha";"AL";"";"";""
11513;"2024";"2023";"05/02/2024";"12/03/2024";"ALAGOAS";"Cajueiro";"AL";"Lixão do município de Cajueiro";"Área rural";"";"";"";"Cajueiro";"AL";"";"";""
11513;"2024";"2023";"05/02/2024";"12/03/2024";"ALAGOAS";"Capela";"AL";"Lixão do município de Capela";"Área rural";"";"";"";"Capela";"AL";"";"";""
11513;"2024";"2023";"05/02/2024";"12/03/2024";"ALAGOAS";"Ibateguara";"AL";"Lixão do município de Ibateguara";"Área rural";"";"";"";"Ibateguara";"AL";"";"";""
11513;"2024";"2023";"05/02/2024";"12/03/2024";"ALAGOAS";"Mar Vermelho";"AL";"Lixão do município de Mar Vermelho";"Área rural";"";"";"";"Mar Vermelho";"AL";"";"";""
11513;"2024";"2023";"05/02/2024";"12/03/2024";"ALAGOAS";"Paulo Jacinto";"AL";"Lixão do município de Paulo Jacinto";"Área rural";"";"";"";"Paulo Jacinto";"AL";"";"";""
11513;"2024";"2023";"05/02/2024";"12/03/2024";"ALAGOAS";"Pindoba";"AL";"Lixão do município de Pindoba";"Área rural";"";"";"";"Pindoba";"AL";"";"";""
11513;"2024";"2023";"05/02/2024";"12/03/2024";"ALAGOAS";"Santana do Mundaú";"AL";"Lixão do município de Santana do Mundaú";"Área rual";"";"";"";"Santana do Mundaú";"AL";"";"";""
11513;"2024";"2023";"05/02/2024";"12/03/2024";"ALAGOAS";"União dos Palmares";"AL";"Lixão do município de União dos Palmares";"Área rural";"";"";"";"União dos Palmares";"AL";"";"";""
11513;"2024";"2023";"05/02/2024";"12/03/2024";"ALAGOAS";"Viçosa";"AL";"Lixão município de Viçosa";"Área rural";"";"";"";"Viçosa";"AL";"";"";""
11513;"2024";"2023";"05/02/2024";"12/03/2024";"ALAGOAS";"Murici";"AL";"Lixão do município de Murici";"Área rural";"";"";"";"Murici";"AL";"";"";""
11513;"2024";"2023";"05/02/2024";"12/03/2024";"ALAGOAS";"Chã Preta";"AL";"Lixão do município de Chã Preta";"Área rural";"";"";"";"Chã Preta";"AL";"";"";""
11513;"2024";"2023";"05/02/2024";"12/03/2024";"ALAGOAS";"São José da Laje";"AL";"Lixão do município de São José da Laje";"Área rural";"";"";"";"São José da Laje";"AL";"";"";""
11513;"2024";"2023";"05/02/2024";"12/03/2024";"ALAGOAS";"Arapiraca";"AL";"Lixão do município de Arapiraca";"Área urbana";"";"";"";"Arapiraca";"AL";"";"";""
11513;"2024";"2023";"05/02/2024";"12/03/2024";"ALAGOAS";"Belém";"AL";"Lixão do município de Belém";"Área rural";"";"";"";"Belém";"AL";"";"";""
11513;"2024";"2023";"05/02/2024";"12/03/2024";"ALAGOAS";"Estrela de Alagoas";"AL";"Lixão do município de Estrela de Alagoas";"área rural";"";"";"";"Estrela de Alagoas";"AL";"";"";""
11513;"2024";"2023";"05/02/2024";"12/03/2024";"ALAGOAS";"Girau do Ponciano";"AL";"Lixão do município de Girau do Ponciano";"Área urbana";"";"";"";"Girau do Ponciano";"AL";"";"";""
11513;"2024";"2023";"05/02/2024";"12/03/2024";"ALAGOAS";"Igaci";"AL";"Lixão do município de Igaci";"Área rural";"";"";"";"Igaci";"AL";"";"";""
11513;"2024";"2023";"05/02/2024";"12/03/2024";"ALAGOAS";"Limoeiro de Anadia";"AL";"Lixão do município de Limoeiro do Anadia";"área rural";"";"";"";"Limoeiro de Anadia";"AL";"";"";""
11513;"2024";"2023";"05/02/2024";"12/03/2024";"ALAGOAS";"Campo Grande";"AL";"Lixão do município de Campo Grande";"Área rural";"";"";"";"Campo Grande";"AL";"";"";""
11513;"2024";"2023";"05/02/2024";"12/03/2024";"ALAGOAS";"Lagoa da Canoa";"AL";"Lixão do município de Lagoa da Canoa";"Área urbana";"";"";"";"Lagoa da Canoa";"AL";"";"";""
11513;"2024";"2023";"05/02/2024";"12/03/2024";"ALAGOAS";"";"AL";"Lixão do município de Coité do Nóia";"Área rural";"";"";"";"";"";"";"";""
11513;"2024";"2023";"05/02/2024";"12/03/2024";"ALAGOAS";"Feira Grande";"AL";"Lixão do município de Feira Grande";"área rural";"";"";"";"Feira Grande";"AL";"";"";""
11513;"2024";"2023";"05/02/2024";"12/03/2024";"ALAGOAS";"Maribondo";"AL";"Lixão do município de Maribondo";"área rural";"";"";"";"Maribondo";"AL";"";"";""
11513;"2024";"2023";"05/02/2024";"12/03/2024";"ALAGOAS";"Craíbas";"AL";"Lixão do município de Craíbas";"Área urbana";"";"";"";"Craíbas";"AL";"";"";""
11513;"2024";"2023";"05/02/2024";"12/03/2024";"ALAGOAS";"Minador do Negrão";"AL";"Lixão do município de Minador do Negrão";"";"";"";"";"Minador do Negrão";"AL";"";"";""
11513;"2024";"2023";"05/02/2024";"12/03/2024";"ALAGOAS";"";"AL";"Lixão do município de Quebrangulo";"Área rural";"";"";"";"";"";"";"";""
11513;"2024";"2023";"05/02/2024";"12/03/2024";"ALAGOAS";"";"AL";"Lixão do município de Olho d’Água Grande";" área rural";"";"";"";"";"";"";"";""
11513;"2024";"2023";"05/02/2024";"12/03/2024";"ALAGOAS";"Batalha";"AL";"Lixão do município de Batalha";"Área rural";"";"";"";"Batalha";"AL";"";"";""
11513;"2024";"2023";"05/02/2024";"12/03/2024";"ALAGOAS";"Belo Monte";"AL";"Lixão do município de Belo Monte";"área rural";"";"";"";"Belo Monte";"AL";"";"";""
11513;"2024";"2023";"05/02/2024";"12/03/2024";"ALAGOAS";"Maravilha";"AL";"Lixão do município de Maravilha";"área rural";"";"";"";"Maravilha";"AL";"";"";""
11513;"2024";"2023";"05/02/2024";"12/03/2024";"ALAGOAS";"Palestina";"AL";"Lixão do município de Palestina";"área rural";"";"";"";"Palestina";"AL";"";"";""
11513;"2024";"2023";"05/02/2024";"12/03/2024";"ALAGOAS";"";"AL";"Lixão do município de Pão de Açúcar";"área rural";"";"";"";"";"";"";"";""
11513;"2024";"2023";"05/02/2024";"12/03/2024";"ALAGOAS";"Santana do Ipanema";"AL";"Lixão do município de Santana do Ipanema";"área rural";"";"";"";"Santana do Ipanema";"AL";"";"";""
11513;"2024";"2023";"05/02/2024";"12/03/2024";"ALAGOAS";"";"AL";"Lixão do município de São José da Tapera";"área rural";"";"";"";"";"";"";"";""
11513;"2024";"2023";"05/02/2024";"12/03/2024";"ALAGOAS";"Paripueira";"AL";"Lixão do município de Paripueira";"Área urbana";"";"";"";"Paripueira";"AL";"";"";""
11513;"2024";"2023";"05/02/2024";"12/03/2024";"ALAGOAS";"Pilar";"AL";"Lixão do município de Pilar";"Área rural";"";"";"";"Pilar";"AL";"";"";""
11513;"2024";"2023";"05/02/2024";"12/03/2024";"ALAGOAS";"";"AL";"Lixão do município de Poço das Trincheiras";"área rural";"";"";"";"";"";"";"";""
11513;"2024";"2023";"05/02/2024";"12/03/2024";"ALAGOAS";"BARRA DE SANTO ANTÔNIO";"AL";"Lixão do município de Barra de Santo Antônio";"Área Rural";"";"";"";"BARRA DE SANTO ANTÔNIO";"AL";"";"";""
11513;"2024";"2023";"05/02/2024";"12/03/2024";"ALAGOAS";"Major Isidoro";"AL";"Lixão do município de Major Isidoro";"área rural";"";"";"";"Major Isidoro";"AL";"";"";""
11513;"2024";"2023";"05/02/2024";"12/03/2024";"ALAGOAS";"Jaramataia";"AL";"Lixão do município de Jaramataia";"área rural";"";"";"";"Jaramataia";"AL";"";"";""
11513;"2024";"2023";"05/02/2024";"12/03/2024";"ALAGOAS";"Jacaré dos Homens";"AL";"Lixão do município de Jacaré dos Homens";"Área rural";"";"";"";"Jacaré dos Homens";"AL";"";"";""
11513;"2024";"2023";"05/02/2024";"12/03/2024";"ALAGOAS";"Dois Riachos";"AL";"Lixão do município de Dois Riachos";"Área rural";"";"";"";"Dois Riachos";"AL";"";"";""
11513;"2024";"2023";"05/02/2024";"12/03/2024";"ALAGOAS";"";"AL";"Lixão do município de Ouro Branco";"área rural";"";"";"";"";"";"";"";""
11513;"2024";"2023";"05/02/2024";"12/03/2024";"ALAGOAS";"";"AL";"Lixão do município de Olho d’Água das Flores";"área rural";"";"";"";"";"";"";"";""
11513;"2024";"2023";"05/02/2024";"12/03/2024";"ALAGOAS";"Coqueiro Seco";"AL";"Lixão do município de Coqueiro Seco";"Área rural";"";"";"";"Coqueiro Seco";"AL";"";"";""
11513;"2024";"2023";"05/02/2024";"12/03/2024";"ALAGOAS";"Carneiros";"AL";"Lixão do município de Carneiros";"Área rural";"";"";"";"Carneiros";"AL";"";"";""
11513;"2024";"2023";"05/02/2024";"12/03/2024";"ALAGOAS";"Marechal Deodoro";"AL";"Lixão do município de Marechal Deodoro";"Área rural";"";"";"";"Marechal Deodoro";"AL";"";"";""
11513;"2024";"2023";"05/02/2024";"12/03/2024";"ALAGOAS";"";"AL";"Lixão do município de Traipu";"área rural";"";"";"";"";"";"";"";""
11513;"2024";"2023";"05/02/2024";"12/03/2024";"ALAGOAS";"";"AL";"Lixão do município de Taquarana";"área rural";"";"";"";"";"";"";"";""
11513;"2024";"2023";"05/02/2024";"12/03/2024";"ALAGOAS";"Messias";"AL";"Lixão do município de Messias";"Área rural";"";"";"";"Messias";"AL";"";"";""
11513;"2024";"2023";"05/02/2024";"12/03/2024";"ALAGOAS";"São Sebastião";"AL";"Lixão do município de São Sebastião";"área rural";"";"";"";"São Sebastião";"AL";"";"";""
11490;"2024";"2023";"17/01/2024";"17/01/2024";"MARANHÃO";"";"MA";"";"";"";"";"";"";"";"";"";""
12580;"2024";"2023";"29/04/2024";"29/04/2024";"Minas Gerais";"";"MG";"";"";"";"";"";"";"";"";"";""
11498;"2024";"2023";"23/01/2024";"19/02/2024";"MATO GROSSO DO SUL";"";"MS";"";"";"";"";"";"";"";"";"";""
12286;"2024";"2023";"23/04/2024";"30/04/2024";"MATO GROSSO";"Barão de Melgaço";"MT";"Lixão em uso coordenadas (Lat;Lon) -16° 12' 22"" ; -55° 56' 54""";"xx";"00";"xx";"xx";"Barão de Melgaço";"MT";"78000-000";"";""
12286;"2024";"2023";"23/04/2024";"30/04/2024";"MATO GROSSO";"Acorizal";"MT";"Lixão em uso, coordenadas (Lat;Lon) -15° 11' 19"";-56° 21' 25.00""";"XX";"00";"XX";"XX";"Acorizal";"MT";"78000-000";"";""
12286;"2024";"2023";"23/04/2024";"30/04/2024";"MATO GROSSO";"Água Boa";"MT";"Lixão desativado coordenadas (Lat;Lon) -14° 5' 32"" ; -52° 11' 39""";"xx";"00";"xx";"xx";"Água Boa";"MT";"78000-000";"";""
12286;"2024";"2023";"23/04/2024";"30/04/2024";"MATO GROSSO";"Apiacás";"MT";"Lixão em uso coordenadas (Lat;Lon) -9° 25' 49,79"" ; -57° 13' 31.34""";"xx";"00";"xx";"xx";"Apiacás";"MT";"78000-000";"";""
12286;"2024";"2023";"23/04/2024";"30/04/2024";"MATO GROSSO";"Bom Jesus do Araguaia";"MT";"Lixão em uso coordenadas (Lat;Lon) -12° 12' 58.7"" ; -51° 30' 45113""";"XX";"00";"XX";"XX";"Bom Jesus do Araguaia";"MT";"78000-000";"";""
12286;"2024";"2023";"23/04/2024";"30/04/2024";"MATO GROSSO";"Cáceres";"MT";"Lixão desativado coordenadas (Lat;Lon) -16° 2' 56.94"" ; -57° 34' 19.56""";"XX";"00";"XX";"XX";"Cáceres";"MT";"78000-000";"";""
12286;"2024";"2023";"23/04/2024";"30/04/2024";"MATO GROSSO";"Chapada dos Guimarães";"MT";"Lixão em uso coordenadas (Lat;Lon) -11° 9' 25,5"" ; -58° 36' 42.76""";"XX";"00";"XX";"XX";"Chapada dos Guimarães";"MT";"78000-000";"";""
12286;"2024";"2023";"23/04/2024";"30/04/2024";"MATO GROSSO";"Cocalinho";"MT";"Lixão em uso coordenadas (Lat;Lon) -14° 23' 52,39"" ; -51° 1' 58.83""";"xx";"00";"xx";"xx";"Cocalinho";"MT";"78000-000";"";""
12286;"2024";"2023";"23/04/2024";"30/04/2024";"MATO GROSSO";"Conquista D'Oeste";"MT";"Lixão desativado coordenadas (Lat;Lon) -14° 33' 30.64"" ; -59° 32' 53.01""";"xx";"00";"xx";"xx";"Conquista D'Oeste";"MT";"78000-000";"";""
12286;"2024";"2023";"23/04/2024";"30/04/2024";"MATO GROSSO";"Nova Brasilândia";"MT";"Lixão em uso coordenadas (Lat;Lon) -14° 57' 41,85"" ; -55° 0' 33.76""";"XX";"00";"XX";"XX";"Nova Brasilândia";"MT";"78000-000";"";""
12286;"2024";"2023";"23/04/2024";"30/04/2024";"MATO GROSSO";"Guiratinga";"MT";"Lixão em uso coordenadas (Lat;Lon) -16° 21' 32,19"" ; -53° 41' 41.7""";"xx";"00";"xx";"xx";"Guiratinga";"MT";"78000-000";"";""
12286;"2024";"2023";"23/04/2024";"30/04/2024";"MATO GROSSO";"Itaúba";"MT";"Lixão desativado coordenadas (Lat;Lon) -11° 2' 1"" ; -55° 14' 43""";"xx";"00";"xx";"xx";"Itaúba";"MT";"78000-000";"";""
12286;"2024";"2023";"23/04/2024";"30/04/2024";"MATO GROSSO";"Pontal do Araguaia";"MT";"Lixão em uso coordenadas (Lat;Lon) -15° 55' 37"" ; -52° 15' 37""";"XX";"00";"XX";"XX";"Pontal do Araguaia";"MT";"78000-000";"";""
12286;"2024";"2023";"23/04/2024";"30/04/2024";"MATO GROSSO";"Jauru";"MT";"Lixão desativado coordenadas (Lat;Lon) -15° 21' 2,85"" ; -58° 53' 3.63""";"xx";"00";"xx";"xx";"Jauru";"MT";"78000-000";"";""
12286;"2024";"2023";"23/04/2024";"30/04/2024";"MATO GROSSO";"Porto Alegre do Norte";"MT";"Lixão em uso coordenadas (Lat;Lon) -10° 55' 41"" ; -51° 36' 55""";"XX";"00";"XX";"XX";"Porto Alegre do Norte";"MT";"78000-000";"";""
12286;"2024";"2023";"23/04/2024";"30/04/2024";"MATO GROSSO";"Alta Floresta";"MT";"Lixão em uso coordenadas (Lat;Lon) -9° 56' 14"" ; -55° 54' 54""";"xx";"00";"xx";"xx";"Alta Floresta";"MT";"78000-000";"";""
12286;"2024";"2023";"23/04/2024";"30/04/2024";"MATO GROSSO";"Barra do Garças";"MT";"Lixão em uso coordenadas (Lat;Lon) -15° 52' 13"" ; -52° 11' 11""";"xx";"00";"xx";"xx";"Barra do Garças";"MT";"78000-00";"";""
12286;"2024";"2023";"23/04/2024";"30/04/2024";"MATO GROSSO";"Campo Verde";"MT";"Lixão desativado coordenadas (Lat;Lon) -15° 31' 8"" ; 55° 9' 4""";"XX";"00";"XX";"XX";"Campo Verde";"MT";"78000-000";"";""
12286;"2024";"2023";"23/04/2024";"30/04/2024";"MATO GROSSO";"Canarana";"MT";"Lixão desativado coordenadas (Lat;Lon) -13° 31' 32"" ; -52° 16' 37""";"XX";"00";"XX";"XX";"Canarana";"MT";"78000-000";"";""
12286;"2024";"2023";"23/04/2024";"30/04/2024";"MATO GROSSO";"Pontes e Lacerda";"MT";"Lixão em uso coordenadas (Lat;Lon) -15° 19' 25"" ; -59° 14' 36""";"XX";"00";"XX";"XX";"Pontes e Lacerda";"MT";"78000-000";"";""
12286;"2024";"2023";"23/04/2024";"30/04/2024";"MATO GROSSO";"Alta Floresta";"MT";"Lixão desativado coordenadas (Lat;Lon) -9° 50' 43,38"" ; -56° 2' 27.24""";"xx";"00";"xx";"xx";"Alta Floresta";"MT";"78000-000";"";""
12286;"2024";"2023";"23/04/2024";"30/04/2024";"MATO GROSSO";"Aripuanã";"MT";"Lixão em uso coordenadas (Lat;Lon) -10° 13' 20,01"" ; -59° 24' 39""";"xx";"00";"xx";"xx";"Aripuanã";"MT";"78000-000";"";""
12286;"2024";"2023";"23/04/2024";"30/04/2024";"MATO GROSSO";"Campo Novo do Parecis";"MT";"Lixão em uso coordenadas (Lat;Lon) -13° 41' 10,59"" ; -57° 45' 35.96""";"XX";"00";"XX";"XX";"Campo Novo do Parecis";"MT";"78000-000";"";""
12286;"2024";"2023";"23/04/2024";"30/04/2024";"MATO GROSSO";"Nova Guarita";"MT";"Lixão desativado coordenadas (Lat;Lon) -10° 20' 2,33"" ; -55° 23' 21.1""";"XX";"00";"XX";"XX";"Nova Guarita";"MT";"78000-000";"";""
12286;"2024";"2023";"23/04/2024";"30/04/2024";"MATO GROSSO";"Nova Lacerda";"MT";"Lixão em uso coordenadas (Lat;Lon) -14° 27' 17,87"" ; -59° 34' 19.78""";"XX";"00";"XX";"XX";"Nova Lacerda";"MT";"78000-000";"";""
12286;"2024";"2023";"23/04/2024";"30/04/2024";"MATO GROSSO";"Alto Araguaia";"MT";"Lixão em uso coordenadas (Lat;Lon) -17° 24' 16"" ; -53° 15' 18""";"xx";"00";"xx";"xx";"Alto Araguaia";"MT";"78000-000";"";""
12286;"2024";"2023";"23/04/2024";"30/04/2024";"MATO GROSSO";"Alto Garças";"MT";"Lixão em uso coordenadas (Lat;Lon) -16° 57' 10,67"" ; -53° 31' 11.45""";"xx";"00";"xx";"xx";"Alto Garças";"MT";"78000-000";"";""
12286;"2024";"2023";"23/04/2024";"30/04/2024";"MATO GROSSO";"Alto Boa Vista";"MT";"Lixão em uso coordenadas (Lat;Lon) -11° 43' 35"" ; -51° 21' 35""";"xx";"00";"xx";"xx";"Alto Boa Vista";"MT";"78000-000";"";""
12286;"2024";"2023";"23/04/2024";"30/04/2024";"MATO GROSSO";"Alto Paraguai";"MT";"Lixão em uso coordenadas (Lat;Lon) -14° 29' 30,01"" ; -56° 29' 47""";"xx";"00";"xx";"xx";"Alto Paraguai";"MT";"78000-000";"";""
12286;"2024";"2023";"23/04/2024";"30/04/2024";"MATO GROSSO";"Brasnorte";"MT";"Lixão em uso coordenadas (Lat;Lon) -12° 7' 40,01"" ; -57° 57' 53""";"XX";"00";"XX";"XX";"Brasnorte";"MT";"78000-000";"";""
12286;"2024";"2023";"23/04/2024";"30/04/2024";"MATO GROSSO";"Brasnorte";"MT";"Lixão em uso coordenadas (Lat;Lon) -12° 7' 40,01"" ; -57° 57' 53""";"XX";"00";"XX";"XX";"Brasnorte";"MT";"78000-000";"";""
12286;"2024";"2023";"23/04/2024";"30/04/2024";"MATO GROSSO";"Nortelândia";"MT";"Lixão em uso coordenadas (Lat;Lon) -14° 28' 14,9"" ; -56° 48' 46.05""";"xx";"00";"xx";"xx";"Nortelândia";"MT";"78000-000";"";""
12286;"2024";"2023";"23/04/2024";"30/04/2024";"MATO GROSSO";"Curvelândia";"MT";"Lixão desativado coordenadas (Lat;Lon) -15° 36' 7,43"" ; -57° 54' 5.92""";"xx";"00";"xx";"xx";"Curvelândia";"MT";"78000-000";"";""
12286;"2024";"2023";"23/04/2024";"30/04/2024";"MATO GROSSO";"Planalto da Serra";"MT";"Lixão em uso coordenadas (Lat;Lon) -14° 41' 1,74"" ; -54° 45' 9.7""";"XX";"00";"XX";"XX";"Planalto da Serra";"MT";"78000-000";"";""
12286;"2024";"2023";"23/04/2024";"30/04/2024";"MATO GROSSO";"Ponte Branca";"MT";"Lixão em uso coordenadas (Lat;Lon) -16° 45' 10,01"" ; -52° 50' 39""";"XX";"00";"XX";"XX";"Ponte Branca";"MT";"78000-000";"";""
12286;"2024";"2023";"23/04/2024";"30/04/2024";"MATO GROSSO";"Juruena";"MT";"Lixão em uso coordenadas (Lat;Lon) -10° 21' 15,2"" ; -58° -' 35.7""";"xx";"00";"xx";"xx";"Juruena";"MT";"78000-000";"";""
12286;"2024";"2023";"23/04/2024";"30/04/2024";"MATO GROSSO";"Alto Taquari";"MT";"Lixão em uso coordenadas (Lat;Lon) -17° 52' 4"" ; -53° 15' 50.01""";"xx";"00";"xx";"xx";"Alto Taquari";"MT";"78000-000";"";""
12286;"2024";"2023";"23/04/2024";"30/04/2024";"MATO GROSSO";"Araguaiana";"MT";"Lixão em uso coordenadas (Lat;Lon) -15° 40' 52.67"" ; -51° 50' 42.82""";"xx";"00";"xx";"xx";"Araguaiana";"MT";"78000-000";"";""
12286;"2024";"2023";"23/04/2024";"30/04/2024";"MATO GROSSO";"Araputanga";"MT";"Lixão em uso coordenadas (Lat;Lon) -15° 30' 14"" ; -58° 19' 52""";"xx";"00";"xx";"xx";"Araputanga";"MT";"78000-000";"";""
12286;"2024";"2023";"23/04/2024";"30/04/2024";"MATO GROSSO";"Arenápolis";"MT";"Lixão em uso coordenadas (Lat;Lon) -14° 28' 15,38"" ; -56° 48' 42.93""";"xx";"00";"xx";"xx";"Arenápolis";"MT";"78000-000";"";""
12286;"2024";"2023";"23/04/2024";"30/04/2024";"MATO GROSSO";"Barra do Bugres";"MT";"Lixão em uso coordenadas (Lat;Lon) -15° 2' 6"" ; -57° 11' 12""";"xx";"00";"xx";"xx";"Barra do Bugres";"MT";"78000-000";"";""
12286;"2024";"2023";"23/04/2024";"30/04/2024";"MATO GROSSO";"Barra do Bugres";"MT";"Lixão em uso coordenadas (Lat;Lon) -15° 2' 6"" ; -57° 11' 12""";"xx";"00";"xx";"xx";"Barra do Bugres";"MT";"78000-000";"";""
12286;"2024";"2023";"23/04/2024";"30/04/2024";"MATO GROSSO";"Barra do Garças";"MT";"Lixão em uso coordenadas (Lat;Lon) -15° 52' 13"" ; -52° 11' 11""";"xx";"00";"xx";"xx";"Barra do Garças";"MT";"78000-00";"";""
12286;"2024";"2023";"23/04/2024";"30/04/2024";"MATO GROSSO";"Bom Jesus do Araguaia";"MT";"Lixão desativado coordenadas (Lat;Lon) -12° 10' 44"" ; -51° 32' 4""";"XX";"00";"XX";"XX";"Bom Jesus do Araguaia";"MT";"78000-00";"";""
12286;"2024";"2023";"23/04/2024";"30/04/2024";"MATO GROSSO";"Campo Novo do Parecis";"MT";"Lixão em uso coordenadas (Lat;Lon) -13° 41' 10,59"" ; -57° 45' 35.96""";"XX";"00";"XX";"XX";"Campo Novo do Parecis";"MT";"78000-000";"";""
12286;"2024";"2023";"23/04/2024";"30/04/2024";"MATO GROSSO";"Campos de Júlio";"MT";"Lixão desativado coordenadas (Lat;Lon) -13° 42' 10,01"" ; -59° 14' 22""";"XX";"00";"XX";"XX";"Campos de Júlio";"MT";"78000-000";"";""
12286;"2024";"2023";"23/04/2024";"30/04/2024";"MATO GROSSO";"Campos de Júlio";"MT";"Lixão desativado coordenadas (Lat;Lon) -13° 42' 10,01"" ; -59° 14' 22""";"XX";"00";"XX";"XX";"Campos de Júlio";"MT";"78000-000";"";""
12286;"2024";"2023";"23/04/2024";"30/04/2024";"MATO GROSSO";"Campos de Júlio";"MT";"Lixão desativado coordenadas (Lat;Lon) -13° 41' 58.94"" ; -59° 14' 51.12""";"XX";"00";"XX";"XX";"Campos de Júlio";"MT";"78000-000";"";""
12286;"2024";"2023";"23/04/2024";"30/04/2024";"MATO GROSSO";"Canabrava do Norte";"MT";"Lixão em uso coordenadas (Lat;Lon) -11° 1' 35,52"" ; -51° 47' 52.56""";"XX";"00";"XX";"XX";"Canabrava do Norte";"MT";"78000-000";"";""
12286;"2024";"2023";"23/04/2024";"30/04/2024";"MATO GROSSO";"Carlinda";"MT";"Lixão em uso coordenadas (Lat;Lon) -9° 56' 27.66"" ; -55° 54' 58.85""";"XX";"00";"XX";"XX";"Carlinda";"MT";"";"";""
12286;"2024";"2023";"23/04/2024";"30/04/2024";"MATO GROSSO";"Cláudia";"MT";"Lixão desativado coordenadas (Lat;Lon) -11° 28' 47,54"" ; -54° 51' 4.5""";"XX";"00";"xx";"xx";"Cláudia";"MT";"78000-000";"";""
12286;"2024";"2023";"23/04/2024";"30/04/2024";"MATO GROSSO";"";"MT";"Lixão desativado coordenadas (Lat;Lon) -10° 49' 43,7"" ; -55° 26' 7.04""";"xx";"00";"xx";"xx";"";"";"78000-000";"";""
12286;"2024";"2023";"23/04/2024";"30/04/2024";"MATO GROSSO";"Colniza";"MT";"Lixão em uso coordenadas (Lat;Lon) -9° 25' 39,41"" ; -59° 15' 37.51""";"xx";"00";"xx";"xx";"Colniza";"MT";"78000-000";"";""
12286;"2024";"2023";"23/04/2024";"30/04/2024";"MATO GROSSO";"Comodoro";"MT";"Lixão desativado coordenadas (Lat;Lon) -13° 39' 54,69"" ; -59° 50' 12.45""";"xx";"00";"xx";"xx";"Comodoro";"MT";"78000-000";"";""
12286;"2024";"2023";"23/04/2024";"30/04/2024";"MATO GROSSO";"Confresa";"MT";"Lixão em uso coordenadas (Lat;Lon) -10° 40' 38"" ; -51° 33' 58""";"xx";"00";"xx";"xx";"Confresa";"MT";"78000-000";"";""
12286;"2024";"2023";"23/04/2024";"30/04/2024";"MATO GROSSO";"";"MT";"Lixão em uso coordenadas (Lat;Lon) -15° 40' 49,57"" ; -56° 15' 30.62""";"XX";"00";"XX";"XX";"";"";"78000-000";"";""
12286;"2024";"2023";"23/04/2024";"30/04/2024";"MATO GROSSO";"Cotriguaçu";"MT";"Lixão em uso coordenadas (Lat;Lon) -9° 55' 20,9"" ; -58° 36' 24""";"xx";"00";"xx";"xx";"Cotriguaçu";"MT";"78000-000";"";""
12286;"2024";"2023";"23/04/2024";"30/04/2024";"MATO GROSSO";"";"MT";"Lixão desativado coordenadas (Lat;Lon) -15° 30' 14,94"" ; -56° 1' 47.24""";"xx";"00";"xx";"xx";"";"";"78000-000";"";""
12286;"2024";"2023";"23/04/2024";"30/04/2024";"MATO GROSSO";"Nova Canãa do Norte";"MT";"Lixão em uso coordenadas (Lat;Lon) -10° 37' 48,8"" ; -55° 41' 45.4""";"XX";"00";"XX";"XX";"Nova Canãa do Norte";"MT";"78000-000";"";""
12286;"2024";"2023";"23/04/2024";"30/04/2024";"MATO GROSSO";"Denise";"MT";"Lixão em uso coordenadas (Lat;Lon) -14° 42' 41,34"" ; -57° 3' 6.3""";"xx";"00";"xx";"xx";"Denise";"MT";"78000-000";"";""
12286;"2024";"2023";"23/04/2024";"30/04/2024";"MATO GROSSO";"Dom Aquino";"MT";"Lixão em uso coordenadas (Lat;Lon) -15° 48' 8,24"" ; -54° 55' 34.62""";"xx";"00";"xx";"xx";"Dom Aquino";"MT";"78000-000";"";""
12286;"2024";"2023";"23/04/2024";"30/04/2024";"MATO GROSSO";"Feliz Natal";"MT";"Lixão desativado coordenadas (Lat;Lon) -12° 23' 58,88"" ; -54° 57' 28.45""";"xx";"00";"xx";"xx";"Feliz Natal";"MT";"78000-000";"";""
12286;"2024";"2023";"23/04/2024";"30/04/2024";"MATO GROSSO";"Nova Maringá";"MT";"Lixão em uso coordenadas (Lat;Lon) -13° 1' 2,36"" ; -57° 4' 53.36""";"XX";"00";"XX";"XX";"Nova Maringá";"MT";"78000-000";"";""
12286;"2024";"2023";"23/04/2024";"30/04/2024";"MATO GROSSO";"Figueirópolis D'Oeste";"MT";"Lixão em uso coordenadas (Lat;Lon) -15° 27' 36,28"" ; -58° 45' 7.15""";"xx";"00";"xx";"xx";"Figueirópolis D'Oeste";"MT";"78000-000";"";""
12286;"2024";"2023";"23/04/2024";"30/04/2024";"MATO GROSSO";"Nova Monte Verde";"MT";"Lixão em uso coordenadas (Lat;Lon) -9° 57' 55,79"" ; -57° 30' 25.13""";"XX";"00";"XX";"XX";"Nova Monte Verde";"MT";"78000-000";"";""
12286;"2024";"2023";"23/04/2024";"30/04/2024";"MATO GROSSO";"Gaúcha do Norte";"MT";"Lixão em uso coordenadas (Lat;Lon) -13° 12' 8"" ; -53° 18' 23""";"xx";"00";"xx";"xx";"Gaúcha do Norte";"MT";"78000-000";"";""
12286;"2024";"2023";"23/04/2024";"30/04/2024";"MATO GROSSO";"Nova Nazaré";"MT";"Lixão desativado coordenadas (Lat;Lon) -13° 58' 32"" ; -57° 30' 25.13""";"XX";"00";"XX";"XX";"Nova Nazaré";"MT";"78000-000";"";""
12286;"2024";"2023";"23/04/2024";"30/04/2024";"MATO GROSSO";"Nova Olímpia";"MT";"Lixão em uso coordenadas (Lat;Lon) -14° 45' 47"" ; -57° 15' 31""";"XX";"00";"XX";"XX";"Nova Olímpia";"MT";"78000-000";"";""
12286;"2024";"2023";"23/04/2024";"30/04/2024";"MATO GROSSO";"General Carneiro";"MT";"Lixão em uso coordenadas (Lat;Lon) -15° 42' 19,33"" ; -52° 44' 52.65""";"xx";"00";"xx";"xx";"General Carneiro";"MT";"78000-000";"";""
12286;"2024";"2023";"23/04/2024";"30/04/2024";"MATO GROSSO";"Nova Santa Helena";"MT";"Lixão desativado coordenadas (Lat;Lon) -10° 49' 56"" ; -55° 10' 40.01""";"XX";"00";"XX";"XX";"Nova Santa Helena";"MT";"78000-000";"";""
12286;"2024";"2023";"23/04/2024";"30/04/2024";"MATO GROSSO";"Araguainha";"MT";"Lixão em uso coordenadas (Lat;Lon) -16° 51' 9"" ; -53° 1' 40.01""";"xx";"00";"xx";"xx";"Araguainha";"MT";"78000-000";"";""
12286;"2024";"2023";"23/04/2024";"30/04/2024";"MATO GROSSO";"Campinápolis";"MT";"Lixão desativado coordenadas (Lat;Lon) -14° 33' 28,22"" ; -52° 47' 58.74""";"XX";"00";"XX";"XX";"Campinápolis";"MT";"78000-000";"";""
12286;"2024";"2023";"23/04/2024";"30/04/2024";"MATO GROSSO";"Conquista D'Oeste";"MT";"Lixão em uso coordenadas (Lat;Lon) -14° 33' 6,43"" ; -59° 32' 26.27""";"xx";"00";"xx";"xx";"Conquista D'Oeste";"MT";"78000-000";"";""
12286;"2024";"2023";"23/04/2024";"30/04/2024";"MATO GROSSO";"Nova Bandeirantes";"MT";"Lixão em uso coordenadas (Lat;Lon) -9° 49' 44,9"" ; -57° 50' 56.3""";"XX";"00";"XX";"XX";"Nova Bandeirantes";"MT";"78000-000";"";""
12286;"2024";"2023";"23/04/2024";"30/04/2024";"MATO GROSSO";"Glória D'Oeste";"MT";"Lixão desativado coordenadas (Lat;Lon) -15° 48' 51,5"" ; -58° 18' 56.58""";"xx";"00";"xx";"xx";"Glória D'Oeste";"MT";"78000-000";"";""
12286;"2024";"2023";"23/04/2024";"30/04/2024";"MATO GROSSO";"Novo Horizonte do Norte";"MT";"Lixão desativado coordenadas (Lat;Lon) -11° 26' 45"" ; -57° 22' 0.01""";"XX";"00";"XX";"XX";"Novo Horizonte do Norte";"MT";"78000-000";"";""
12286;"2024";"2023";"23/04/2024";"30/04/2024";"MATO GROSSO";"Novo São Joaquim";"MT";"Lixão desativado coordenadas (Lat;Lon) -14° 54' 35"" ; -53° 0' 20.01""";"XX";"00";"XX";"XX";"Novo São Joaquim";"MT";"78000-000";"";""
12286;"2024";"2023";"23/04/2024";"30/04/2024";"MATO GROSSO";"Paranatinga";"MT";"Lixão desativado coordenadas (Lat;Lon) -14° 28' 7"" ; -54° 2' 18""";"XX";"00";"XX";"XX";"Paranatinga";"MT";"78000-000";"";""
12286;"2024";"2023";"23/04/2024";"30/04/2024";"MATO GROSSO";"Poconé";"MT";"Lixão em uso coordenadas (Lat;Lon) -16° 16' 53"" ; -56° 35' 59""";"XX";"00";"XX";"XX";"Poconé";"MT";"78000-000";"";""
12286;"2024";"2023";"23/04/2024";"30/04/2024";"MATO GROSSO";"Comodoro";"MT";"Lixão desativado coordenadas (Lat;Lon) -13° 39' 54,69"" ; -59° 50' 12.45""";"xx";"00";"xx";"xx";"Comodoro";"MT";"78000-000";"";""
12286;"2024";"2023";"23/04/2024";"30/04/2024";"MATO GROSSO";"Nova Marilândia";"MT";"Lixão em uso coordenadas (Lat;Lon) -14° 21' 43"" ; -56° 58' 55""";"XX";"00";"XX";"XX";"Nova Marilândia";"MT";"78000-000";"";""
12286;"2024";"2023";"23/04/2024";"30/04/2024";"MATO GROSSO";"";"MT";"Lixão desativado coordenadas (Lat;Lon) -11° 16' 27"" ; -57° 33' 57""";"xx";"00";"xx";"xx";"";"";"78000-000";"";""
12286;"2024";"2023";"23/04/2024";"30/04/2024";"MATO GROSSO";"Diamantino";"MT";"Lixão em uso coordenadas (Lat;Lon) -14° 26' 11"" ; -56° 26' 44""";"xx";"00";"xx";"xx";"Diamantino";"MT";"78000-000";"";""
12286;"2024";"2023";"23/04/2024";"30/04/2024";"MATO GROSSO";"Nova Mutum";"MT";"Lixão desativado coordenadas (Lat;Lon) -13° 46' 11"" ; -56° 7' 25""";"XX";"00";"XX";"XX";"Nova Mutum";"MT";"78000-000";"";""
12286;"2024";"2023";"23/04/2024";"30/04/2024";"MATO GROSSO";"Nova Ubiratã";"MT";"Lixão desativado coordenadas (Lat;Lon) -13° 4' 0,01"" ; -55° 10' 34""";"XX";"00";"XX";"XX";"Nova Ubiratã";"MT";"78000-000";"";""
12286;"2024";"2023";"23/04/2024";"30/04/2024";"MATO GROSSO";"Nova Xavantina";"MT";"Lixão desativado coordenadas (Lat;Lon) -14° 37' 12,466"" ; -52° 20' 54.763""";"XX";"00";"XX";"XX";"Nova Xavantina";"MT";"78000-000";"";""
12286;"2024";"2023";"23/04/2024";"30/04/2024";"MATO GROSSO";"Guarantã do Norte";"MT";"Lixão desativado coordenadas (Lat;Lon) -9° 58' 6,66"" ; -54° 56' 14.51""";"xx";"00";"xx";"xx";"Guarantã do Norte";"MT";"78000-000";"";""
12286;"2024";"2023";"23/04/2024";"30/04/2024";"MATO GROSSO";"Novo Mundo";"MT";"Lixão desativado coordenadas (Lat;Lon) -9° 57' 36"" ; -55° 10' 27""";"XX";"00";"XX";"XX";"Novo Mundo";"MT";"78000-000";"";""
12286;"2024";"2023";"23/04/2024";"30/04/2024";"MATO GROSSO";"Indiavaí";"MT";"Lixão desativado coordenadas (Lat;Lon) -15° 29' 18,4"" ; -58° 34' 19.6""";"xx";"00";"xx";"xx";"Indiavaí";"MT";"78000-000";"";""
12286;"2024";"2023";"23/04/2024";"30/04/2024";"MATO GROSSO";"NOVO SANTO ANTÔNIO";"MT";"Lixão desativado coordenadas (Lat;Lon) -12° 16' 44,13"" ; -50° 58' 9.55""";"XX";"00";"XX";"XX";"NOVO SANTO ANTÔNIO";"MT";"78000-000";"";""
12286;"2024";"2023";"23/04/2024";"30/04/2024";"MATO GROSSO";"Itanhangá";"MT";"Lixão desativado coordenadas (Lat;Lon) -12° 13' 57,28"" ; -56° 36' 15.53""";"xx";"00";"xx";"xx";"Itanhangá";"MT";"78000-000";"";""
12286;"2024";"2023";"23/04/2024";"30/04/2024";"MATO GROSSO";"Peixoto de Azevedo";"MT";"Lixão desativado coordenadas (Lat;Lon) -10° 13' 13"" ; -55° 2' 12""";"XX";"00";"XX";"XX";"Peixoto de Azevedo";"MT";"78000-000";"";""
12286;"2024";"2023";"23/04/2024";"30/04/2024";"MATO GROSSO";"Ipiranga do Norte";"MT";"Lixão desativado coordenadas (Lat;Lon) -12° 14' 50,18"" ; -56° 10' 26.6""";"xx";"00";"xx";"xx";"Ipiranga do Norte";"MT";"78000-000";"";""
12286;"2024";"2023";"23/04/2024";"30/04/2024";"MATO GROSSO";"Paranaitá";"MT";"Lixão em uso coordenadas (Lat;Lon) -9° 39' 46,1"" ; -56° 29' 37.3""";"XX";"00";"XX";"XX";"Paranaitá";"MT";"78000-000";"";""
12286;"2024";"2023";"23/04/2024";"30/04/2024";"MATO GROSSO";"Jaciara";"MT";"Lixão desativado coordenadas (Lat;Lon) -15° 57' 12"" ; -55° 0' 28""";"xx";"00";"xx";"xx";"Jaciara";"MT";"78000-000";"";""
12286;"2024";"2023";"23/04/2024";"30/04/2024";"MATO GROSSO";"Pedra Preta";"MT";"Lixão desativado coordenadas (Lat;Lon) -16° 38' 59,1"" ; -54° 27' 17.3""";"XX";"00";"XX";"XX";"Pedra Preta";"MT";"78000-000";"";""
12286;"2024";"2023";"23/04/2024";"30/04/2024";"MATO GROSSO";"Itiquira";"MT";"Lixão desativado coordenadas (Lat;Lon) -17° 11' 46,08"" ; -54° 13' 16.37""";"xx";"00";"xx";"xx";"Itiquira";"MT";"78000-000";"";""
12286;"2024";"2023";"23/04/2024";"30/04/2024";"MATO GROSSO";"Poconé";"MT";"Lixão em uso coordenadas (Lat;Lon) -16° 16' 53"" ; -56° 35' 59""";"XX";"00";"XX";"XX";"Poconé";"MT";"78000-000";"";""
12286;"2024";"2023";"23/04/2024";"30/04/2024";"MATO GROSSO";"Jangada";"MT";"Lixão em uso coordenadas (Lat;Lon) -15° 13' 33,87"" ; -56° 28' 23.11""";"xx";"00";"xx";"xx";"Jangada";"MT";"78000-000";"";""
12286;"2024";"2023";"23/04/2024";"30/04/2024";"MATO GROSSO";"Porto dos Gaúchos";"MT";"Lixão desativado coordenadas (Lat;Lon) -11° 26' 58"" ; -57° 22' 48""";"XX";"00";"XX";"XX";"Porto dos Gaúchos";"MT";"78000-000";"";""
12286;"2024";"2023";"23/04/2024";"30/04/2024";"MATO GROSSO";"Porto Esperidião";"MT";"Lixão desativado coordenadas (Lat;Lon) -15° 51' 16"" ; -58° 30' 2""";"XX";"00";"XX";"XX";"Porto Esperidião";"MT";"78000-000";"";""
12286;"2024";"2023";"23/04/2024";"30/04/2024";"MATO GROSSO";"Porto Esperidião";"MT";"Lixão desativado coordenadas (Lat;Lon) -15° 51' 16"" ; -58° 30' 2""";"XX";"00";"XX";"XX";"Porto Esperidião";"MT";"78000-000";"";""
12286;"2024";"2023";"23/04/2024";"30/04/2024";"MATO GROSSO";"Juscimeira";"MT";"Lixão desativado coordenadas (Lat;Lon) -16° 1' 45"" ; -54° 54' 1""";"xx";"00";"xx";"xx";"Juscimeira";"MT";"78000-000";"";""
12286;"2024";"2023";"23/04/2024";"30/04/2024";"MATO GROSSO";"Primavera do Leste";"MT";"Lixão desativado coordenadas (Lat;Lon) -15° 27' 42"" ; -54° 21' 9""";"XX";"00";"XX";"XX";"Primavera do Leste";"MT";"78000-000";"";""
12286;"2024";"2023";"23/04/2024";"30/04/2024";"MATO GROSSO";"Reserva do Cabaçal";"MT";"Lixão desativado coordenadas (Lat;Lon) -15° 7' 11"" ; -58° 22' 28""";"XX";"00";"XX";"XX";"Reserva do Cabaçal";"MT";"78000-000";"";""
12286;"2024";"2023";"23/04/2024";"30/04/2024";"MATO GROSSO";"Ribeirão Cascalheira";"MT";"Lixão em uso coordenadas (Lat;Lon) -12° 56' 41"" ; -51° 50' 20.01""";"XX";"00";"XX";"XX";"Ribeirão Cascalheira";"MT";"78000-000";"";""
12286;"2024";"2023";"23/04/2024";"30/04/2024";"MATO GROSSO";"Ribeirãozinho";"MT";"Lixão em uso coordenadas (Lat;Lon) -16° 29' 29"" ; -52° 43' 22""";"XX";"00";"XX";"XX";"Ribeirãozinho";"MT";"78000-000";"";""
12286;"2024";"2023";"23/04/2024";"30/04/2024";"MATO GROSSO";"Rio Branco";"MT";"Lixão desativado coordenadas (Lat;Lon) -15° 14' 44"" ; -58° 7' 48""";"XX";"00";"XX";"XX";"Rio Branco";"MT";"78000-000";"";""
12286;"2024";"2023";"23/04/2024";"30/04/2024";"MATO GROSSO";"Matupá";"MT";"Lixão em uso coordenadas (Lat;Lon) -10° 4' 43"" ; -54° 55' 51""";"xx";"00";"xx";"xx";"Matupá";"MT";"78000-000";"";""
12286;"2024";"2023";"23/04/2024";"30/04/2024";"MATO GROSSO";"Rondonópolis";"MT";"Lixão desativado coordenadas (Lat;Lon) -16° 22' 55"" ; -54° 34' 37""";"XX";"00";"XX";"XX";"Rondonópolis";"MT";"78000-000";"";""
12286;"2024";"2023";"23/04/2024";"30/04/2024";"MATO GROSSO";"Rosário Oeste";"MT";"Lixão em uso coordenadas (Lat;Lon) -14° 52' 7"" ; -56° 26' 34""";"XX";"00";"XX";"XX";"Rosário Oeste";"MT";"78000-000";"";""
12286;"2024";"2023";"23/04/2024";"30/04/2024";"MATO GROSSO";"Salto do Céu";"MT";"Lixão desativado coordenadas (Lat;Lon) -15° 8' 8,35"" ; -58° 6' 10.26""";"XX";"00";"XX";"XX";"Salto do Céu";"MT";"78000-000";"";""
12286;"2024";"2023";"23/04/2024";"30/04/2024";"MATO GROSSO";"Santa Rita do Trivelato";"MT";"Lixão desativado coordenadas (Lat;Lon) -13° 49' 3,08"" ; -55° 14' 1.31""";"XX";"00";"XX";"XX";"Santa Rita do Trivelato";"MT";"78000-000";"";""
12286;"2024";"2023";"23/04/2024";"30/04/2024";"MATO GROSSO";"Sapezal";"MT";"Lixão em uso coordenadas (Lat;Lon) -13° 32' 27"" ; -58° 44' 55""";"xx";"00";"xx";"xx";"Sapezal";"MT";"78000-000";"";""
12286;"2024";"2023";"23/04/2024";"30/04/2024";"MATO GROSSO";"Santo Afonso";"MT";"Lixão em uso coordenadas (Lat;Lon) -14° 29' 13,32"" ; -57° 1' 21.56""";"XX";"00";"XX";"XX";"Santo Afonso";"MT";"78000-000";"";""
12286;"2024";"2023";"23/04/2024";"30/04/2024";"MATO GROSSO";"SANTO ANTÔNIO DO LEVERGER";"MT";"Lixão desativado coordenadas (Lat;Lon) -15° 49' 33"" ; -56° 5' 48.87""";"XX";"00";"XX";"XX";"SANTO ANTÔNIO DO LEVERGER";"MT";"78000-000";"";""
12286;"2024";"2023";"23/04/2024";"30/04/2024";"MATO GROSSO";"SANTO ANTÔNIO DO LESTE";"MT";"Lixão em uso coordenadas (Lat;Lon) -14° 46' 22"" ; -53° 36' 45""";"XX";"00";"XX";"XX";"SANTO ANTÔNIO DO LESTE";"MT";"78000-000";"";""
12286;"2024";"2023";"23/04/2024";"30/04/2024";"MATO GROSSO";"Sorriso";"MT";"Lixão desativado coordenadas (Lat;Lon) -12° 29' 59,09"" ; -55° 44' 24.65""";"xx";"00";"xx";"xx";"Sorriso";"MT";"78000-000";"";""
12286;"2024";"2023";"23/04/2024";"30/04/2024";"MATO GROSSO";"São José do Povo";"MT";"Lixão desativado coordenadas (Lat;Lon) -16° 26' 46,95"" ; -54° 19' 8.13""";"XX";"00";"XX";"XX";"São José do Povo";"MT";"78000-000";"";""
12286;"2024";"2023";"23/04/2024";"30/04/2024";"MATO GROSSO";"São José dos Quatro Marcos";"MT";"Lixão desativado coordenadas (Lat;Lon) -15° 38' 20,01"" ; -58° 9' 39""";"XX";"00";"XX";"XX";"São José dos Quatro Marcos";"MT";"78000-000";"";""
12286;"2024";"2023";"23/04/2024";"30/04/2024";"MATO GROSSO";"Torixoréu";"MT";"Lixão em uso coordenadas (Lat;Lon) -16° 11' 46,4"" ; -52° 36' 45.1""";"xx";"00";"xx";"xx";"Torixoréu";"MT";"78000-000";"";""
12286;"2024";"2023";"23/04/2024";"30/04/2024";"MATO GROSSO";"União do Sul";"MT";"Lixão desativado coordenadas (Lat;Lon) -11° 35' 24,16"" ; -54° 24' 39.65""";"xx";"00";"xx";"xx";"União do Sul";"MT";"78000-000";"";""
12286;"2024";"2023";"23/04/2024";"30/04/2024";"MATO GROSSO";"Vera";"MT";"Lixão desativado coordenadas (Lat;Lon) -12° 17' 43"" ; -55° 18' 51""";"xx";"00";"xx";"xx";"Vera";"MT";"78000-000";"";""
12286;"2024";"2023";"23/04/2024";"30/04/2024";"MATO GROSSO";"Porto Estrela";"MT";"Lixão em uso coordenadas (Lat;Lon) -15° 20' 5,23"" ; -57° 13' 12.58""";"XX";"00";"XX";"XX";"Porto Estrela";"MT";"78000-000";"";""
12286;"2024";"2023";"23/04/2024";"30/04/2024";"MATO GROSSO";"Porto Estrela";"MT";"Lixão em uso coordenadas (Lat;Lon) -15° 21' 6,88"" ; -57° 11' 47.38""";"XX";"00";"XX";"XX";"Porto Estrela";"MT";"78000-000";"";""
12286;"2024";"2023";"23/04/2024";"30/04/2024";"MATO GROSSO";"Lucas do Rio Verde";"MT";"Lixão desativado coordenadas (Lat;Lon) -13° 0' 22"" ; -55° 58' 23""";"xx";"00";"xx";"xx";"Lucas do Rio Verde";"MT";"78000-000";"";""
12286;"2024";"2023";"23/04/2024";"30/04/2024";"MATO GROSSO";"QUERÊNCIA";"MT";"Lixão em uso coordenadas (Lat;Lon) -12° 33' 19"" ; -52° 14' 49""";"XX";"00";"XX";"XX";"QUERÊNCIA";"MT";"78000-000";"";""
12286;"2024";"2023";"23/04/2024";"30/04/2024";"MATO GROSSO";"Marcelândia";"MT";"Lixão desativado coordenadas (Lat;Lon) -11° 4' 25,1"" ; -54° 27' 26.1""";"xx";"00";"xx";"xx";"Marcelândia";"MT";"78000-000";"";""
12286;"2024";"2023";"23/04/2024";"30/04/2024";"MATO GROSSO";"Rondolândia";"MT";"Lixão em uso coordenadas (Lat;Lon) -10° 50' 54,01"" ; -61° 26' 53.79""";"XX";"00";"XX";"XX";"Rondolândia";"MT";"78000-000";"";""
12286;"2024";"2023";"23/04/2024";"30/04/2024";"MATO GROSSO";"Nobres";"MT";"Lixão desativado coordenadas (Lat;Lon) -14° 44' 3"" ; -56° 20' 50.01""";"xx";"00";"xx";"xx";"Nobres";"MT";"78000-000";"";""
12286;"2024";"2023";"23/04/2024";"30/04/2024";"MATO GROSSO";"São José do Rio Claro";"MT";"Lixão desativado coordenadas (Lat;Lon) -13° 25' 3"" ; -56° 41' 33""";"XX";"00";"XX";"XX";"São José do Rio Claro";"MT";"78000-000";"";""
12286;"2024";"2023";"23/04/2024";"30/04/2024";"MATO GROSSO";"Terra Nova do Norte";"MT";"Lixão desativado coordenadas (Lat;Lon) -10° 35' 40,01"" ; -55° 5' 49""";"xx";"00";"xx";"xx";"Terra Nova do Norte";"MT";"78000-000";"";""
12286;"2024";"2023";"23/04/2024";"30/04/2024";"MATO GROSSO";"Vale de São Domingos";"MT";"Lixão em uso coordenadas (Lat;Lon) -15° 17' 6"" ; -59° 3' 51""";"xx";"00";"xx";"xx";"Vale de São Domingos";"MT";"78000-000";"";""
12286;"2024";"2023";"23/04/2024";"30/04/2024";"MATO GROSSO";"Várzea Grande";"MT";"Lixão desativado coordenadas (Lat;Lon) -15° 40' 46,8"" ; -56° 15' 28""";"xx";"00";"xx";"xx";"Várzea Grande";"MT";"78000-000";"";""
12286;"2024";"2023";"23/04/2024";"30/04/2024";"MATO GROSSO";"Vila Bela da Santíssima Trindade";"MT";"Lixão em uso coordenadas (Lat;Lon) -15° 1' 37"" ; -59° 50' 8""";"xx";"00";"xx";"xx";"Vila Bela da Santíssima Trindade";"MT";"78000-000";"";""
12286;"2024";"2023";"23/04/2024";"30/04/2024";"MATO GROSSO";"Lambari D'Oeste";"MT";"Lixão desativado coordenadas (Lat;Lon) -15° 19' 30,01"" ; -58° 0' 29""";"xx";"00";"xx";"xx";"Lambari D'Oeste";"MT";"78000-000";"";""
12286;"2024";"2023";"23/04/2024";"30/04/2024";"MATO GROSSO";"Luciara";"MT";"Lixão em uso coordenadas (Lat;Lon) -11° 14' 22"" ; -50° 41' 49""";"xx";"00";"xx";"xx";"Luciara";"MT";"78000-000";"";""
12286;"2024";"2023";"23/04/2024";"30/04/2024";"MATO GROSSO";"Mirassol D'Oeste";"MT";"Lixão desativado coordenadas (Lat;Lon) -15° 38' 23,88"" ; -58° 4' 42.07""";"xx";"00";"xx";"xx";"Mirassol D'Oeste";"MT";"78000-000";"";""
12286;"2024";"2023";"23/04/2024";"30/04/2024";"MATO GROSSO";"Santa Carmem";"MT";"Lixão desativado coordenadas (Lat;Lon) -11° 58' 25"" ; -55° 17' 18.8""";"XX";"00";"XX";"XX";"Santa Carmem";"MT";"78000-000";"";""
12286;"2024";"2023";"23/04/2024";"30/04/2024";"MATO GROSSO";"Santa Cruz do Xingu";"MT";"Lixão em uso coordenadas (Lat;Lon) -10° 11' 30,01"" ; -52° 23' 20.01""";"XX";"00";"XX";"XX";"Santa Cruz do Xingu";"MT";"78000-000";"";""
12286;"2024";"2023";"23/04/2024";"30/04/2024";"MATO GROSSO";"São Pedro da Cipa";"MT";"Lixão em uso coordenadas (Lat;Lon) -16° 1' 45,61"" ; -54° 54' 1.75""";"xx";"00";"xx";"xx";"São Pedro da Cipa";"MT";"78000-000";"";""
12286;"2024";"2023";"23/04/2024";"30/04/2024";"MATO GROSSO";"Tapurah";"MT";"Lixão desativado coordenadas (Lat;Lon) -12° 43' 21"" ; -° 33' 51""";"xx";"00";"xx";"xx";"Tapurah";"MT";"78000-000";"";""
12286;"2024";"2023";"23/04/2024";"30/04/2024";"MATO GROSSO";"Tesouro";"MT";"Lixão desativado coordenadas (Lat;Lon) -16° 5' 39,08"" ; -53° 33' 33.99""";"xx";"00";"xx";"xx";"Tesouro";"MT";"78000-000";"";""
12286;"2024";"2023";"23/04/2024";"30/04/2024";"MATO GROSSO";"Poxoréo";"MT";"Lixão em uso coordenadas (Lat;Lon) -15° 57' 7"" ; -54° 26' 1""";"XX";"00";"XX";"XX";"Poxoréo";"MT";"78000-000";"";""
12286;"2024";"2023";"23/04/2024";"30/04/2024";"MATO GROSSO";"Santa Terezinha";"MT";"Lixão em uso coordenadas (Lat;Lon) -10° 26' 31"" ; -50° 32' 35""";"XX";"00";"XX";"XX";"Santa Terezinha";"MT";"78000-000";"";""
12286;"2024";"2023";"23/04/2024";"30/04/2024";"MATO GROSSO";"Sinop";"MT";"Lixão desativado coordenadas (Lat;Lon) -11° 54' 5"" ; -55° 20' 33""";"xx";"00";"xx";"xx";"Sinop";"MT";"78000-000";"";""
12286;"2024";"2023";"23/04/2024";"30/04/2024";"MATO GROSSO";"Serra Nova Dourada";"MT";"Lixão em uso coordenadas (Lat;Lon) -12° 6' 5,07"" ; -51° 23' 58.11""";"xx";"00";"xx";"xx";"Serra Nova Dourada";"MT";"78000-000";"";""
12286;"2024";"2023";"23/04/2024";"30/04/2024";"MATO GROSSO";"São Félix do Araguaia";"MT";"Lixão em uso coordenadas (Lat;Lon) -11° 37' 46,89"" ; -50° 43' 57.18""";"XX";"00";"XX";"XX";"São Félix do Araguaia";"MT";"78000-000";"";""
12286;"2024";"2023";"23/04/2024";"30/04/2024";"MATO GROSSO";"Tabaporã";"MT";"Lixão desativado coordenadas (Lat;Lon) -11° 19' 21,7"" ; -56° 48' 17.2""";"xx";"00";"xx";"xx";"Tabaporã";"MT";"78000-000";"";""
12286;"2024";"2023";"23/04/2024";"30/04/2024";"MATO GROSSO";"São José do Xingu";"MT";"Lixão em uso coordenadas (Lat;Lon) -10° 47' 58"" ; -52° 42' 16""";"XX";"00";"XX";"XX";"São José do Xingu";"MT";"78000-000";"";""
12286;"2024";"2023";"23/04/2024";"30/04/2024";"MATO GROSSO";"Vila Rica";"MT";"Lixão em uso coordenadas (Lat;Lon) -9° 54' 44,5"" ; -51° 7' 49""";"xx";"00";"xx";"xx";"Vila Rica";"MT";"78000-000";"";""
12347;"2024";"2023";"24/04/2024";"29/04/2024";"Piauí";"";"PI";"";"";"";"";"";"";"";"";"";""
11603;"2024";"2023";"02/04/2024";"29/04/2024";"PARANÁ";"Adrianópolis";"PR";"Plumbum - Antiga Planta Industrial - RSI";"";"";"";"";"Adrianópolis";"PR";"";"";""
11603;"2024";"2023";"02/04/2024";"29/04/2024";"PARANÁ";"Cidade Gaúcha";"PR";"ATERRO CONTROLADO PARA LIXO RECICLADO, DE CONSTRUÇÃO CIVIL E PODAS DE GALHOS - RSU";"";"";"";"";"Cidade Gaúcha";"PR";"";"";""
11603;"2024";"2023";"02/04/2024";"29/04/2024";"PARANÁ";"Carambeí";"PR";"Aterro Controlado Campina - RSU";"";"";"";"";"Carambeí";"PR";"";"";""
11603;"2024";"2023";"02/04/2024";"29/04/2024";"PARANÁ";"Agudos do Sul";"PR";"Aterro Sanitário - RSU";"";"";"";"";"Agudos do Sul";"PR";"";"";""
11603;"2024";"2023";"02/04/2024";"29/04/2024";"PARANÁ";"Guaíra";"PR";"Aterro Sanitário Municipal - RSU";"";"";"";"";"Guaíra";"PR";"";"";""
11603;"2024";"2023";"02/04/2024";"29/04/2024";"PARANÁ";"Paranaguá";"PR";"Lixão Municipal - RSU/RSS";"";"";"";"";"Paranaguá";"PR";"";"";""
11603;"2024";"2023";"02/04/2024";"29/04/2024";"PARANÁ";"Adrianópolis";"PR";"Antigo Lixão - RSU/RSA/RSS";"Rodovia BR 476, KM 12.";"";"";"";"Adrianópolis";"PR";"";"";""
11603;"2024";"2023";"02/04/2024";"29/04/2024";"PARANÁ";"Assaí";"PR";"Bota-fora/Área de disposição irregular  - RSU/RCC";"";"";"";"";"Assaí";"PR";"";"";""
11603;"2024";"2023";"02/04/2024";"29/04/2024";"PARANÁ";"Barbosa Ferraz";"PR";"Aterro Sanitário - RSU/Resíduo sem origem especificada";"";"";"";"";"Barbosa Ferraz";"PR";"";"";""
12971;"2024";"2023";"30/04/2024";"30/04/2024";"Rio de Janeiro";"";"RJ";"";"";"";"";"";"";"";"";"";""
11765;"2024";"2023";"11/04/2024";"30/04/2024";"RIO GRANDE DO NORTE";"Porto do Mangue";"RN";"Lixão Porto do Mangue (Coordenadas: 743998.43 m E 9434259.73 m S)";"";"";"";"";"Porto do Mangue";"RN";"";"";""
11765;"2024";"2023";"11/04/2024";"30/04/2024";"RIO GRANDE DO NORTE";"Francisco Dantas";"RN";"Lixão em Francisco Dantas (coordenadas: 599665.00 m E 9324294.00 m S)";"";"";"";"";"Francisco Dantas";"RN";"";"";""
11765;"2024";"2023";"11/04/2024";"30/04/2024";"RIO GRANDE DO NORTE";"Goianinha";"RN";"Lixão em Goianinha (coordenadas: 255990.00 m E /9301410.00 m S)";"";"";"";"";"Goianinha";"RN";"";"";""
11765;"2024";"2023";"11/04/2024";"30/04/2024";"RIO GRANDE DO NORTE";"GOVERNADOR DIX-SEPT ROSADO";"RN";"Lixão em Gov. Dix Sept Rosado (coordenadas: 667775.77 m E 9390421.96 m S)";"";"";"";"";"GOVERNADOR DIX-SEPT ROSADO";"RN";"";"";""
11765;"2024";"2023";"11/04/2024";"30/04/2024";"RIO GRANDE DO NORTE";"Severiano Melo";"RN";"Lixão Severiano Melo (Coordenadas:623280.35 m E 9363397.62 m S)";"";"";"";"";"Severiano Melo";"RN";"";"";""
11765;"2024";"2023";"11/04/2024";"30/04/2024";"RIO GRANDE DO NORTE";"Severiano Melo";"RN";"Lixão Severiano Melo (Coordenadas: 614325.86 m E 9365348.62 m S)";"";"";"";"";"Severiano Melo";"RN";"";"";""
11765;"2024";"2023";"11/04/2024";"30/04/2024";"RIO GRANDE DO NORTE";"Sítio Novo";"RN";"Lixão em Sítio Novo (coordenadas:178221.89 m E 9326661.85 m S)";"";"";"";"";"Sítio Novo";"RN";"";"";""
11765;"2024";"2023";"11/04/2024";"30/04/2024";"RIO GRANDE DO NORTE";"Pureza";"RN";"Lixão Pureza (Coordenadas: 213392.48 m E 9400478.86 m S)";"";"";"";"";"Pureza";"RN";"";"";""
11765;"2024";"2023";"11/04/2024";"30/04/2024";"RIO GRANDE DO NORTE";"Japi";"RN";"Lixão em Japi (coordenadas: 173254.31 m E 9286686.09 m S)";"";"";"";"";"Japi";"RN";"";"";""
11765;"2024";"2023";"11/04/2024";"30/04/2024";"RIO GRANDE DO NORTE";"Rafael Fernandes";"RN";"Lixão Rafael Fernandes (Coordenadas: 585224.28 m E 9311847.89 m S) ";"";"";"";"";"Rafael Fernandes";"RN";"";"";""
11765;"2024";"2023";"11/04/2024";"30/04/2024";"RIO GRANDE DO NORTE";"Taboleiro Grande";"RN";"Lixão em Tabuleiro Grande (Coordenadas:604993.20 m E 9344321.09 m S)";"";"";"";"";"Taboleiro Grande";"RN";"";"";""
11765;"2024";"2023";"11/04/2024";"30/04/2024";"RIO GRANDE DO NORTE";"Jardim de Angicos";"RN";"Lixão em Jardim de Angicos (coordenadas: 170532.79 m E 9375658.79 m S)";"";"";"";"";"Jardim de Angicos";"RN";"";"";""
11765;"2024";"2023";"11/04/2024";"30/04/2024";"RIO GRANDE DO NORTE";"Taboleiro Grande";"RN";"Lixão em Tabuleiro Grande (Coordenadas:604993.20 m E 9344321.09 m S)";"";"";"";"";"Taboleiro Grande";"RN";"";"";""
11765;"2024";"2023";"11/04/2024";"30/04/2024";"RIO GRANDE DO NORTE";"Jardim do Seridó";"RN";"Lixão em Jardim do Seridó (coordenadas: 750725.96 m E 9276237.87 m S)";"";"";"";"";"Jardim do Seridó";"RN";"";"";""
11765;"2024";"2023";"11/04/2024";"30/04/2024";"RIO GRANDE DO NORTE";"Riacho da Cruz";"RN";"Lixão Riacho da Cruz (Coordenadas: 615358.00 m E 9344605.00 m S) Poda";"";"";"";"";"Riacho da Cruz";"RN";"";"";""
11765;"2024";"2023";"11/04/2024";"30/04/2024";"RIO GRANDE DO NORTE";"Riacho da Cruz";"RN";"Lixão Riacho de Santana (Coordenadas: 577407.83 m E 9307635.69 m S)";"";"";"";"";"Riacho da Cruz";"RN";"";"";""
11765;"2024";"2023";"11/04/2024";"30/04/2024";"RIO GRANDE DO NORTE";"Rio do Fogo";"RN";"Lixão Rio do Fogo (Coordenadas: 237708.00 m E 9411125.00 m S)";"";"";"";"";"Rio do Fogo";"RN";"";"";""
11765;"2024";"2023";"11/04/2024";"30/04/2024";"RIO GRANDE DO NORTE";"Santa Cruz";"RN";"Lixão Santa Cruz (Coordenadas: 828984.61 m E 9308682.60 m S) ";"";"";"";"";"Santa Cruz";"RN";"";"";""
11765;"2024";"2023";"11/04/2024";"30/04/2024";"RIO GRANDE DO NORTE";"Santana do Matos";"RN";"Lixão Santana do Matos (Coordenadas:758053.60 m E 9341630.74 m S)";"";"";"";"";"Santana do Matos";"RN";"";"";""
11765;"2024";"2023";"11/04/2024";"30/04/2024";"RIO GRANDE DO NORTE";"SANTO ANTÔNIO";"RN";"Lixão Santo Antônio (Coordenadas: 224908.23 m E 9298560.56 m S)";"";"";"";"";"SANTO ANTÔNIO";"RN";"";"";""
11765;"2024";"2023";"11/04/2024";"30/04/2024";"RIO GRANDE DO NORTE";"São Bento do Trairi";"RN";"Lixão São Bento do Trairi (Coordenadas 823444.08 m E 9298397.31 m S)";"";"";"";"";"São Bento do Trairi";"RN";"";"";""
11765;"2024";"2023";"11/04/2024";"30/04/2024";"RIO GRANDE DO NORTE";"São Fernando";"RN";"Lixão São Fernando (Coordenadas:700360.90 m E 9295803.60 m S) ";"";"";"";"";"São Fernando";"RN";"";"";""
11765;"2024";"2023";"11/04/2024";"30/04/2024";"RIO GRANDE DO NORTE";"São Francisco do Oeste";"RN";"Lixão São Francisco do Oeste (Coordenadas:591568.13 m E 9338482.63 m S)";"";"";"";"";"São Francisco do Oeste";"RN";"";"";""
11765;"2024";"2023";"11/04/2024";"30/04/2024";"RIO GRANDE DO NORTE";"São João do Sabugi";"RN";"Lixão São João do Sabugi (Coordenadas:697845.31 m E 9254675.01 m S)";"";"";"";"";"São João do Sabugi";"RN";"";"";""
11765;"2024";"2023";"11/04/2024";"30/04/2024";"RIO GRANDE DO NORTE";"São José do Campestre";"RN";"Lixão São José do Campestre (Coordenadas: 196756.97 m E 9299935.28 m S)";"";"";"";"";"São José do Campestre";"RN";"";"";""
11765;"2024";"2023";"11/04/2024";"30/04/2024";"RIO GRANDE DO NORTE";"São José de Mipibu";"RN";"Lixão São José de Mipibu (Coordenadas:248996.75 m E 9328936.21 m S)";"";"";"";"";"São José de Mipibu";"RN";"";"";""
11765;"2024";"2023";"11/04/2024";"30/04/2024";"RIO GRANDE DO NORTE";"São Miguel do Gostoso";"RN";"Lixão São Miguel do Gostoso (Coordenadas:207811.28 m E 9429387.15 m S)";"";"";"";"";"São Miguel do Gostoso";"RN";"";"";""
11765;"2024";"2023";"11/04/2024";"30/04/2024";"RIO GRANDE DO NORTE";"São Paulo do Potengi";"RN";"Lixão São Paulo do Potengi (Coordenadas:190796.79 m E 9349385.92 m S) ";"";"";"";"";"São Paulo do Potengi";"RN";"";"";""
11765;"2024";"2023";"11/04/2024";"30/04/2024";"RIO GRANDE DO NORTE";"São Rafael";"RN";"Lixão São Rafael (Coordenadas:733730.77 m E 9356509.74 m S)";"";"";"";"";"São Rafael";"RN";"";"";""
11765;"2024";"2023";"11/04/2024";"30/04/2024";"RIO GRANDE DO NORTE";"São Vicente";"RN";"Lixão São Vicente (Coordenadas:753950.26 m E 9311213.52 m S)";"";"";"";"";"São Vicente";"RN";"";"";""
11765;"2024";"2023";"11/04/2024";"30/04/2024";"RIO GRANDE DO NORTE";"São Vicente";"RN";"Lixão São Vicente (Coordenadas:753950.26 m E 9311213.52 m S)";"";"";"";"";"São Vicente";"RN";"";"";""
11765;"2024";"2023";"11/04/2024";"30/04/2024";"RIO GRANDE DO NORTE";"São Vicente";"RN";"Lixão São Vicente (Coordenadas:753278.41 m E 9309114.58 m S)";"";"";"";"";"São Vicente";"RN";"";"";""
11765;"2024";"2023";"11/04/2024";"30/04/2024";"RIO GRANDE DO NORTE";"Senador Elói de Souza";"RN";"Lixão Senador Eloi de Souza (Coordenadas:201804.57 m E 9333161.41 m S)";"";"";"";"";"Senador Elói de Souza";"RN";"";"";""
11765;"2024";"2023";"11/04/2024";"30/04/2024";"RIO GRANDE DO NORTE";"Currais Novos";"RN";"Lixão em Currais Novos (coordenadas: 774299.31 m E 9310714.17 m S)";"";"";"";"";"Currais Novos";"RN";"";"";""
11765;"2024";"2023";"11/04/2024";"30/04/2024";"RIO GRANDE DO NORTE";"Encanto";"RN";"Lixão em Encanto (coordenadas: 580044.00 m E 9325874.00 m S)";"";"";"";"";"Encanto";"RN";"";"";""
11765;"2024";"2023";"11/04/2024";"30/04/2024";"RIO GRANDE DO NORTE";"Pedro Velho";"RN";"Lixão PEDRO VELHO (Coordenadas: 251619.73 m E 9290597.31 m S)";"";"";"";"";"Pedro Velho";"RN";"";"";""
11765;"2024";"2023";"11/04/2024";"30/04/2024";"RIO GRANDE DO NORTE";"João Dias";"RN";"Lixões em João Dias (coordenadas: 633383 m E /9307269 m S - 633271 m E /9307106 m S)";"";"";"";"";"João Dias";"RN";"";"";""
11765;"2024";"2023";"11/04/2024";"30/04/2024";"RIO GRANDE DO NORTE";"Tibau";"RN";"Lixão em Tibau (coordenadas:692080.92 m E 9463538.60 m S) ";"";"";"";"";"Tibau";"RN";"";"";""
11765;"2024";"2023";"11/04/2024";"30/04/2024";"RIO GRANDE DO NORTE";"Timbaúba dos Batistas";"RN";"Lixão em Timbaúba dos Batista  (coordenadas:690403.05 m E 9282577.67 m S)";"";"";"";"";"Timbaúba dos Batistas";"RN";"";"";""
11765;"2024";"2023";"11/04/2024";"30/04/2024";"RIO GRANDE DO NORTE";"Touros";"RN";"Lixão em Touros (coordenadas:225150.31 m E 9415118.73 m S";"";"";"";"";"Touros";"RN";"";"";""
11765;"2024";"2023";"11/04/2024";"30/04/2024";"RIO GRANDE DO NORTE";"Lagoa Nova";"RN";"Lixão em Lagoa Nova (coordenadas: 779495.34 m E 9324368.16 m S)";"";"";"";"";"Lagoa Nova";"RN";"";"";""
11765;"2024";"2023";"11/04/2024";"30/04/2024";"RIO GRANDE DO NORTE";"Lagoa Nova";"RN";"Lixão em Lagoa Nova (coordenadas: 779495.34 m E 9324368.16 m S)";"";"";"";"";"Lagoa Nova";"RN";"";"";""
11765;"2024";"2023";"11/04/2024";"30/04/2024";"RIO GRANDE DO NORTE";"Lagoa Salgada";"RN";"Lixão em Lagoa Salgada (coordenadas: 222649.10 m E 9324065.29 m S)";"";"";"";"";"Lagoa Salgada";"RN";"";"";""
11765;"2024";"2023";"11/04/2024";"30/04/2024";"RIO GRANDE DO NORTE";"Lajes";"RN";"Lixao em Lajes (coordenadas: 805178.10 m E 9366751.63 m S)";"";"";"";"";"Lajes";"RN";"";"";""
11765;"2024";"2023";"11/04/2024";"30/04/2024";"RIO GRANDE DO NORTE";"Umarizal";"RN";"Lixão em Umarizal (coordenadas:627493.07 m E 9341521.02 m S)";"";"";"";"";"Umarizal";"RN";"";"";""
11765;"2024";"2023";"11/04/2024";"30/04/2024";"RIO GRANDE DO NORTE";"Lajes Pintadas";"RN";"Lixão em Lajes Pintadas: (818954.27 m E 9318658.69 m S)";"";"";"";"";"Lajes Pintadas";"RN";"";"";""
11765;"2024";"2023";"11/04/2024";"30/04/2024";"RIO GRANDE DO NORTE";"VENHA-VER";"RN";"Lixão em Venha Ver (coordenadas:555576.49 m E 9303256.18 m S)";"";"";"";"";"VENHA-VER";"RN";"";"";""
11765;"2024";"2023";"11/04/2024";"30/04/2024";"RIO GRANDE DO NORTE";"Vera Cruz";"RN";"Lixão em Vera Cruz (coordenadas:230596.00 m E 9333814.00 m S)";"";"";"";"";"Vera Cruz";"RN";"";"";""
11765;"2024";"2023";"11/04/2024";"30/04/2024";"RIO GRANDE DO NORTE";"Riachuelo";"RN";"Lixão Riachuelo (Coordenadas:173268.87 m E 9363486.55 m S)";"";"";"";"";"Riachuelo";"RN";"";"";""
11765;"2024";"2023";"11/04/2024";"30/04/2024";"RIO GRANDE DO NORTE";"Rodolfo Fernandes";"RN";"Lixão Rodolfo Fernandes  (Coordenadas: 601566.91 m E 9359293.83 m S)";"";"";"";"";"Rodolfo Fernandes";"RN";"";"";""
11765;"2024";"2023";"11/04/2024";"30/04/2024";"RIO GRANDE DO NORTE";"Rodolfo Fernandes";"RN";"Lixão Rodolfo Fernandes (Coordenadas: 604038.43 m E 9352752.80 m S)";"";"";"";"";"Rodolfo Fernandes";"RN";"";"";""
11765;"2024";"2023";"11/04/2024";"30/04/2024";"RIO GRANDE DO NORTE";"Ruy Barbosa";"RN";"Lixão Ruy Barbosa  (Coordenadas: 173875.87 m E 9347109.43 m S)";"";"";"";"";"Ruy Barbosa";"RN";"";"";""
11765;"2024";"2023";"11/04/2024";"30/04/2024";"RIO GRANDE DO NORTE";"Santa Cruz";"RN";"Lixão Santa Cruz (Coordenadas: 827675.56 m E 9306062.61 m S)";"";"";"";"";"Santa Cruz";"RN";"";"";""
11765;"2024";"2023";"11/04/2024";"30/04/2024";"RIO GRANDE DO NORTE";"Santana do Seridó";"RN";"Lixão Santana do Seridó (Coordenadas:747498.20 m E 9251588.86 m S)";"";"";"";"";"Santana do Seridó";"RN";"";"";""
11765;"2024";"2023";"11/04/2024";"30/04/2024";"RIO GRANDE DO NORTE";"São Fernando";"RN";"Lixão São Fernando (Coordenadas:700818.30 m E 9295836.08 m S)";"";"";"";"";"São Fernando";"RN";"";"";""
11765;"2024";"2023";"11/04/2024";"30/04/2024";"RIO GRANDE DO NORTE";"São Miguel do Gostoso";"RN";"Lixão São Miguel do Gostoso (Coordenadas:207812.42 m E 9429233.68 m S)";"";"";"";"";"São Miguel do Gostoso";"RN";"";"";""
11765;"2024";"2023";"11/04/2024";"30/04/2024";"RIO GRANDE DO NORTE";"São Paulo do Potengi";"RN";"Lixão São Paulo do Potengi (Coordenadas:190405.18 m E 9349036.36 m S)";"";"";"";"";"São Paulo do Potengi";"RN";"";"";""
11765;"2024";"2023";"11/04/2024";"30/04/2024";"RIO GRANDE DO NORTE";"Coronel João Pessoa";"RN";"Lixão em Coronel João Pessoa (coordenadas: 559146.20 m E /9305768.27 m S)";"";"";"";"";"Coronel João Pessoa";"RN";"";"";""
11765;"2024";"2023";"11/04/2024";"30/04/2024";"RIO GRANDE DO NORTE";"São Paulo do Potengi";"RN";"Lixão São Paulo do Potengi (Coordenadas:193726.37 m E 9350189.44 m S) ";"";"";"";"";"São Paulo do Potengi";"RN";"";"";""
11765;"2024";"2023";"11/04/2024";"30/04/2024";"RIO GRANDE DO NORTE";"Pedra Grande";"RN";"Lixão PEDRA GRANDE  (183703.46 m E 9427997.45 m S)";"";"";"";"";"Pedra Grande";"RN";"";"";""
11765;"2024";"2023";"11/04/2024";"30/04/2024";"RIO GRANDE DO NORTE";"Campo Redondo";"RN";"Lixão em Campo Redondo (coordenadas: 810239.00 m E /9310203.00 m S)";"";"";"";"";"Campo Redondo";"RN";"";"";""
11765;"2024";"2023";"11/04/2024";"30/04/2024";"RIO GRANDE DO NORTE";"Caiçara do Rio do Vento";"RN";"Caiçara do Rio do Vento (coordenadas: 831393.00 m E/9362522.00 m S)";"";"";"";"";"Caiçara do Rio do Vento";"RN";"";"";""
11765;"2024";"2023";"11/04/2024";"30/04/2024";"RIO GRANDE DO NORTE";"Passa e Fica";"RN";"Lixão Passa e Fica (Coordenadas: 203896.59 m E 9291671.04 m S)";"";"";"";"";"Passa e Fica";"RN";"";"";""
11765;"2024";"2023";"11/04/2024";"30/04/2024";"RIO GRANDE DO NORTE";"Januário Cicco";"RN";"Lixão em Boa Saúde (coordenadas: 211918.90 m E /9316762.70 m S)";"";"";"";"";"Januário Cicco";"RN";"";"";""
11765;"2024";"2023";"11/04/2024";"30/04/2024";"RIO GRANDE DO NORTE";"Baraúna";"RN";"Lixão em Baraúna (coordenadas: 652315.00 m E /9439933.00 m S)";"";"";"";"";"Baraúna";"RN";"";"";""
11765;"2024";"2023";"11/04/2024";"30/04/2024";"RIO GRANDE DO NORTE";"Angicos";"RN";"Lixão em Angicos (coordenadas: 766649.00 m E/9375399.00 m S)";"";"";"";"";"Angicos";"RN";"";"";""
11765;"2024";"2023";"11/04/2024";"30/04/2024";"RIO GRANDE DO NORTE";"Afonso Bezerra";"RN";"Lixão em Afonso Bezerra (coordenadas: 776152.06 m E/9392965.36 m S)";"";"";"";"";"Afonso Bezerra";"RN";"";"";""
11765;"2024";"2023";"11/04/2024";"30/04/2024";"RIO GRANDE DO NORTE";"Acari";"RN";"Lixão em Acari (Coordenadas: 758950.89 m E / 9284398.14 m S)";"";"";"";"";"Acari";"RN";"";"";""
11765;"2024";"2023";"11/04/2024";"30/04/2024";"RIO GRANDE DO NORTE";"São Pedro";"RN";"Lixão São Pedro (Coordenadas:207743.94 m E 9346643.35 m S)";"";"";"";"";"São Pedro";"RN";"";"";""
11765;"2024";"2023";"11/04/2024";"30/04/2024";"RIO GRANDE DO NORTE";"Cerro Corá";"RN";"Lixão em Cerro Corá (coordenadas: 792952.00 m E /9333221.00 m S)";"";"";"";"";"Cerro Corá";"RN";"";"";""
11765;"2024";"2023";"11/04/2024";"30/04/2024";"RIO GRANDE DO NORTE";"Cruzeta";"RN";"Lixão em Cruzeta (coordenadas: 745258.00 m E 9289904.00 m S)";"";"";"";"";"Cruzeta";"RN";"";"";""
11765;"2024";"2023";"11/04/2024";"30/04/2024";"RIO GRANDE DO NORTE";"Brejinho";"RN";"Lixão em Brejinho (coordenadas: 234236.00 m E /9313841.00 m S)";"";"";"";"";"Brejinho";"RN";"";"";""
11765;"2024";"2023";"11/04/2024";"30/04/2024";"RIO GRANDE DO NORTE";"Caicó";"RN";"Lixão em Caicó (coordenadas: 706376.00 m E /9288081.00 m S)";"";"";"";"";"Caicó";"RN";"";"";""
11765;"2024";"2023";"11/04/2024";"30/04/2024";"RIO GRANDE DO NORTE";"Senador Georgino Avelino";"RN";"Lixão Senador Georgino Avelino (262947.92 m E 9318752.34 m S)";"";"";"";"";"Senador Georgino Avelino";"RN";"";"";""
11765;"2024";"2023";"11/04/2024";"30/04/2024";"RIO GRANDE DO NORTE";"Passagem";"RN";"Lixão Passagem (237644.39 m E 9306719.62 m S)";"";"";"";"";"Passagem";"RN";"";"";""
11765;"2024";"2023";"11/04/2024";"30/04/2024";"RIO GRANDE DO NORTE";"Equador";"RN";"Lixão em Equador (coordenadas: 751368.00 m E 9232421.00 m S)";"";"";"";"";"Equador";"RN";"";"";""
11765;"2024";"2023";"11/04/2024";"30/04/2024";"RIO GRANDE DO NORTE";"Serra do Mel";"RN";"Lixão Serra do Mel (Coordenadas: 719163.01 m E 9426780.76 m S)";"";"";"";"";"Serra do Mel";"RN";"";"";""
11765;"2024";"2023";"11/04/2024";"30/04/2024";"RIO GRANDE DO NORTE";"";"RN";"Lixão em Serrinha (Coordenadas:222338.09 m E 9305113.53 m S)";"";"";"";"";"";"";"";"";""
11765;"2024";"2023";"11/04/2024";"30/04/2024";"RIO GRANDE DO NORTE";"Areia Branca";"RN";"Lixão em Areia Branca (coordenadas: 710972.21 m E /9447650.96 m S)";"";"";"";"";"Areia Branca";"RN";"";"";""
11765;"2024";"2023";"11/04/2024";"30/04/2024";"RIO GRANDE DO NORTE";"Serrinha dos Pintos";"RN";"Lixão Serrinha dos Pintos (Coordenadas612281.63 m E 9324531.36 m S)";"";"";"";"";"Serrinha dos Pintos";"RN";"";"";""
11765;"2024";"2023";"11/04/2024";"30/04/2024";"RIO GRANDE DO NORTE";"Ipueira";"RN";"Lixão em Ipueira (coordenadas: 698470.21 m E 9245850.33 m S)";"";"";"";"";"Ipueira";"RN";"";"";""
11765;"2024";"2023";"11/04/2024";"30/04/2024";"RIO GRANDE DO NORTE";"Itajá";"RN";"Lixão em Itajá (coordenadas: 610075.55 m E 9352783.84 m S)";"";"";"";"";"Itajá";"RN";"";"";""
11765;"2024";"2023";"11/04/2024";"30/04/2024";"RIO GRANDE DO NORTE";"Água Nova";"RN";"Lixão em Água Nova (coordenadas: 579729.00 m E m E/9314311.00 m S)";"";"";"";"";"Água Nova";"RN";"";"";""
11765;"2024";"2023";"11/04/2024";"30/04/2024";"RIO GRANDE DO NORTE";"Itaú";"RN";"Lixões em Itaú (610075.00 m E /9352783.00 m S até 2020 - 613840.00 m E 9355966.00 m S de 2016 até hoje)";"";"";"";"";"Itaú";"RN";"";"";""
11765;"2024";"2023";"11/04/2024";"30/04/2024";"RIO GRANDE DO NORTE";"Jaçanã";"RN";"Lixão em Jaçanã (coordenadas: 806828.03 m E 9291558.92 m S)";"";"";"";"";"Jaçanã";"RN";"";"";""
11765;"2024";"2023";"11/04/2024";"30/04/2024";"RIO GRANDE DO NORTE";"Severiano Melo";"RN";"Lixão em Severiano Melo (coordenadas:615245.91 m E 9359225.05 m S)";"";"";"";"";"Severiano Melo";"RN";"";"";""
11765;"2024";"2023";"11/04/2024";"30/04/2024";"RIO GRANDE DO NORTE";"Almino Afonso";"RN";"Lixão em Almino Afonso (coordenadas: 638971.00 m E/9321340.00 m S)";"";"";"";"";"Almino Afonso";"RN";"";"";""
11765;"2024";"2023";"11/04/2024";"30/04/2024";"RIO GRANDE DO NORTE";"Severiano Melo";"RN";"Lixão Severiano Melo (Coordenadas:623280.35 m E 9363397.62 m S)";"";"";"";"";"Severiano Melo";"RN";"";"";""
11765;"2024";"2023";"11/04/2024";"30/04/2024";"RIO GRANDE DO NORTE";"Taipu";"RN";"Lixão em Taipu (coordenadas: 215886.00 m E 9374273.96 m S)";"";"";"";"";"Taipu";"RN";"";"";""
11765;"2024";"2023";"11/04/2024";"30/04/2024";"RIO GRANDE DO NORTE";"Tangará";"RN";"Lixão em Tangará (Coordenadas: 190180.97 m E 190180.97 m E)";"";"";"";"";"Tangará";"RN";"";"";""
11765;"2024";"2023";"11/04/2024";"30/04/2024";"RIO GRANDE DO NORTE";"Bodó";"RN";"Lixão em Bodó (coordenadas: 786309.02 m E /9338340.15 m S)";"";"";"";"";"Bodó";"RN";"";"";""
11765;"2024";"2023";"11/04/2024";"30/04/2024";"RIO GRANDE DO NORTE";"Canguaretama";"RN";"Lixões em Canguaretama (coordenadas: 263046.79 m E /9297105.29 m S - 255908.00 m E /9292965.00 m S - 273799.00 m E /9302225.00 m S)";"";"";"";"";"Canguaretama";"RN";"";"";""
11765;"2024";"2023";"11/04/2024";"30/04/2024";"RIO GRANDE DO NORTE";"Tangará";"RN";"Lixão em Tangará (Coordenadas: 190180.97 m E 190180.97 m E)";"";"";"";"";"Tangará";"RN";"";"";""
11765;"2024";"2023";"11/04/2024";"30/04/2024";"RIO GRANDE DO NORTE";"Jundiá";"RN";"Lixão em Jundiá (coordenadas: 241646.00 m E 9309590.00 m S)";"";"";"";"";"Jundiá";"RN";"";"";""
11765;"2024";"2023";"11/04/2024";"30/04/2024";"RIO GRANDE DO NORTE";"Pedra Preta";"RN";"Lixão PEDRA PRETA (820482.76 m E 9383334.32 m S 2)";"";"";"";"";"Pedra Preta";"RN";"";"";""
11765;"2024";"2023";"11/04/2024";"30/04/2024";"RIO GRANDE DO NORTE";"Lagoa de Pedras";"RN";"Lixão em Lagoa de Pedras (coordenadas: 229937.60 m E /9318692.66 m S - 227445.98 m E /9318063.86 m S)";"";"";"";"";"Lagoa de Pedras";"RN";"";"";""
11765;"2024";"2023";"11/04/2024";"30/04/2024";"RIO GRANDE DO NORTE";"Pedra Preta";"RN";"Lixão Pedra Preta (822490.08 m E 9379066.00 m S)";"";"";"";"";"Pedra Preta";"RN";"";"";""
11765;"2024";"2023";"11/04/2024";"30/04/2024";"RIO GRANDE DO NORTE";"Touros";"RN";"Lixão em Touros (coordenadas:222977.86 m E 9427295.26 m S)";"";"";"";"";"Touros";"RN";"";"";""
11765;"2024";"2023";"11/04/2024";"30/04/2024";"RIO GRANDE DO NORTE";"Pedro Avelino";"RN";"Lixão Pedro Avelino (788841.23 m E 9390337.94 m S)";"";"";"";"";"Pedro Avelino";"RN";"";"";""
11765;"2024";"2023";"11/04/2024";"30/04/2024";"RIO GRANDE DO NORTE";"Patu";"RN";"Lixão Patu (Coordenadas 651219.75 m E 9328286.97 m S)";"";"";"";"";"Patu";"RN";"";"";""
11765;"2024";"2023";"11/04/2024";"30/04/2024";"RIO GRANDE DO NORTE";"Triunfo Potiguar";"RN";"Lixão em Triunfo Potiguar (coordenadas697572.00 m E 9352414.00 m S)";"";"";"";"";"Triunfo Potiguar";"RN";"";"";""
11765;"2024";"2023";"11/04/2024";"30/04/2024";"RIO GRANDE DO NORTE";"Alexandria";"RN";"Lixão em Alexandria (Coordenadas: 610218.97 m E / 9291860.22 m S)";"";"";"";"";"Alexandria";"RN";"";"";""
11765;"2024";"2023";"11/04/2024";"30/04/2024";"RIO GRANDE DO NORTE";"Alto do Rodrigues";"RN";"Lixão em Alto do Rodrigues (Coordenadas: 747262.64 m E / 9410295.57 m S)";"";"";"";"";"Alto do Rodrigues";"RN";"";"";""
11765;"2024";"2023";"11/04/2024";"30/04/2024";"RIO GRANDE DO NORTE";"Major Sales";"RN";"Lixão em Major Sales (coordenadas: 578070.82 m E 9292106.11 m S)";"";"";"";"";"Major Sales";"RN";"";"";""
11765;"2024";"2023";"11/04/2024";"30/04/2024";"RIO GRANDE DO NORTE";"Monte Alegre";"RN";"Lixão em Monte Alegre (coordenadas: 231491.09 m E 9324631.37 m S)";"";"";"";"";"Monte Alegre";"RN";"";"";""
11765;"2024";"2023";"11/04/2024";"30/04/2024";"RIO GRANDE DO NORTE";"Paraú";"RN";"Lixão em Paraú (coordenadas:712263.14 m E 9363725.52 m S)";"";"";"";"";"Paraú";"RN";"";"";""
11765;"2024";"2023";"11/04/2024";"30/04/2024";"RIO GRANDE DO NORTE";"Viçosa";"RN";"Lixão em Viçosa (coordenadas615000.03 m E 9337278.05 m S)";"";"";"";"";"Viçosa";"RN";"";"";""
11765;"2024";"2023";"11/04/2024";"30/04/2024";"RIO GRANDE DO NORTE";"ANTÔNIO MARTINS";"RN";"Lixão em Antônio Martins (coordenadas:625540.79 m E/9314955.87 m S)";"";"";"";"";"ANTÔNIO MARTINS";"RN";"";"";""
11765;"2024";"2023";"11/04/2024";"30/04/2024";"RIO GRANDE DO NORTE";"Apodi";"RN";"Lixão em Apodi (coordenadas: 634737.00 m E/9378124.00 m S)";"";"";"";"";"Apodi";"RN";"";"";""
11765;"2024";"2023";"11/04/2024";"30/04/2024";"RIO GRANDE DO NORTE";"Macau";"RN";"Lixão em Macau (coordenada: 769519.06 m E 9428085.15 m S)";"";"";"";"";"Macau";"RN";"";"";""
11765;"2024";"2023";"11/04/2024";"30/04/2024";"RIO GRANDE DO NORTE";"Viçosa";"RN";"Lixão em Viçosa (coordenadas: 268623.44 m E 9298812.65 m S)";"";"";"";"";"Viçosa";"RN";"";"";""
11765;"2024";"2023";"11/04/2024";"30/04/2024";"RIO GRANDE DO NORTE";"Martins";"RN";"Lixão em Martins (coordenadas: 617017.73 m E 9328031.84 m S)";"";"";"";"";"Martins";"RN";"";"";""
11765;"2024";"2023";"11/04/2024";"30/04/2024";"RIO GRANDE DO NORTE";"ARÊS";"RN";"Lixões em Arês (Coordenadas: (260588.63 m E /9315793.50 m S - 249795.00 m E /9317008.00 m S)";"";"";"";"";"ARÊS";"RN";"";"";""
11765;"2024";"2023";"11/04/2024";"30/04/2024";"RIO GRANDE DO NORTE";"Açu";"RN";"Lixão em Açu (coordenadas: 728902.00 m E/9401068.00 m S)";"";"";"";"";"Açu";"RN";"";"";""
11765;"2024";"2023";"11/04/2024";"30/04/2024";"RIO GRANDE DO NORTE";"Baía Formosa";"RN";"Lixão em Baía Formosa (Coordenadas: 278375.00 m E/9286631.00 m S)";"";"";"";"";"Baía Formosa";"RN";"";"";""
11765;"2024";"2023";"11/04/2024";"30/04/2024";"RIO GRANDE DO NORTE";"Monte das Gameleiras";"RN";"Lixão em Monte das Gameleiras (coordenasas:191200.73 m E 9290130.63 m S)";"";"";"";"";"Monte das Gameleiras";"RN";"";"";""
11765;"2024";"2023";"11/04/2024";"30/04/2024";"RIO GRANDE DO NORTE";"Barcelona";"RN";"Lixões em Barcelona (coordenadas: 173528.69 m E/9338094.97 m S - 176878.77 m E/9339258.13 m S)";"";"";"";"";"Barcelona";"RN";"";"";""
11765;"2024";"2023";"11/04/2024";"30/04/2024";"RIO GRANDE DO NORTE";"Bento Fernandes";"RN";"Lixão em Bento Fernandes (coordenadas: 186941.00 m E /9369968.00 m S)";"";"";"";"";"Bento Fernandes";"RN";"";"";""
11765;"2024";"2023";"11/04/2024";"30/04/2024";"RIO GRANDE DO NORTE";"Montanhas";"RN";"Lixão em Montanhas (coodenadas: 243980.35 m E 9280449.46 m S)";"";"";"";"";"Montanhas";"RN";"";"";""
11765;"2024";"2023";"11/04/2024";"30/04/2024";"RIO GRANDE DO NORTE";"Nísia Floresta";"RN";"Lixão em Nísia Floresta (coordenada: 262967.55 m E 9324846.74 m S)";"";"";"";"";"Nísia Floresta";"RN";"";"";""
11765;"2024";"2023";"11/04/2024";"30/04/2024";"RIO GRANDE DO NORTE";"Rafael Fernandes";"RN";"Lixão Rafael Fernandes (Coordenadas:584805.68 m E 584805.68 m E)";"";"";"";"";"Rafael Fernandes";"RN";"";"";""
11765;"2024";"2023";"11/04/2024";"30/04/2024";"RIO GRANDE DO NORTE";"Bom Jesus";"RN";"Lixão em Bom Jesus (coordenadas: 213137.00 m E /9341571.00 m S)";"";"";"";"";"Bom Jesus";"RN";"";"";""
11765;"2024";"2023";"11/04/2024";"30/04/2024";"RIO GRANDE DO NORTE";"Caiçara do Norte";"RN";"Lixão em Caicçara do Norte (coordenadas: 827992.72 m E /9437190.56 m S)";"";"";"";"";"Caiçara do Norte";"RN";"";"";""
11765;"2024";"2023";"11/04/2024";"30/04/2024";"RIO GRANDE DO NORTE";"Passa e Fica";"RN";"Lixão Passa e Fica (206147.55 m E 9289720.50 m S)";"";"";"";"";"Passa e Fica";"RN";"";"";""
11765;"2024";"2023";"11/04/2024";"30/04/2024";"RIO GRANDE DO NORTE";"Campo Grande";"RN";"Lixão em Campo Grande (691392.00 m E /9351032.00 m S)";"";"";"";"";"Campo Grande";"RN";"";"";""
11765;"2024";"2023";"11/04/2024";"30/04/2024";"RIO GRANDE DO NORTE";"Nova Cruz";"RN";"Lixão em Nova Cruz (coordenada: 227974.47 m E 9287455.79 m S)";"";"";"";"";"Nova Cruz";"RN";"";"";""
11765;"2024";"2023";"11/04/2024";"30/04/2024";"RIO GRANDE DO NORTE";"Riacho da Cruz";"RN";"Lixão Riacho da Cruz (Coordenadas: 615345.30 m E 9344930.62 m S) ";"";"";"";"";"Riacho da Cruz";"RN";"";"";""
11765;"2024";"2023";"11/04/2024";"30/04/2024";"RIO GRANDE DO NORTE";"Santa Maria";"RN";"Lixão Santa Maria (Coordenadas:201745.70 m E 9351609.15 m S)";"";"";"";"";"Santa Maria";"RN";"";"";""
11765;"2024";"2023";"11/04/2024";"30/04/2024";"RIO GRANDE DO NORTE";"Doutor Severiano";"RN";"Lixão em Doutor Severiano (coordenadas: 569039.00 m E 9321938.00 m S)";"";"";"";"";"Doutor Severiano";"RN";"";"";""
11765;"2024";"2023";"11/04/2024";"30/04/2024";"RIO GRANDE DO NORTE";"Caraúbas";"RN";"Lixão em Caraúbas (coordenadas: 658983.00 m E /9362387.00 m S)";"";"";"";"";"Caraúbas";"RN";"";"";""
11765;"2024";"2023";"11/04/2024";"30/04/2024";"RIO GRANDE DO NORTE";"Carnaúba dos Dantas";"RN";"Lixão em Carnaúba dos Dantas (coordenadas: 765682.69 m E /9273722.75 m S)";"";"";"";"";"Carnaúba dos Dantas";"RN";"";"";""
11765;"2024";"2023";"11/04/2024";"30/04/2024";"RIO GRANDE DO NORTE";"Espírito Santo";"RN";"Lixão em Espírito Santo (coordenadas: 244039.00 m E 9301305.00 m S)";"";"";"";"";"Espírito Santo";"RN";"";"";""
11765;"2024";"2023";"11/04/2024";"30/04/2024";"RIO GRANDE DO NORTE";"Extremoz";"RN";"Lixão em Extremoz (coordenadas: 244703.00 m E 9370901.00 m S)";"";"";"";"";"Extremoz";"RN";"";"";""
11765;"2024";"2023";"11/04/2024";"30/04/2024";"RIO GRANDE DO NORTE";"Carnaubais";"RN";"Lixão em Carnaubais (coordenadas: 738976.91 m E 9410089.00 m S)";"";"";"";"";"Carnaubais";"RN";"";"";""
11765;"2024";"2023";"11/04/2024";"30/04/2024";"RIO GRANDE DO NORTE";"Galinhos";"RN";"Lixões em Galinhos (800641.29 m E /9436686.63 m S - 805228.00 m E /9435740.00 m S)";"";"";"";"";"Galinhos";"RN";"";"";""
11765;"2024";"2023";"11/04/2024";"30/04/2024";"RIO GRANDE DO NORTE";"Ipanguaçu";"RN";"Lixão em Ipanguaçu (coordenadas: 737349.77 m E 9377210.23 m S)";"";"";"";"";"Ipanguaçu";"RN";"";"";""
11765;"2024";"2023";"11/04/2024";"30/04/2024";"RIO GRANDE DO NORTE";"Jandaíra";"RN";"Lixão Jandaíra (817607.60 m E 9408146.64 m S)";"";"";"";"";"Jandaíra";"RN";"";"";""
11765;"2024";"2023";"11/04/2024";"30/04/2024";"RIO GRANDE DO NORTE";"Janduís";"RN";"Lixão em Janduís (675038.64 m E 9333745.16 m S)";"";"";"";"";"Janduís";"RN";"";"";""
11765;"2024";"2023";"11/04/2024";"30/04/2024";"RIO GRANDE DO NORTE";"Jardim de Piranhas";"RN";"Lixão em Jardim de Piranhas (coordenadas: 679595.99 m E 9295102.98 m S)";"";"";"";"";"Jardim de Piranhas";"RN";"";"";""
11765;"2024";"2023";"11/04/2024";"30/04/2024";"RIO GRANDE DO NORTE";"Taipu";"RN";"Lixão em Taipu (coordenadas: 215886.00 m E 9374273.96 m S)";"";"";"";"";"Taipu";"RN";"";"";""
11765;"2024";"2023";"11/04/2024";"30/04/2024";"RIO GRANDE DO NORTE";"Tenente Laurentino Cruz";"RN";"Lixão em Tenente Laurentino Cruz (Coordenadas:752097.11 m E 9321550.60 m S)";"";"";"";"";"Tenente Laurentino Cruz";"RN";"";"";""
11765;"2024";"2023";"11/04/2024";"30/04/2024";"RIO GRANDE DO NORTE";"Lagoa D'Anta";"RN";"Lixão em Lagoa D'Anta (coordenadas: 211572.28 m E 9293525.80 m S)";"";"";"";"";"Lagoa D'Anta";"RN";"";"";""
11765;"2024";"2023";"11/04/2024";"30/04/2024";"RIO GRANDE DO NORTE";"Tibau";"RN";"Lixão em Tibau (Coordenadas: 689991.93 m E 9462373.80 m S)";"";"";"";"";"Tibau";"RN";"";"";""
11765;"2024";"2023";"11/04/2024";"30/04/2024";"RIO GRANDE DO NORTE";"Tibau do Sul";"RN";"Lixão em Tibau do Sul (coordenadas:266303.85 m E 9311761.91 m S)";"";"";"";"";"Tibau do Sul";"RN";"";"";""
11765;"2024";"2023";"11/04/2024";"30/04/2024";"RIO GRANDE DO NORTE";"Lagoa de Velhos";"RN";"Lixão em Lagoa de Velhos (180921.17 m E 9336348.59 m S)";"";"";"";"";"Lagoa de Velhos";"RN";"";"";""
11765;"2024";"2023";"11/04/2024";"30/04/2024";"RIO GRANDE DO NORTE";"Upanema";"RN";"Lixão em Upanema (coordenadas:690927.39 m E 9375187.71 m S - poda e industrial)";"";"";"";"";"Upanema";"RN";"";"";""
11765;"2024";"2023";"11/04/2024";"30/04/2024";"RIO GRANDE DO NORTE";"Várzea";"RN";"Lixão em Várzea (coordenadas:238937.00 m E 9299119.00 m S)";"";"";"";"";"Várzea";"RN";"";"";""
11765;"2024";"2023";"11/04/2024";"30/04/2024";"RIO GRANDE DO NORTE";"Lucrécia";"RN";"Lixão em Lucrécia (coordenadas: 631480.72 m E 9320883.47 m S)";"";"";"";"";"Lucrécia";"RN";"";"";""
11765;"2024";"2023";"11/04/2024";"30/04/2024";"RIO GRANDE DO NORTE";"Maxaranguape";"RN";"Lixão em Maxaramguape (coordenadas: 248307.00 m E 9389262.00 m S)";"";"";"";"";"Maxaranguape";"RN";"";"";""
11765;"2024";"2023";"11/04/2024";"30/04/2024";"RIO GRANDE DO NORTE";"Messias Targino";"RN";"Lixão em Messias Targino (coordenadas: 661249.93 m E 9327982.46 m S)";"";"";"";"";"Messias Targino";"RN";"";"";""
11765;"2024";"2023";"11/04/2024";"30/04/2024";"RIO GRANDE DO NORTE";"OLHO-D'ÁGUA DO BORGES";"RN";"Lixão em Olho d'Água dos Borges";"";"";"";"";"OLHO-D'ÁGUA DO BORGES";"RN";"";"";""
11765;"2024";"2023";"11/04/2024";"30/04/2024";"RIO GRANDE DO NORTE";"Parazinho";"RN";"Lixão em Parazinho (coordenadas: 184378.22 m E 9420719.52 m S)";"";"";"";"";"Parazinho";"RN";"";"";""
11765;"2024";"2023";"11/04/2024";"30/04/2024";"RIO GRANDE DO NORTE";"Parelhas";"RN";"Lixão em Parelhas (coordenadas: 755638.00 m E 9258779.00 m S)";"";"";"";"";"Parelhas";"RN";"";"";""
11765;"2024";"2023";"11/04/2024";"30/04/2024";"RIO GRANDE DO NORTE";"Ouro Branco";"RN";"Lixão em Ouro Branco (Coordenada: 726133.78 m E 9256966.11 m S)";"";"";"";"";"Ouro Branco";"RN";"";"";""
11765;"2024";"2023";"11/04/2024";"30/04/2024";"RIO GRANDE DO NORTE";"PILÕES";"RN";"Lixão PILÕES (Coordenadas: 604120.19 m E 9304534.57 m S)";"";"";"";"";"PILÕES";"RN";"";"";""
11765;"2024";"2023";"11/04/2024";"30/04/2024";"RIO GRANDE DO NORTE";"Poço Branco";"RN";"Lixão Poço Branco (Coordenadas: 203512.24 m E 9378585.85 m S)";"";"";"";"";"Poço Branco";"RN";"";"";""
11765;"2024";"2023";"11/04/2024";"30/04/2024";"RIO GRANDE DO NORTE";"Parnamirim";"RN";"Lixão em Parnamirim (246754.15 m E 9347778.06 m S)";"";"";"";"";"Parnamirim";"RN";"";"";""
11765;"2024";"2023";"11/04/2024";"30/04/2024";"RIO GRANDE DO NORTE";"Riacho da Cruz";"RN";"Lixão Riacho da Cruz (Coordenadas: 615048.00 m E 9344957.00 m S)";"";"";"";"";"Riacho da Cruz";"RN";"";"";""
11765;"2024";"2023";"11/04/2024";"30/04/2024";"RIO GRANDE DO NORTE";"Riachuelo";"RN";"Lixão Riachuelo (Coordenadas: 174940.42 m E 9363858.94 m S)";"";"";"";"";"Riachuelo";"RN";"";"";""
11765;"2024";"2023";"11/04/2024";"30/04/2024";"RIO GRANDE DO NORTE";"Patu";"RN";"Lixão Patu (Coordenadas: 650407.09 m E 9326919.05 m S)";"";"";"";"";"Patu";"RN";"";"";""
11765;"2024";"2023";"11/04/2024";"30/04/2024";"RIO GRANDE DO NORTE";"Coronel Ezequiel";"RN";"Lixão emCoronel Ezequiel (coordenadas: 808928.00 m E /9292717.00 m S)";"";"";"";"";"Coronel Ezequiel";"RN";"";"";""
11765;"2024";"2023";"11/04/2024";"30/04/2024";"RIO GRANDE DO NORTE";"São José do Campestre";"RN";"Lixão São José do Campestre (Coordenadas: 200683.27 m E 9301892.58 m S)";"";"";"";"";"São José do Campestre";"RN";"";"";""
11765;"2024";"2023";"11/04/2024";"30/04/2024";"RIO GRANDE DO NORTE";"São José do Seridó";"RN";"Lixão São José do Seridó (Coordenadas733762.00 m E 9287782.00 m S)";"";"";"";"";"São José do Seridó";"RN";"";"";""
11765;"2024";"2023";"11/04/2024";"30/04/2024";"RIO GRANDE DO NORTE";"São Miguel";"RN";"Lixão São Miguel (Coordenadas:552734.09 m E 9313173.71 m S)";"";"";"";"";"São Miguel";"RN";"";"";""
11765;"2024";"2023";"11/04/2024";"30/04/2024";"RIO GRANDE DO NORTE";"Senador Elói de Souza";"RN";"Lixão Senador Eloy de Souza (Coordenadas:202307.44 m E 9332760.61 m S)";"";"";"";"";"Senador Elói de Souza";"RN";"";"";""
11765;"2024";"2023";"11/04/2024";"30/04/2024";"RIO GRANDE DO NORTE";"Senador Georgino Avelino";"RN";"Lixão Senador Georgino Avelino (Coordenadas262679.64 m E 9318728.34 m S)";"";"";"";"";"Senador Georgino Avelino";"RN";"";"";""
11765;"2024";"2023";"11/04/2024";"30/04/2024";"RIO GRANDE DO NORTE";"Serra Caiada";"RN";" Lixão Serra Caiada (Coordenadas:200144.00 m E 9323062.00 m S)";"";"";"";"";"Serra Caiada";"RN";"";"";""
11765;"2024";"2023";"11/04/2024";"30/04/2024";"RIO GRANDE DO NORTE";"Serra de São Bento";"RN";"Lixão Serra de São Bento (Coordenadas:201510.00 m E 9291256.00 m S)";"";"";"";"";"Serra de São Bento";"RN";"";"";""
11765;"2024";"2023";"11/04/2024";"30/04/2024";"RIO GRANDE DO NORTE";"Felipe Guerra";"RN";"Lixão em Felipe Guerra (coordenadas: 649775.60 m E 9379825.01 m S)";"";"";"";"";"Felipe Guerra";"RN";"";"";""
11765;"2024";"2023";"11/04/2024";"30/04/2024";"RIO GRANDE DO NORTE";"Pau dos Ferros";"RN";"Lixão Pau dos Ferros (590498.56 m E 9327660.68 m S)";"";"";"";"";"Pau dos Ferros";"RN";"";"";""
11765;"2024";"2023";"11/04/2024";"30/04/2024";"RIO GRANDE DO NORTE";"Serra Negra do Norte";"RN";"Lixão em Serra Negra do Norte (Coordenadas:679694.18 m E 9265011.06 m S)";"";"";"";"";"Serra Negra do Norte";"RN";"";"";""
11765;"2024";"2023";"11/04/2024";"30/04/2024";"RIO GRANDE DO NORTE";"Frutuoso Gomes";"RN";"Lixão em Frutuoso Gomes (626554.00 m E 9317648.00 m S)";"";"";"";"";"Frutuoso Gomes";"RN";"";"";""
11765;"2024";"2023";"11/04/2024";"30/04/2024";"RIO GRANDE DO NORTE";"Grossos";"RN";"Lixão em Grossos (coordenadas: 705507.00 m E 9446563.00 m S)";"";"";"";"";"Grossos";"RN";"";"";""
11765;"2024";"2023";"11/04/2024";"30/04/2024";"RIO GRANDE DO NORTE";"Guamaré";"RN";"Lixões em Guamaré (792085.00 m E /9431328.00 m S  - 794225.54 m E /9418964.78 m S)";"";"";"";"";"Guamaré";"RN";"";"";""
11765;"2024";"2023";"11/04/2024";"30/04/2024";"RIO GRANDE DO NORTE";"João Câmara";"RN";"Lixões em João Câmara (coordenadas: 187328.90 m E 9381870.03 m S)";"";"";"";"";"João Câmara";"RN";"";"";""
11765;"2024";"2023";"11/04/2024";"30/04/2024";"RIO GRANDE DO NORTE";"José da Penha";"RN";"Lixão em José da Penha (coordenadas: 581456.46 m E /9300944.04 m S)";"";"";"";"";"José da Penha";"RN";"";"";""
11765;"2024";"2023";"11/04/2024";"30/04/2024";"RIO GRANDE DO NORTE";"Tenente Ananias";"RN";"Lixão em Tenente Ananias (Coordenadas:585822.40 m E 9286625.15 m S)";"";"";"";"";"Tenente Ananias";"RN";"";"";""
11765;"2024";"2023";"11/04/2024";"30/04/2024";"RIO GRANDE DO NORTE";"Jucurutu";"RN";"Lixão em Jucurutu (coordenadas: 720767.30 m E 9331814.88 )";"";"";"";"";"Jucurutu";"RN";"";"";""
11765;"2024";"2023";"11/04/2024";"30/04/2024";"RIO GRANDE DO NORTE";"Umarizal";"RN";"Lixão em Umarizal (coordenadas628152.69 m E 9344157.96 m S)";"";"";"";"";"Umarizal";"RN";"";"";""
11765;"2024";"2023";"11/04/2024";"30/04/2024";"RIO GRANDE DO NORTE";"Luís Gomes";"RN";"Lixão em Luís Gomes (coordenadas: 567697.00 m E 9297136.05 m S)";"";"";"";"";"Luís Gomes";"RN";"";"";""
11765;"2024";"2023";"11/04/2024";"30/04/2024";"RIO GRANDE DO NORTE";"Marcelino Vieira";"RN";"Lixão em Marcelino Vieira (coordenadas: 594703.02 m E 9304041.19 m S)";"";"";"";"";"Marcelino Vieira";"RN";"";"";""
11765;"2024";"2023";"11/04/2024";"30/04/2024";"RIO GRANDE DO NORTE";"Mossoró";"RN";"Lixão em Mossoró (691262.00 m E 9426815.00 m S)";"";"";"";"";"Mossoró";"RN";"";"";""
11765;"2024";"2023";"11/04/2024";"30/04/2024";"RIO GRANDE DO NORTE";"Natal";"RN";"Lixão em Natal (coordenada: 251082.40 m E 9354214.29 m S)";"";"";"";"";"Natal";"RN";"";"";""
11765;"2024";"2023";"11/04/2024";"30/04/2024";"RIO GRANDE DO NORTE";"Paraná";"RN";"Lixão em Paraná (576330.00 m E 9283538.00 m S)";"";"";"";"";"Paraná";"RN";"";"";""
11765;"2024";"2023";"11/04/2024";"30/04/2024";"RIO GRANDE DO NORTE";"PENDÊNCIAS";"RN";"Lixão PENDENCIAS (Coordenadas: 755773.72 m E 9418231.01 m S)";"";"";"";"";"PENDÊNCIAS";"RN";"";"";""
11765;"2024";"2023";"11/04/2024";"30/04/2024";"RIO GRANDE DO NORTE";"Poço Branco";"RN";"Lixão Poço Branco (Coordenadas:203560.04 m E 9378379.31 m S)";"";"";"";"";"Poço Branco";"RN";"";"";""
11765;"2024";"2023";"11/04/2024";"30/04/2024";"RIO GRANDE DO NORTE";"Poço Branco";"RN";"Lixão Poço Branco (Coordenadas: 201667.71 m E 9386998.48 m S)";"";"";"";"";"Poço Branco";"RN";"";"";""
11765;"2024";"2023";"11/04/2024";"30/04/2024";"RIO GRANDE DO NORTE";"São Tomé";"RN";"Lixão São Tomé (Coordenadas:822127.49 m E 9338982.96 m S)";"";"";"";"";"São Tomé";"RN";"";"";""
11765;"2024";"2023";"11/04/2024";"30/04/2024";"RIO GRANDE DO NORTE";"Serra de São Bento";"RN";"Lixão Serra de São Bento (Coordenadas:201622.00 m E 9291163.00 m S)";"";"";"";"";"Serra de São Bento";"RN";"";"";""
11765;"2024";"2023";"11/04/2024";"30/04/2024";"RIO GRANDE DO NORTE";"Portalegre";"RN";"Lixão Portalegre (Coordenadas: 613730.00 m E 9334080.27 m S)";"";"";"";"";"Portalegre";"RN";"";"";""
11765;"2024";"2023";"11/04/2024";"30/04/2024";"RIO GRANDE DO NORTE";"Fernando Pedroza";"RN";"Lixão em Fernando Pedroza (coordenadas: 772275.53 m E 9369727.49 m S)";"";"";"";"";"Fernando Pedroza";"RN";"";"";""
11765;"2024";"2023";"11/04/2024";"30/04/2024";"RIO GRANDE DO NORTE";"Portalegre";"RN";"Lixão Portalegre (Coordenadas: 613188.00 m E 9333931.00 m S)";"";"";"";"";"Portalegre";"RN";"";"";""
11765;"2024";"2023";"11/04/2024";"30/04/2024";"RIO GRANDE DO NORTE";"Florânia";"RN";"Lixão em Florânia (coordenadas: 743670.00 m E 9315606.00 m S)";"";"";"";"";"Florânia";"RN";"";"";""
11765;"2024";"2023";"11/04/2024";"30/04/2024";"RIO GRANDE DO NORTE";"Serra do Mel";"RN";"Lixão Serra do Mel (Coordenadas: 719163.01 m E 9426780.76 m S)";"";"";"";"";"Serra do Mel";"RN";"";"";""
11765;"2024";"2023";"11/04/2024";"30/04/2024";"RIO GRANDE DO NORTE";"Portalegre";"RN";"Lixão Portalegre (Coordenadas: 610293.65 m E 9332351.73 m S)";"";"";"";"";"Portalegre";"RN";"";"";""
11765;"2024";"2023";"11/04/2024";"30/04/2024";"RIO GRANDE DO NORTE";"Pureza";"RN";"Lixão Pureza (Coordenadas: 214977.95 m E 9398443.05 m S)";"";"";"";"";"Pureza";"RN";"";"";""
12287;"2024";"2023";"23/04/2024";"25/04/2024";"SANTA CATARINA";"Abdon Batista";"SC";"Na elaboração do Plano Estadual de Resíduos Sólidos de Santa Catarina (páginas 184 a 188) foram identificadas 136 áreas degradadas por disposição inadequada de resíduos sólidos (antigos lixões). Com relação a situação destas áreas, constatou-se que 33% das áreas degradadas identificadas no Estado ainda não foram objeto de programa de recuperação ambiental; 3% foram recuperadas parcialmente; 39% estão com processo de recuperação em andamento ou concluído; e 25% não se tem a informação quanto à situação das mesmas.";"";"";"";"";"Abdon Batista";"SC";"";"";""
12247;"2024";"2023";"23/04/2024";"23/04/2024";"TOCANTINS";"";"TO";"";"";"";"";"";"";"";"";"";""
