"Declaração";"Ano";"Ano Referencia";"Data Criação";"Data Entrega";"Declarante";"UF Declarante";"Possui Plano Estadual de Resíduos Sólidos";"Link do Plano";"Periocidade da Revisão";"Ano Última Versão Plano";"Meta Informada";"Meta - Valor Atual";"Meta - Valor";"Meta - Prazo";"Meta - Programa";"Meta - Programa - Descritivo"
11513;"2024";"2023";"05/02/2024";"12/03/2024";"ALAGOAS";"AL";"Sim";"http://residuossolidos.al.gov.br/vgmidia/arquivos/316_ext_arquivo.pdf";"04";"2015";"Reutilização";10;3;"2025";"";""
11513;"2024";"2023";"05/02/2024";"12/03/2024";"ALAGOAS";"AL";"Sim";"http://residuossolidos.al.gov.br/vgmidia/arquivos/316_ext_arquivo.pdf";"04";"2015";"Reciclagem";50;28;"2025";"Programa Alagoas Catador";"Finalidade de integrar e articular das ações do Governo Estadual voltadas ao apoio e fomento para a organização produtiva dos catadores de materiais reutilizáveis e recicláveis, a melhoria das condições de trabalho, a ampliação das oportunidades de inclusão socioeconômica e a expansão da coleta seletiva de resíduos sólidos, da reutilização e da reciclagem por meio da atualização desse segmento. Programa da coleta seletiva em 50 municípios alagoanos."
11513;"2024";"2023";"05/02/2024";"12/03/2024";"ALAGOAS";"AL";"Sim";"http://residuossolidos.al.gov.br/vgmidia/arquivos/316_ext_arquivo.pdf";"04";"2015";"Aproveitamento energético de gases de aterros sanitários";14378;32820;"2025";"";""
11513;"2024";"2023";"05/02/2024";"12/03/2024";"ALAGOAS";"AL";"Sim";"http://residuossolidos.al.gov.br/vgmidia/arquivos/316_ext_arquivo.pdf";"04";"2015";"Eliminação e recuperação de lixões";102;0;"2018";"Eliminações dos lixões";"Os lixões do estado de Alagoas foram todos fechados, com o apoio de várias instituições, no ano de 2018. O órgão fiscalizador continua cobrando a todos os municípios do estado a elaboração do PRAD."
11490;"2024";"2023";"17/01/2024";"17/01/2024";"MARANHÃO";"MA";"Sim";"";"4";"2023";"Eliminação e recuperação de lixões";217;100;"2025";"Vistoria e Mapeamento de lixões ";"Vistoriar e mapear lixões dos municípios maranhenses, afim de encontrar soluções para o encerramento."
11490;"2024";"2023";"17/01/2024";"17/01/2024";"MARANHÃO";"MA";"Sim";"";"4";"2023";"Eliminação e recuperação de lixões";217;100;"2025";"Capacitação e implementação de coleta seletiva";"Capacitar Municípios maranhenses e implementar a coleta seletiva nos mesmos."
11490;"2024";"2023";"17/01/2024";"17/01/2024";"MARANHÃO";"MA";"Sim";"";"4";"2023";"Eliminação e recuperação de lixões";217;100;"2025";"Vistoria e Mapeamento de lixões ";"Vistoriar e mapear lixões dos municípios maranhenses, afim de encontrar soluções para o encerramento."
11490;"2024";"2023";"17/01/2024";"17/01/2024";"MARANHÃO";"MA";"Sim";"";"4";"2023";"Eliminação e recuperação de lixões";217;100;"2025";"Capacitação e implementação de coleta seletiva";"Capacitar Municípios maranhenses e implementar a coleta seletiva nos mesmos."
11490;"2024";"2023";"17/01/2024";"17/01/2024";"MARANHÃO";"MA";"Sim";"";"4";"2023";"Redução";599.9;4000;"2025";"";""
12580;"2024";"2023";"29/04/2024";"29/04/2024";"Minas Gerais";"MG";"Não";"";"";"";"";;;"";"";""
11498;"2024";"2023";"23/01/2024";"19/02/2024";"MATO GROSSO DO SUL";"MS";"Sim";"https://www.imasul.ms.gov.br/publicacoes/";"04";"2020";"";;;"";"";""
12286;"2024";"2023";"23/04/2024";"30/04/2024";"MATO GROSSO";"MT";"Sim";"https://persmt.setec.ufmt.br/";"4";"2022";"";;;"";"";""
12347;"2024";"2023";"24/04/2024";"29/04/2024";"Piauí";"PI";"Não";"";"";"";"Eliminação e recuperação de lixões";23;50;"1 ano";"Política de Logística Reversa";"O Piauí desenvolve por meio da Logística Reversa a devolução de 9191,50 toneladas de embalagens em geral recuperadas no ano de 2023, considerando as embalagens introduzidas no Estado "
12347;"2024";"2023";"24/04/2024";"29/04/2024";"Piauí";"PI";"Não";"";"";"";"Reciclagem";9119.5;11000;"1";"Política de Logística Reversa";"Incentivo a logística reversa instituída por Decreto Estadual que teve como objetivo alcançados e declarados pelas entidades gestoras de 9119,5 ton de embalagens em geral no ano de 2023, das embalagens inseridas no PI em 2022"
12347;"2024";"2023";"24/04/2024";"29/04/2024";"Piauí";"PI";"Não";"";"";"";"Eliminação e recuperação de lixões";23;50;"1 ano";"Política de Fechamento de Lixões ( SEMARH/MP/TCE)";"Ações de incentivo ao licenciamento de aterros particulares (3); ações de fiscalização e fechamento de lixões. "
11603;"2024";"2023";"02/04/2024";"29/04/2024";"PARANÁ";"PR";"Sim";"https://www.sedest.pr.gov.br/Pagina/Residuos-Solidos";"3";"2021";"Redução";0;0.03;"2026";"";""
11603;"2024";"2023";"02/04/2024";"29/04/2024";"PARANÁ";"PR";"Sim";"https://www.sedest.pr.gov.br/Pagina/Residuos-Solidos";"3";"2021";"Eliminação e recuperação de lixões";56;0;"2037";"";""
11603;"2024";"2023";"02/04/2024";"29/04/2024";"PARANÁ";"PR";"Sim";"https://www.sedest.pr.gov.br/Pagina/Residuos-Solidos";"3";"2021";"Reciclagem";3700000;4000000;"10";"";""
12971;"2024";"2023";"30/04/2024";"30/04/2024";"Rio de Janeiro";"RJ";"Sim";"https://observatoriopnrs.wordpress.com/wp-content/uploads/2014/11/rio-de-janeiro-plano-estadual-de-resc3adduos-sc3b3lidos.pdf";"04";"2013";"Eliminação e recuperação de lixões";98;100;"2024";"PROGRIDE - Programa Estadual e Gestão de Resíduos Integrada e Desenvolvimento Sustentável";""
12971;"2024";"2023";"30/04/2024";"30/04/2024";"Rio de Janeiro";"RJ";"Sim";"https://observatoriopnrs.wordpress.com/wp-content/uploads/2014/11/rio-de-janeiro-plano-estadual-de-resc3adduos-sc3b3lidos.pdf";"04";"2013";"Eliminação e recuperação de lixões";98;100;"2024";"Programa Pacto pelo Saneamento";"eliminação dos Lixões e recuperação das áreas degradadas"
12971;"2024";"2023";"30/04/2024";"30/04/2024";"Rio de Janeiro";"RJ";"Sim";"https://observatoriopnrs.wordpress.com/wp-content/uploads/2014/11/rio-de-janeiro-plano-estadual-de-resc3adduos-sc3b3lidos.pdf";"04";"2013";"Coleta Seletiva";40;100;"2014";"";""
11765;"2024";"2023";"11/04/2024";"30/04/2024";"RIO GRANDE DO NORTE";"RN";"Sim";"http://adcon.rn.gov.br/ACERVO/semarh/Conteudo.asp?TRAN=ITEM&TARG=152889&ACT=&PAGE=0&PARM=&LBL=Programas";"8";"2016";"Eliminação e recuperação de lixões";167;0;"2026";"";""
12287;"2024";"2023";"23/04/2024";"25/04/2024";"SANTA CATARINA";"SC";"Sim";"https://www.aguas.sc.gov.br/jsmallfib_top/Estudos%20e%20Documentos/Plano_Estadual_Residuos_Solidos_SC.pdf";"";"2018";"Coleta Seletiva";143922.5;307076.39;"2030";"Redução dos resíduos sólidos recicláveis a serem dispostos em aterros sanitários, por meio da coleta seletiva.";"- Fomentar a implantação ou ampliação da coleta seletiva nos municípios, priorizando os municípios organizados em arranjos (regiões integradas ou outras formas de agrupamento) e que possuem os planos de gestão integrada de resíduos sólidos intermunicipais e/ou municipais.
- Criar política de incentivo fiscal e financeiro para as atividades recicladoras de resíduos sólidos e para aquelas que utilizam matéria prima secundária no seu processo produtivo.
- Realizar estudo econômico/tributário para incentivos fiscais no mercado de recicláveis no Estado e nos municípios, beneficiando, por exemplo, as empresas que utilizarem embalagens potencialmente recicláveis.
- Fomentar a compostagem e outros modelos para o aproveitamento de resíduos orgânicos, inclusive com apoio institucional a pesquisas e divulgação de novos processos de aproveitamento desse tipo de resíduo."
12247;"2024";"2023";"23/04/2024";"23/04/2024";"TOCANTINS";"TO";"Sim";"https://central.to.gov.br/download/224962";"";"2017";"Coleta Seletiva";;;"";"Programa Gestão Compartilhada e Manejo de Resíduos Sólidos Urbanos";"Ampliar o atual índice de cobertura do serviço de coleta seletiva de recicláveis no estado"
12247;"2024";"2023";"23/04/2024";"23/04/2024";"TOCANTINS";"TO";"Sim";"https://central.to.gov.br/download/224962";"";"2017";"Reciclagem";;;"";"Programa Inclusão Social e Fortalecimento das Cooperativas e Associações de Catadores de Materiais Recicláveis";"Incentivar a implantação da coleta seletiva nos municípios com a participação de catadores de materiais recicláveis e reutilizáveis organizados em associações ou cooperativas.

"
12247;"2024";"2023";"23/04/2024";"23/04/2024";"TOCANTINS";"TO";"Sim";"https://central.to.gov.br/download/224962";"";"2017";"Reutilização";;;"";"Programa de Educação Ambiental e Comunicação Social";"Promover a educação ambiental voltada a não geração, redução, reutilização e reciclagem de resíduos sólidos em todo o Estado do Tocantins."
12247;"2024";"2023";"23/04/2024";"23/04/2024";"TOCANTINS";"TO";"Sim";"https://central.to.gov.br/download/224962";"";"2017";"Aproveitamento energético de gases de aterros sanitários";;;"";"Programa de Fomento à Pesquisa e Desenvolvimento Tecnológico";"Realização de estudos de viabilidade técnica e económica de sistema de captação de gases em aterros sanitários"
12247;"2024";"2023";"23/04/2024";"23/04/2024";"TOCANTINS";"TO";"Sim";"https://central.to.gov.br/download/224962";"";"2017";"Redução";;;"";"Programa Gestão Compartilhada e Manejo de Resíduos Sólidos Urbanos";"Reduzir os resíduos inorgânicos a serem dispostos em aterro sanitário;

Reduzir os resíduos orgânicos a serem dispostos em aterro sanitário."
12247;"2024";"2023";"23/04/2024";"23/04/2024";"TOCANTINS";"TO";"Sim";"https://central.to.gov.br/download/224962";"";"2017";"Eliminação e recuperação de lixões";;;"";"Programa Gestão Compartilhada e Manejo de Resíduos Sólidos Urbanos";"Recuperar áreas degradadas em função da disposição inadequada de resíduos sólidos;

Eliminar os lixões e aterros controlados e promover a disposição final ambientalmente adequada de rejeitos;

Incentivar os municípios a se organizarem em arranjos regionalizados para prestação de serviços de manejo de resíduos sólidos;

Apoiar os Muncípios na elaboração e reformulação dos planos municipais e/ou intermunicipais de gestão de resíduos sólidos."
