"Declaração";"Ano";"Ano Referencia";"Data Criação";"Data Entrega";"Declarante";"UF Declarante";"Descrição";"Descritivo/Detalhaemnto"
11513;"2024";"2023";"05/02/2024";"12/03/2024";"ALAGOAS";"AL";"Fluxos de Resíduos no Estado de Alagoas";"Alumínio - SP/BH/RJ; Ferro - ES/PE; aço - SP; aparas - SE/ES; Bronze - SP; baterias - SP; papel/jornal - PE; plástico fino/cacareco fino - AL/PB/PE/SP; PET- PB; PVC - CE/PI; papelão - PE; plástico grosso/cacareco grosso - AL/PB/PE/SP; vidro/litro- PE; cobre - SP/RJ; carina - BA; construção civil - reaproveitamento/AL;
Papel, papelão, filme (plástico), PET, cadeiras em geral (exceto madeira), ferro,  - Glória (BA) Fonte: Associação de Catadores e Recicladores Alagoanos - ASCRA, 2023 Inhapi (AL); PET, ferro, PVC, cacareco, papelão, plástico - Fonte: Associação de Trabalho dos Catadores de Batalha - COOPBTL, 2023; cacareco, PET, ferro, latinha, alumínio, papelão, cobre Fonte: Associação de Catadores de Recicláveis Anadiense - ASCARAN; PET, papelão, plástico branco, plástico cadeira, ferro, placa, cobre, alumínio, latinha, metal. Fonte: Associação dos Catadores de Materiais Recicláveis de Jequiá da Praia - ASCAMAR, 2023; Latinha, papelão, vidro, PET, chaparia, metal e filme. Fonte: Associação de Catadores de Arapiraca/AL. Papelão, ferro, sacola, metal, cadeira, borracha, alumínio, bronze, cacareco, bateria e PET. Fonte: Associação dos Catadores de Delmiro Gouveia - ASCADEL, 2023; Plástico, papel, ferro, PVC, papelão, metal, eletrônicos. Fonte: Associação dos Catadores de Materiais Recicláveis São José - ASCAMARE- 2023, Coruripe/AL.; Isopor, ferro, papelão, aparas, PET, plástico - AL; Tetra PAK - RS. Fonte: Cooperativa de Recicladores de Alagoas Unidade Benedito - COOPREL BB, 2023 - Maceió/AL.; PET, alumínio, óleo, cacareco, ferro, papelão, aparas, plástico fino, metal, vidro - Bom Conselho/PE - Fonte: Associação dos Recicladores de Quebrangulo - ARAQUE.; Papelão, plástico, cacareco, ferro e plástico branco - Maceió/AL. Fonte: Cooperativa de Trabalho dos Recicláveis de Maragogi - UNIRECICLA; 
Logística Reversa:
Vasilhame óleo LUBRIFICANTE: AL/PE/BA - Fonte Jogue Limpo: 2022; Lâmpadas Fluorescentes: SP/BA - Fonte: Qualitec 2023; Pneumático: AL - Fonte: Alagoas Ambiental/2023; Eletroeletrônicos: AL, PR, SC, SP, PE Fonte: Biotigital/2022."
11513;"2024";"2023";"05/02/2024";"12/03/2024";"ALAGOAS";"AL";"Fluxo de Resíduos do Estado de Alagoas";"Logística Reversa: Vasilhame óleo lubrificante: AL/PE/BA Fonte: Jogue Limpo 2022; Lâmpadas Fluorescentes: SP/BA Fonte: Qualitec/2023; Vasilhames de agrotóxicos: SP/MG/PR/SC/MT fonte: INPEV/2022; Eletroeletrônicos: AL/PR/SC/SP/PE Fonte: Biodigital/2023."
11490;"2024";"2023";"17/01/2024";"17/01/2024";"MARANHÃO";"MA";"";""
12580;"2024";"2023";"29/04/2024";"29/04/2024";"Minas Gerais";"MG";"MTR-MG";"O Sistema MTR-MG foi instituído pela Deliberação Normativa COPAM nº 232, de 27 de fevereiro de 2019, publicada em 09/03/2019. A Deliberação estabelece procedimentos para o controle de movimentação e destinação de resíduos sólidos e rejeitos no estado de Minas Gerais, além de definir os resíduos para os quais a Deliberação não se aplica. A DN também estabelece os resíduos para os quais não se aplica a obrigatoriedade de emissão do MTR e do CDF por meio do sistema, mas que devem ser declarados semestralmente por seus geradores e destinadores por meio da Declaração de Movimentação de Resíduos. 
Constituem usuários do Sistema MTR-MG, o gerador, o transportador, o armazenador temporário e o destinador de resíduos e rejeitos, definidos nos incisos I, II, III e IV do art. 3º da DN nº 232/2019, nas seguintes hipóteses:
I – estarem sediados no estado de Minas Gerais;
 II – estarem sediados em outro Estado da federação e receberem ou destinarem resíduos sólidos ou rejeitos para Minas Gerais, ainda que eventualmente;
 III – realizarem o transporte terrestre de resíduos sólidos ou rejeitos utilizando via pública do estado de Minas Gerais, ressalvado o previsto no art. 2º da DN nº 232/2019. 
Resíduos e rejeitos abrangidos pelo Sistema MTR
 O sistema MTR se aplica a Resíduos industriais, da mineração, de serviços de saúde, da construção civil, de estabelecimentos comerciais e prestadores de serviços, dos serviços públicos de saneamento básico, de serviços de transportes, à exceção dos resíduos e situações previstas nos artigos 2º e 11 da Deliberação Normativa nº 232/2019. Destaca-se que os resíduos sólidos gerados por pessoa jurídica submetidos a sistema de logística reversa formalmente instituído, também são sujeitos à MTR, CDF e DMR. Ressalta-se que essa obrigatoriedade de controle via MTR, CDF e DMR não se aplica aos resíduos submetidos a sistema de logística reversa formalmente instituído, quando gerados por pessoa física, na etapa compreendida pelo transporte primário, assim entendido como a primeira etapa do transporte a partir do local de geração até o ponto ou local de entrega oficial do sistema, ou até a central de recebimento desses resíduos. 
Não são abrangidos pelo sistema MTR- MG:
 - resíduos sólidos urbanos coletados pela administração pública municipal, inclusive os resíduos de capina, poda e supressão de vegetação em área urbana ou rural executadas por empresas detentoras de concessão da distribuição de energia elétrica e suas contratadas, em função das atividades de manutenção preventiva ou corretiva em seus sistemas.
 - resíduos sólidos e rejeitos agrossilvipastoris assim entendidos aqueles gerados na propriedade rural, inerentes às atividades agropecuárias e silviculturais, incluídos os relacionados aos insumos utilizados nessas atividades. Para os resíduos e rejeitos constituídos por agrotóxicos e suas embalagens, bem como os medicamentos veterinários e suas embalagens, a dispensa de uso do sistema se dará apenas para a etapa compreendida pelo transporte primário, assim entendido como a etapa do transporte a partir do ponto de geração do resíduo até a central ou posto de recebimento de embalagens de agrotóxicos e afins, vazias ou contendo resíduos ou, no caso de medicamentos e suas embalagens, até o ponto ou local de entrega.
 - resíduos sólidos e rejeitos que não foram gerados em Minas Gerais nem serão destinados no Estado, estando apenas em trânsito em território mineiro.
 - resíduos constituídos por solo proveniente de obras de terraplanagem 
– material excedente advindo de movimentação de terra, gerado durante a execução de uma obra, podendo ser composto por solo, pedras, pedregulhos ou material vegetal dispensado de comprovação de destinação de rendimento lenhoso. 
- resíduos e rejeitos provenientes de manutenção in loco de estruturas e equipamentos de sistemas públicos de saneamento ou de rede de distribuição de energia elétrica, na etapa que compreende o transporte do local de manutenção até o local de recebimento dos resíduos mantido pelo gerador.
 - resíduos submetidos a sistema de logística reversa formalmente instituído, quando gerados por pessoa física, na etapa compreendida pelo transporte primário (primeira etapa do transporte a partir do local de geração até o ponto ou local de entrega oficial do sistema, ou até a central de recebimento desses resíduos). 
A Portaria n°280 de 2020 do Ministério do Meio Ambiente, estabelece no artigo 2 º,§ 1º que “ Os órgãos ambientais competentes que possuírem sistemas de coleta, integração, sistematização e disponibilização de dados de operacionalização e implantação dos planos de gerenciamento de resíduos sólidos, com informações compatíveis com os requisitos do MTR, deverão proceder a integração com o SINIR, de forma a manter o MTR nacional atualizado, na periodicidade das informações coletadas e geradas pelo sistema subnacional.” O processo de integração do Sistema MTR-MG ao sistema nacional iniciou-se no final do ano de 2020 e foi concluído. Dessa forma, as informações inseridas pelos usuários no sistema MTR de Minas Gerais são disponibilizadas também no SINIR.
Em Abril de 2022 a Feam publicou  o PANORAMA DOS RESÍDUOS SÓLIDOS NO ESTADO DE MINAS GERAIS COM BASE NOS DADOS DO SISTEMA MTR – MG, que encontra-se disponível em: https://www.feam.br/images/stories/2022/MTR/Panorama_MTR_ano_base_2021.pdf
"
12580;"2024";"2023";"29/04/2024";"29/04/2024";"Minas Gerais";"MG";"Resíduos de Serviço de Saúde – RSS ";"O acompanhamento no estado de MG foi estabelecido pela Deliberação Normativa COPAM nº 171, de 22 de dezembro de 2011 por meio da Declaração da Gestão de RSS, documento que até o ano de 2020 era enviado à FEAM anualmente, até o dia 31 de março, pelos empreendimentos de disposição final e tratamento de RSS, em formulário próprio. Essa declaração contém informações relativas ao ano civil anterior de cada empreendimento declarante, dentre as quais estão: a capacidade instalada; a quantidade de resíduos recebida no ano, por grupo; o município de origem do resíduo; a forma de destinação dos RSS realizada na unidade. Com o estabelecimento do Sistema MTR-MG, além dos geradores emitirem o documento para seu transporte, os empreendimentos de destinação de RSS devem também prestar informações sobre os resíduos destinados em suas unidades por meio da Declaração de Movimentação de Resíduos (DMR). Considerando que as informações prestadas por meio das DMRs dispensam a necessidade de apresentação da Declaração da Gestão de RSS de que tratava o art. 16 da Deliberação Normativa Copam n° 171, de 2011, foi publicada a Deliberação Normativa Copam n° 242 de 2021,  revogando o art.16 da Deliberação Normativa Copam nº 171, de 22 de dezembro de 2011 e portanto, eliminando a obrigatoriedade do encaminhamento da Declaração da Gestão de RSS pelos empreendimentos destinadores."
12580;"2024";"2023";"29/04/2024";"29/04/2024";"Minas Gerais";"MG";"Resíduos da Construção Civil – RCC";" Os resíduos da construção civil em MG cumprem as disposições da resolução CONAMA nº307/2002, e a nível estadual não existe norma específica relativa ao tema. Em 2019 foi instituído o Sistema MTR – MG pela Deliberação Normativa Copam nº232/19, na qual, entre outras disposições, estabeleceu a obrigação aos geradores, transportadores, armazenadores temporários e destinadores de resíduos da construção civil de se cadastrarem no Sistema MTR-MG e registrarem nesta plataforma a movimentação de resíduos gerados e/ou recebidos em Minas Gerais. Os dados inseridos no Sistema pelos usuários permitem obter informações sobre os fluxos realizados no estado, porém as regras da Deliberação Normativa n° 232/2019, que instituiu o Sistema Estadual de Manifesto de Transporte de Resíduos (Sistema MTR-MG), passaram a ser obrigatórias em 09 de outubro de 2019, salvo no caso dos resíduos da construção civil (RCC). Para os RCC o início da obrigatoriedade se daria em 09 de abril de 2020, porém tal prazo foi temporariamente suspenso devido à situação de emergência em saúde pública resultante da pandemia de COVID-19. Com base na Resolução Conjunta SEMAD/FEAM/IEF/IGAM/ARSAE nº 3.023/2020, publicada em 20 de novembro de 2020, o registro de movimentação de resíduos da construção civil no Sistema MTR-MG tornou-se obrigatória a partir de 4 de dezembro de 2020."
12580;"2024";"2023";"29/04/2024";"29/04/2024";"Minas Gerais";"MG";"Logística Reversa";"Em Minas Gerais, até 2023, os sistemas de logística reversa eram implementados conforme estabelecia a Deliberação Normativa Copam nº 188/2013 através de Termos de Compromisso, que são acordos de natureza contratual firmados entre o poder público e fabricantes, importadores, distribuidores ou comerciantes, visando a aplicação da responsabilidade compartilhada pelo ciclo de vida do produto. Os termos de compromisso eram acompanhados pela Gerência de Resíduos Sólidos da Feam, e agora, pela Diretoria de Resíduos Especiais e Industriais da Semad, após a reorganização administrativa que aconteceu no Estado em outubro de 2023.
O estado de Minas Gerais, por meio da Secretaria de Meio Ambiente e Desenvolvimento Sustentável e a Fundação Estadual do Meio Ambiente na condição de compromitentes e a Associação Brasileira de Baterias Automotivas e Industriais e o Instituto Brasileiro de Energia Reciclável, na condição de compromissários, firmaram Termo de Compromisso em 03-04-2019 visando a implementação e operacionalização do Sistema de Logística Reversa de Baterias Inservíveis de Chumbo Ácido Automotivas, industriais e de motocicletas, no qual foram estabelecidas metas progressivas visando a adesão de atores (fabricantes, distribuidores, comerciantes, recicladores e importadores), bem como recolhimento e destinação de baterias inservíveis, priorizando a reciclagem.
Em 09/02/2024 foi publicada a Deliberação Normativa Copam n. 249/2024 que “Define as diretrizes para implementação, operacionalização e monitoramento dos sistemas de logística reversa no estado de Minas Gerais, e altera a Deliberação Normativa Copam nº 217, de 06 de dezembro de 2017.” A partir do mês de Dezembro de 2024 os Sistemas de Logística Reversa deverão encaminhar os Planos de Logística Reversa para o órgão ambiental, independente de termo de compromisso.
 Os resíduos submetidos a  logística reversa formalmente instituído também se inserem nas obrigatoriedades do Sistema MTR, sendo que os geradores, pessoa jurídica, emitem o documento para seu transporte, e ainda, se exercerem atividades passíveis de licenciamento ambiental no estado devem preencher a Declaração de Movimentação de Resíduos (DMR). Da mesma forma os destinadores desses resíduos devem realizar esse preenchimento.
"
11498;"2024";"2023";"23/01/2024";"19/02/2024";"MATO GROSSO DO SUL";"MS";"Fluxo dos Resíduos da Limpeza Pública";"De acordo com o PERS-MS, esses resíduos são provenientes da capina e roçada, os quais são encaminhados para trituração e moagem e posteriormente a compostagem (quando disponível). Já os provenientes da varrição e outros são primeiro caracterizados e separados em três tipos, os resíduos recicláveis, que vão para Unidade de Triagem de Resíduos para serem triados e comercializados, os rejeitos, os quais são encaminhados para aterro sanitário, passando ou não por Unidade de Transbordo, e os resíduos orgânicos, os quais são encaminhados para trituração e moagem e posteriormente para compostagem (se disponível).
Fonte: PERS-MS"
11498;"2024";"2023";"23/01/2024";"19/02/2024";"MATO GROSSO DO SUL";"MS";"Fluxo dos Resíduos da Construção Civil (grandes geradores)";"Os resíduos da construção civil, para grandes geradores, devem ter a geração separada pelas classes definidas na Resolução CONAMA N° 307/2002 (A, B, C e D). Os resíduos de classe A são enviados para Área de Triagem e/ou Transbordo de Resíduos da Construção Civil e e seguida para um aterro de reservação de resíduos de classe A. Já os resíduos de classe B devem ser encaminhados para organização de catadores de materiais recicláveis para que sejam triados em materiais recicláveis, os quais podem ser comercializados, e em rejeitos, os quais devem ser encaminhados para aterro sanitário, passando ou não por Unidade de Transbordo.
Os resíduos classe C devem ser encaminhados para o aterro sanitário, passando ou não por Unidade de Transbordo.Os resíduos de classe D devem ser encaminhados a aterros sanitários para resíduos perigosos
Classe I.
Fonte: PERS-MS"
11498;"2024";"2023";"23/01/2024";"19/02/2024";"MATO GROSSO DO SUL";"MS";"Fluxo dos Resíduos de Mineração";"Os resíduos gerados na extração de minério são segregados in situ a partir da concentração. Quando possuem baixa concentração, geralmente são considerados rejeitos e encaminhados para espessamento e para um dos três tipos de disposição: pilhas controladoras/enchimento, vala a céu aberto/galerias subterrâneas ou barragem de rejeito, onde esses rejeitos ficam acondicionados até que possam ser utilizados na construção de estruturas.
Fonte: PERS-MS"
11498;"2024";"2023";"23/01/2024";"19/02/2024";"MATO GROSSO DO SUL";"MS";"Fluxo dos Resíduos Sólidos Domiciliares, comerciais e de prestadores de serviço";"Estes resíduos gerados podem ser segregados ou não segregados. Quando não segregados, são geralmente dispostos diretamente em aterro sanitário ou passam por uma unidade de transbordo previamente.
Observação: apesar de o PERS-MS prever a passagem dos resíduos de coleta convencional por organização de catadores, o Estado tem adotado medidas em seu manual de licenciamento para impedir que isto ocorra, pois a equipe entende que tal fato apenas contribui para a degradação da qualidade de vida e das condições de trabalho desses catadores de materiais recicláveis. Quando os resíduos são segregados, podendo ser tanto pela coleta seletiva (porta a porta) ou em LEVs/PEVs, eles são encaminhados para Unidade de Triagem de Resíduos (UTR), onde os rejeitos triados são encaminhados para aterros sanitários e os materiais recicláveis são comercializados com o intuito de que haja a reciclagem, reutilização ou aproveitamento energético destes.
Fonte: PERS-MS"
11498;"2024";"2023";"23/01/2024";"19/02/2024";"MATO GROSSO DO SUL";"MS";"Fluxo dos Resíduos Agrossilvopastoris";"Esses resíduos podem ser divididos com base na origem de três atividades: agrícola, pecuária e silvicultura. Essas três atividades geram resíduos dos seguintes tipos: 1-matéria orgânica, a qual é encaminhada para aproveitamento e/ou recuperação quando possível; 2- resíduos sólidos domiciliares ou comerciais, os quais são encaminhados para segregação e destinação final adequada (rejeitos para aterro sanitário, recicláveis para comercialização e orgânicos para a compostagem (quando disponível); 3- resíduos de saneamento, os quais devem ser tratados antes da disposição final; 4- resíduos químicos, os quais devem ser devolvidos ao fornecedor; 5- resíduos de construção civil, os quais devem ser destinados em Ecopontos (PEVs); 6- veículos em fim de vida útil, resíduos de medicamentos veterinários, resíduos da logística
reversa, os quais devem ser devolvidos ao responsável por meio de pontos de coleta ou disponibilizados conforme o estabelecido em legislação e normas sobre resíduos de logística reversa; e7- resíduos de serviço de saúde, os quais são tratados e dispostos em aterros sanitários que possam recebê-los.
Fonte: PERS-MS"
11498;"2024";"2023";"23/01/2024";"19/02/2024";"MATO GROSSO DO SUL";"MS";"Fluxo dos Resíduos da Construção Civil";"Os resíduos da construção civil para pequenos geradores é dividida em pequenos volumes e grandes volumes. Os pequenos volumes são encaminhados para Ecoponto (PEV) em recipientes específicos para cada uma das 4 classes de resíduos, dos quais seguem o mesmo fluxo previsto para os resíduos da construção civil de grandes geradores.
Fonte: PERS-MS"
12286;"2024";"2023";"23/04/2024";"30/04/2024";"MATO GROSSO";"MT";"Fluxo de rejeitos para o Aterro Sanitário Particular Sanorte em Sorriso";"Os seguintes municípios destinam seus rejeitos para o aterro sanitário: Ipiranga do Norte, Itanhangá, Nobres, Nova Mutum, Nova Ubiratã, Porto dos Gaúchos, Santa Rita do Trivelato, São José do Rio Claro, Sorriso e Tapurah"
12286;"2024";"2023";"23/04/2024";"30/04/2024";"MATO GROSSO";"MT";"Fluxo de rejeitos para o Aterro Sanitário Municipal de Campo Verde";"O município de Campo Verde destina seus rejeitos para um aterro sanitário de responsabilidade de sua Prefeitura Municipal"
12286;"2024";"2023";"23/04/2024";"30/04/2024";"MATO GROSSO";"MT";"Fluxo de rejeitos para o Aterro Sanitário Municipal de Cáceres";"O município de Cáceres destina seus rejeitos para um aterro sanitário de responsabilidade de sua Prefeitura Municipal"
12286;"2024";"2023";"23/04/2024";"30/04/2024";"MATO GROSSO";"MT";"Fluxo de rejeitos para o Aterro Sanitário Municipal de Campo Novo do Parecis";"O município de Campo Novo do Parecis destina seus rejeitos para um aterro sanitário de responsabilidade de sua Prefeitura Municipal"
12286;"2024";"2023";"23/04/2024";"30/04/2024";"MATO GROSSO";"MT";"Fluxo de rejeitos para o Aterro Sanitário Municipal de Tangará da Serra";"O município de Tangará da Serra destina seus rejeitos para um aterro sanitário de responsabilidade de sua Prefeitura Municipal"
12286;"2024";"2023";"23/04/2024";"30/04/2024";"MATO GROSSO";"MT";"Fluxo de rejeitos para o Aterro Sanitário do Consórcio Público Nascentes do Pantanal em Mirassol d' Oeste";"Os seguintes municípios destinam seus rejeitos para o aterro sanitário: Araputanga, Curvelândia, Glória d'Oeste, Indiavaí, Jauru, Lambari d'Oeste, Mirassol d'Oeste, Porto Esperidião, Reserva do Cabaçal, Rio Branco, Salto do Céu e São José dos Quatro Marcos"
12286;"2024";"2023";"23/04/2024";"30/04/2024";"MATO GROSSO";"MT";"Fluxo de rejeitos para o Aterro Sanitário Particular Orizon Ecoparque Pantanal em Cuiabá";"Os seguintes municípios destinam seus rejeitos para o aterro sanitário: Cuiabá, Santo Antônio do Leverger e Várzea Grande"
12286;"2024";"2023";"23/04/2024";"30/04/2024";"MATO GROSSO";"MT";"luxo de rejeitos para o Aterro Sanitário Particular Lugui em Novo Horizonte do Norte";"Os seguintes municípios destinam seus rejeitos para o aterro sanitário: Juara e Novo Horizonte do Norte"
12286;"2024";"2023";"23/04/2024";"30/04/2024";"MATO GROSSO";"MT";"Fluxo de rejeitos para o Aterro Sanitário Particular Saraguaia em Água Boa";"Os seguintes municípios destinam seus rejeitos para o aterro sanitário: Água Boa, Campinápolis, Canarana, General Carneiro, Nova Nazaré, Nova Xavantina, Novo Santo Antônio, Novo São Joaquim e Paranatinga"
12286;"2024";"2023";"23/04/2024";"30/04/2024";"MATO GROSSO";"MT";"Fluxo de rejeitos para o Aterro Sanitário Particular Saraguaia em Guarantã do Norte";"Os seguintes municípios destinam seus rejeitos para o aterro sanitário: Guarantã do Norte, Itaúba, Marcelândia, Nova Guarita, Nova Santa Helena, Novo Mundo e Peixoto de Azevedo"
12286;"2024";"2023";"23/04/2024";"30/04/2024";"MATO GROSSO";"MT";"	Fluxo de rejeitos para o Aterro Sanitário Particular Seger em Rondonópolis";"Os seguintes municípios destinam seus rejeitos para o aterro sanitário: Dom Aquino, Jaciara, Pedra Preta, Primavera do Leste, Rondonópolis, São José do Povo e Tesouro"
12286;"2024";"2023";"23/04/2024";"30/04/2024";"MATO GROSSO";"MT";"Fluxo de rejeitos para o Aterro Sanitário Municipal de Colíder";"O município de Colíder destina seus rejeitos para um aterro sanitário de responsabilidade de sua Prefeitura Municipal"
12286;"2024";"2023";"23/04/2024";"30/04/2024";"MATO GROSSO";"MT";"Fluxo de rejeitos para o Aterro Sanitário Particular Sanorte em Sinop";"Os seguintes municípios destinam seus rejeitos para o aterro sanitário: Feliz Natal, Santa Carmem, Sinop, Tabaporã, Terra Nova do Norte, União do Sul e Vera."
12347;"2024";"2023";"24/04/2024";"29/04/2024";"Piauí";"PI";"";""
11603;"2024";"2023";"02/04/2024";"29/04/2024";"PARANÁ";"PR";"Panorama Geral";"Há no Estado do Paraná duzentas e trinta e seis (236) unidades de disposição final de RSU, dessas, vinte e seis (26) cidades recebem resíduos de mais de um município, caracterizando um fluxo de resíduos entre cento e quarenta e nove (149) municípios. Além das vinte e seis (26) cidades que possuem unidades de disposição final de RSU existentes no Paraná, há três (03) cidades localizadas em Santa Catarina, que são destinos fnais dos resíduos sólidos urbanos dos municípios do Paraná.  Caracterizando um fluxo de resíduos entre cento e sessenta e seis (166) municípios.  Atualmente, dezessete (17) municípios do estado do Paraná encaminham seus resíduos sólidos urbanos para aterros sanitários localizados no estado de Santa Catarina, para as cidades de Mafra, Chapecó e Rio Negrinho.

Em relação ao fluxo interno do estado, existem 07 soluções consorciadas (intermunicipal) que atendem 47 municípios, além disso, existem 05 unidades de disposição final compartilhadas entre municípios, que não possuem consorcio formalizado (Castro, Espigão do Alto Iguaçu, Palmeira, São Jorge do Patrocínio, Telêmaco Borba)

Entre as soluções consorciadas e não consorciadas, o estado do Paraná dispõe de 102 aterros sanitários, 32 aterros controlados e 24 lixões em operação, além de 263 centrais de triagem formalizadas para o recebimento de Resíduos Sólidos Urbanos - RSU.

"
12971;"2024";"2023";"30/04/2024";"30/04/2024";"Rio de Janeiro";"RJ";"";""
11765;"2024";"2023";"11/04/2024";"30/04/2024";"RIO GRANDE DO NORTE";"RN";"Resíduos Sólidos Domiciliares";"Os Aterros Sanitários listados abaixo recebem os resíduos dos seguintes municípios:

ATERRO DE VERA CRUZ: Arêz, Barcelona, Bom Jesus, Extremoz, Jundiá, Lagoa dos Velhos, Lajes, Lajes Pintadas, Macaíba, Nísia Floresta, Parnamirim, Riachuelo, Santo Antônio, São Gonçalo do Amarante, São José de Mipibu, São Miguel do Gostoso, São Pedro, São Tomé, Senador Eloi de Souza, Senador Georgino Avelino, Várzea, Vera Cruz.

ATERRO DE CEARÁ-MIRIM: Ceará-Mirim, Guamaré, Ielmo Marinho, Maxaranguape, Natal, Rio do Fogo, São Bento do Norte, Taipu, Touros.

ATERRO DE MOSSORÓ: Mossoró.

ATERRO DE UPANEMA: Upanema.

ATERRO DE RIACHO DA CRUZ: Riacho da Cruz. 

ATERRO DE CAICÓ: Em construção - Atenderá 25 municípios da Região Seridó.

ATERRO DE RODOLFO FERNANDES: Em construção - Atenderá 44 municípios da Região Alto Oeste.

Atualmente o 57,37% da população do Estado do Rio Grande do Norte é atendida por aterro, no entanto 20,36 % dos municípios dispõe adequadamente seus resíduos."
12287;"2024";"2023";"23/04/2024";"25/04/2024";"SANTA CATARINA";"SC";"Fluxo dos resíduos sólidos industriais.";"O transporte de RSI em Santa Catarina em geral é o rodoviário. As rotas mais utilizadas são as BR 101, BR 116 e SC 470, que escoam grande parte dos resíduos gerados na Região do Vale do Itajaí, região com maior concentração industrial no Estado.
No contexto geral, os resíduos industriais gerados em Santa Catarina têm como destinos finais a reciclagem, o tratamento térmico, ou ainda, a disposição em aterros Classe I ou Classe II. Os principais fluxos deste grupo de resíduos no Estado podem ser considerados os gerados nos municípios da Região do Vale do Itajaí e, em segunda instância, na Região Norte (por estes concentrarem um grande número indústrias de grande porte), sendo os aterros industriais Classe I das empresas Momento Engenharia Ambiental (em Blumenau) e Catarinense Engenharia Ambiental (em Joinville) os principais destinos finais desses resíduos.
A seguir serão listados os municípios onde existem unidades de reciclagem e de disposição final (aterros) dos resíduos industriais Classe I e II licenciados em Santa Catarina, observando que junto às áreas de disposição final podem estar contíguas unidades de tratamento.
- Unidades licenciadas de Reciclagem de RSI: Água Doce, Blumenau, Botuvera, Brusque, Canoinhas, Criciúma, Gaspar, Indaial, Itajaí, Jaraguá do Sul, Lages, Morro da Fumaça, Palhoça, Pedras Grandes, Rodeio, Sangão, São Miguel do Oeste.
- Unidades licenciadas para disposição final de resíduos industriais Classe I (Aterro Classe I): Água Doce, Blumenau, Camboriú, Canoinhas, Chapecó, Erval Velho, Forquilhinha, Fraiburgo, Gaspar, Imbituba, Indaial, Joinville (2), Lauro Muller, Rio Negrinho e Urussanga.
- Unidades licenciadas para disposição final de resíduos industriais Classe II (Aterro Classe II): Agrolândia, Água Doce, Alto Bela Vista, Araranguá, Blumenau, Brusque, Canoinhas, Capivari de Baixo, Correia Pinto, Criciúma, Faxinal dos Guedes, Gaspar, Içara, Joinville, Lages, Lauro Muller, Lontras, Mafra, Matos Costa, Otacílio Costa, Rio Negrinho, São Domingos, São João do Itaperiu, Taió, Timbó Grande, Tubarão, Vargem Bonita e Videira."
12287;"2024";"2023";"23/04/2024";"25/04/2024";"SANTA CATARINA";"SC";"Fluxo dos resíduos de serviços de saúde.";"Os resíduos de serviços de saúde (RSS) são encaminhados para unidades de tratamento e de disposição final, localizadas nos seguintes municípios.
- Unidades de Tratamento de RSS: Anchieta, Araranguá, Balneário Gaivota, Biguaçu, Chapecó, Concordia, Ermo, Ibicaré, Içara, Itajaí, São José, Siderópolis, Treviso e Xanxerê.
- Unidades de Disposição Final de RSS: Anchieta, Biguaçu, Brusque, Blumenau, Bom Jesus do Oeste, Chapecó, Ipumirim, Itajaí, Içara, Joinville, Rio Negrinho, Saudades, Xanxerê e Xaxim."
12287;"2024";"2023";"23/04/2024";"25/04/2024";"SANTA CATARINA";"SC";"Fluxo dos resíduos de construção civil.";"Os resíduos da construção civil (RCC) gerados no Estado têm como principais destinos as unidades de beneficiamento e os aterros de resíduos da construção civil (aterro de inertes). Sendo estas unidades localizadas nos seguintes municípios.
- Unidades (áreas) de beneficiamento de RCC: Água Doce, Angelina, Arroio Trinta, Atalanta, Benedito Novo, Brusque, Calmon, Camboriú, Canoinhas, Cocal do Sul, Coronel Martins, Florianópolis, Gaspar, Itajaí, Ituporanga, Jaborá, Jaraguá do Sul, Joinville, Lages, Lindóia do Sul, Mafra, Nova Trento, Orleans, Palmitos, Penha, Pinhalzinho, Piratuba, Porto Belo, São Francisco do Sul, Siderópolis, Tigrinhos, Timbó, Tubarão e Witmarsum.
- Aterros de Inertes (RCC): Araquari, Barra Velha, Blumenau, Brusque, Caçador, Canoinhas, Catanduvas, Chapecó, Florianópolis, Gaspar, Içara, Itajaí, Itapema, Jaraguá do Sul, Joinville, Meleiro, Navegantes, Penha, Pomerode, Porto Belo, São Miguel do Oeste, Tijucas, Tubarão, Xanxerê e Xavantina."
12287;"2024";"2023";"23/04/2024";"25/04/2024";"SANTA CATARINA";"SC";"Fluxo dos resíduos sólidos urbanos provenientes da coleta convencional.";"Os resíduos sólidos urbanos, provenientes da coleta convencional dos municípios catarinenses, são encaminhados para 36 (trinta e seis) aterros sanitários instalados no Estado. A seguir será apresentada a localização (município) dos referidos aterros, bem como os municípios que destinam seus resíduos para cada um deles.
- Aterro Sanitário em Anchieta - Anchieta, Bandeirante, Barra Bonita, Belmonte, Campo Erê, Descanso, Dionísio Cerqueira, Galvão, Guaraciaba, Guarujá do Sul, Guatambú, Jupiá, Novo Horizonte, Palma Sola, Princesa, Riqueza, São Bernardino, São Carlos, São Cristóvão do Sul, São José do Cedro, São Lourenço do Oeste, São Miguel do Oeste e Serra Alta.
- Aterro Sanitário em Biguaçu - Águas Mornas, Alfredo Wagner, Angelina, Anitápolis, Antônio Carlos, Biguaçu, Bombinhas, Canelinha, Florianópolis, Garopaba, Governador Celso Ramos, Itapema, Leoberto Leal, Palhoça, Paulo Lopes, Porto Belo, Rancho Queimado, São Bonifácio, São José, Pedro de Alcântara, Santo Amaro da Imperatriz e Tijucas.
- Aterro Sanitário em Bom Jesus do Oeste - Saltinho e Bom Jesus do Oeste.
- Aterro Sanitário em Brusque - Araquari, Balneário Piçarras, Barra Velha, Botuverá, Blumenau, Brusque, Gaspar, Guabiruba, Ilhota, Imbuia, Luís Alves, Major Gercino, Massaranduba, Navegantes, Nova Trento, Penha, São Francisco do Sul, São João do Itaperiú, Vidal Ramos e Witmarsum.
- Aterro Sanitário em Caçador - Caçador.
- Aterro Sanitário em Concórdia - Concórdia.
- Aterro Sanitário em Curitibanos - Brunópolis, Frei Rogério, Curitibanos, Santa Cecília, Monte Carlo, Lebon Régis, Ponte Alta, Ponte Alta do Norte e São Cristóvão do Sul.
- Aterro Sanitário em Erval Velho - Água Doce, Capinzal, Catanduvas, Erval Velho, Herval do Oeste, Ibicaré, Joaçaba, Treze Tílias, Ouro e Lacerdópolis.
- Aterro Sanitário em Fraiburgo (municipal) - Fraiburgo.
- Aterro Sanitário em Fraiburgo (privado) - Salto Veloso, Tangará, Vargem, Arroio Trinta, Calmon e Videira.
- Aterro Sanitário em Ibirama - Ibirama, José Boiteux, Lontras, Presidente Nereu, Agrolândia, Atalanta, Aurora, Dona Emma, Petrolândia e Presidente Getúlio.
- Aterro Sanitário em Içara - Araranguá, Balneário Arroio do Silva, Balneário Gaivota, Balneário Rincão, Criciúma, Ermo, Forquilhinha, Içara, Jacinto Machado, Maracajá, Meleiro, Morro Grande, Nova Veneza, Praia Grande, Sangão, Santa Rosa do Sul, São João do Sul, Sombrio, Timbé do Sul e Turvo.
- Aterro Sanitário em Iporã do Oeste - Itapiranga, São José do Oeste, Iporã do Oeste, Tunápolis e Santa Helena.
- Aterro Sanitário em Ipumirim - Alto Bela Vista, Arabutã, Faxinal dos Guedes, Ipumirim, Irani, Itá, Jaborá, Lindóia do Sul, Peritiba e Ponte Serrada.
- Aterro Sanitário em Irineópolis - Irineópolis.
- Aterro Sanitário em Itajaí - Itajaí e Balneário Camboriú.
- Aterro Sanitário em Itajaí (2) - Balneário Barra do Sul e Joinville.
- Aterro Sanitário em Lages - Bom Retiro, Correia Pinto, Lages, Urupema, Urubici, São Joaquim, Capão Alto, Painel, Rio Rufino, Bom Jardim da Serra e São José do Cerrito.
- Aterro Sanitário em Mafra - Bela Vista do Toldo, Canoinhas, Itaiópolis, Itapoá, Guaramirim, Corupá, Schroeder, Major Vieira, Mafra, Matos Costa, Monte Castelo, Papanduva, Santa Terezinha Três Barras. Antônio Olinto/PR, Campo do Tenente/PR, Mallet/PR, Rebouças/PR, Rio Azul/PR, Rio Negro/PR, São João do Triunfo/PR.
- Aterro Sanitário em Otacílio Costa - Bocaina do Sul, Braço do Trombudo, Campo Belo do Sul, Chapadão do Lageado, Laurentino, Mirim Doce, Otacílio Costa, Palmeira, Pouso Redondo, Rio do Oeste, Rio do Campo, Rio do Sul, Salete, Taió e Trombudo Central.
- Aterro Sanitário em Pescaria Brava - Armazém, Braço do Norte, Capivari de Baixo, Grão Pará, Gravatal, Imaruí, Imbituba, Jaguaruna, Laguna, Pedras Grandes, Pescaria Brava, Rio Fortuna, São Ludgero, São Martinho, Santa Rosa de Lima, Treze de Maio e Tubarão.
- Aterro Sanitário em Piratuba - Luzerna e Piratuba.
- Aterro Sanitário em Porto União - Porto União.
- Aterro Sanitário em Presidente Castello Branco - Presidente Castello Branco.
- Aterro Sanitário em Rio Negrinho (municipal) - Rio Negrinho. 
- Aterro Sanitário em Rio Negrinho (privado) - Campo Alegre e Garuva.
- Aterro Sanitário em São Bento do Sul - São Bento do Sul.
- Aterro Sanitário em São João Batista - São João Batista
- Aterro Sanitário em Saudades - Águas de Chapecó, Águas Frias, Caibi, Caxambu do Sul, Chapecó, Cunha Porã, Cunhataí, Flor do Sertão, Iraceminha, Maravilha, Modelo, Mondaí, Nova Erechim, Nova Itaberaba, Palmitos, Paraíso, Pinhalzinho, Planalto Alegre, Romelândia, Santa Terezinha do Progresso, São Carlos, São Miguel da Boa Vista, Saudades, Sul Brasil e Tigrinhos.
- Aterro Sanitário em Seara - Paial, Seara e Xavantina.
- Aterro Sanitário em Timbó - Apiúna, Ascurra, Benedito Novo, Doutor Pedrinho, Gaspar, Guabiruba, Indaial, Pomerode, Rio dos Cedros, Rodeio e Timbó.
- Aterro Sanitário em Urussanga - Cocal do Sul, Lauro Muller, Morro da Fumaça, Orleans, Siderópolis, Treviso e Urussanga.
- Aterro Sanitário em Xanxerê - Abelardo Luz, Bom Jesus, Cordilheira Alta, Coronel Freitas, Coronel Martins, Entre Rios, Formosa do Sul, Ipuaçu, Irati, Jardinópolis, Lajeado Grande, Marema, Ouro Verde, Quilombo, Santiago do Sul, São Domingos, União do Oeste, Xanxerê.
- Aterro Sanitário em Xaxim - Arvoredo, Passos Maia, Vargeão e Xaxim."
12287;"2024";"2023";"23/04/2024";"25/04/2024";"SANTA CATARINA";"SC";"Fluxo dos resíduos sólidos recicláveis (coleta seletiva, PEV, etc.).";"No Estado de Santa Catarina, cerca de 45% dos municípios apresentam iniciativas de coleta seletiva. Os resíduos sólidos recicláveis coletados seletivamente são encaminhados para 120 (cento e vinte) centrais de triagem licenciadas no Estado. Estas centrais estão localizadas nos seguintes municípios: Águas Mornas, Anchieta, Anitápolis, Araquari, Atalanta, Balneário Piçarras, Blumenau (3), Bom Jesus do Oeste, Braço do Norte, Braço do Trombudo (2), Brusque, Campo Alegre, Canelinha (2), Canoinhas, Celso Ramos, Cerro Negro, Chapecó (13), Concórdia (3), Criciúma (3), Curitibanos (3), Doutor Pedrinho, Florianópolis (3), Fraiburgo, Garopaba, Guaramirim, Ibirama, Imbituba, Imbuia, Indaial, Iporã do Oeste, Ipumirim, Irati, Irineópolis, Itaiópolis, Itapema (2), Itapoá, Ituporanga, Jaraguá do Sul, Joaçaba, Joinville, Lages, Mafra (2), Major Gercino, Maracajá, Maravilha, Meleiro, Nova Trento, Otacílio Costa, Palmitos, Pescaria Brava, Pinhalzinho, Piratuba, Pomerode, Porto União, Praia Grande, Rio do Campo, Rio do Sul, Santa Rosa do Sul, São Bento do Sul, São Carlos, São Francisco do Sul, São João do Sul, São José (9), São Miguel do Oeste, Seara (2), Sombrio, Timbó, Timbó Grande, Turvo, Urussanga, Vidal Ramos, Videira, Vitor Meireles e Xanxerê."
12247;"2024";"2023";"23/04/2024";"23/04/2024";"TOCANTINS";"TO";"Metal";"Metais aproximadamente 99%"
