"Declaração";"Ano";"Ano Referencia";"Data Criação";"Data Entrega";"Declarante";"UF Declarante";"Estado possui Zoneamento Ecológico Econômico";"Estado possui outros Instrumentos de Planejamento Territorial";"Tratamento de resíduos sólidos";"Localização de unidades de disposição final de rejeitos";"Objeto de recuperação Ambiental";"Possui Estudo de Regionalização";"Possui Coleta Seletiva Implantada"
11513;"2024";"2023";"05/02/2024";"12/03/2024";"ALAGOAS";"AL";"Sim";"Não";"Sim";"Sim";"Sim";"Sim";"Não"
11490;"2024";"2023";"17/01/2024";"17/01/2024";"MARANHÃO";"MA";"Sim";"Sim";"Sim";"Sim";"Sim";"Sim";"Não"
12580;"2024";"2023";"29/04/2024";"29/04/2024";"Minas Gerais";"MG";"Sim";"Sim";"Não";"Não";"Sim";"Sim";"Não"
11498;"2024";"2023";"23/01/2024";"19/02/2024";"MATO GROSSO DO SUL";"MS";"Sim";"Não";"Sim";"Sim";"Sim";"Sim";"Não"
12286;"2024";"2023";"23/04/2024";"30/04/2024";"MATO GROSSO";"MT";"Sim";"Sim";"Não";"Sim";"Sim";"Sim";"Não"
12347;"2024";"2023";"24/04/2024";"29/04/2024";"Piauí";"PI";"Não";"Sim";"Sim";"Sim";"Sim";"Sim";"Não"
11603;"2024";"2023";"02/04/2024";"29/04/2024";"PARANÁ";"PR";"Sim";"Sim";"Sim";"Sim";"Sim";"Sim";"Não"
12971;"2024";"2023";"30/04/2024";"30/04/2024";"Rio de Janeiro";"RJ";"Sim";"Sim";"Sim";"Sim";"Sim";"Sim";"Não"
11765;"2024";"2023";"11/04/2024";"30/04/2024";"RIO GRANDE DO NORTE";"RN";"Sim";"Sim";"Sim";"Sim";"Sim";"Sim";"Não"
12287;"2024";"2023";"23/04/2024";"25/04/2024";"SANTA CATARINA";"SC";"Não";"Sim";"Não";"Não";"Sim";"Sim";"Não"
12247;"2024";"2023";"23/04/2024";"23/04/2024";"TOCANTINS";"TO";"Sim";"Não";"Não";"Não";"Não";"Sim";"Não"
