"Declaração";"Ano";"Ano Referencia";"Data Criação";"Data Entrega";"Declarante";"UF Declarante";"Descrição";"Município";"Área";"uni_sigla";"dec_latitude";"dec_longitude"
11513;"2024";"2023";"05/02/2024";"12/03/2024";"ALAGOAS";"AL";"Central de Tratamento de Resíduos Maceió";"Maceió";140;"HEC";"";""
11513;"2024";"2023";"05/02/2024";"12/03/2024";"ALAGOAS";"AL";"Central de Tratamento de Resíduos Metropolitano";"Pilar";104;"HEC";"";""
11513;"2024";"2023";"05/02/2024";"12/03/2024";"ALAGOAS";"AL";"Central de Tratamento de Resíduos - Agreste";"Craíbas";81.33;"HEC";"";""
11513;"2024";"2023";"05/02/2024";"12/03/2024";"ALAGOAS";"AL";"Central de Tratamento de Resíduos - Sertão";"Delmiro Gouveia";73;"HEC";"";""
11490;"2024";"2023";"17/01/2024";"17/01/2024";"MARANHÃO";"MA";"https://imesc.ma.gov.br/portal/Post/view/territoriais/493";"Açailândia";40;"KM²";"";""
12580;"2024";"2023";"29/04/2024";"29/04/2024";"Minas Gerais";"MG";"";"";;"";"";""
11498;"2024";"2023";"23/01/2024";"19/02/2024";"MATO GROSSO DO SUL";"MS";"";"";;"";"";""
12286;"2024";"2023";"23/04/2024";"30/04/2024";"MATO GROSSO";"MT";"";"";;"";"";""
12347;"2024";"2023";"24/04/2024";"29/04/2024";"Piauí";"PI";"";"";;"";"";""
11603;"2024";"2023";"02/04/2024";"29/04/2024";"PARANÁ";"PR";"";"";;"";"";""
12971;"2024";"2023";"30/04/2024";"30/04/2024";"Rio de Janeiro";"RJ";"";"";;"";"";""
11765;"2024";"2023";"11/04/2024";"30/04/2024";"RIO GRANDE DO NORTE";"RN";"Estação de Transbordo ";"Goianinha";1;"HEC";"";""
11765;"2024";"2023";"11/04/2024";"30/04/2024";"RIO GRANDE DO NORTE";"RN";"Estação de Transbordo ";"São Paulo do Potengi";1;"HEC";"";""
11765;"2024";"2023";"11/04/2024";"30/04/2024";"RIO GRANDE DO NORTE";"RN";"Estação de Transbordo ";"Canguaretama";1;"HEC";"";""
11765;"2024";"2023";"11/04/2024";"30/04/2024";"RIO GRANDE DO NORTE";"RN";"Estação de Transbordo ";"São José de Mipibu";1;"HEC";"";""
11765;"2024";"2023";"11/04/2024";"30/04/2024";"RIO GRANDE DO NORTE";"RN";"Estação de Transbordo ";"Monte Alegre";1;"HEC";"";""
11765;"2024";"2023";"11/04/2024";"30/04/2024";"RIO GRANDE DO NORTE";"RN";"Estação de Transbordo ";"Lajes";1;"HEC";"";""
11765;"2024";"2023";"11/04/2024";"30/04/2024";"RIO GRANDE DO NORTE";"RN";"Estação de Transbordo ";"Tibau";1;"HEC";"";""
11765;"2024";"2023";"11/04/2024";"30/04/2024";"RIO GRANDE DO NORTE";"RN";"Estação de Transbordo ";"Serra do Mel";1;"HEC";"";""
11765;"2024";"2023";"11/04/2024";"30/04/2024";"RIO GRANDE DO NORTE";"RN";"Estação de Transbordo ";"Santana do Matos";1;"HEC";"";""
11765;"2024";"2023";"11/04/2024";"30/04/2024";"RIO GRANDE DO NORTE";"RN";"Estação de Transbordo ";"Macau";1;"HEC";"";""
11765;"2024";"2023";"11/04/2024";"30/04/2024";"RIO GRANDE DO NORTE";"RN";"Estação de Transbordo ";"Porto do Mangue";1;"HEC";"";""
11765;"2024";"2023";"11/04/2024";"30/04/2024";"RIO GRANDE DO NORTE";"RN";"Estação de Transbordo ";"Baraúna";1;"HEC";"";""
11765;"2024";"2023";"11/04/2024";"30/04/2024";"RIO GRANDE DO NORTE";"RN";"Estação de Transbordo ";"Ipanguaçu";1;"HEC";"";""
11765;"2024";"2023";"11/04/2024";"30/04/2024";"RIO GRANDE DO NORTE";"RN";"Estação de Transbordo ";"Grossos";1;"HEC";"";""
11765;"2024";"2023";"11/04/2024";"30/04/2024";"RIO GRANDE DO NORTE";"RN";"Estação de Transbordo ";"Areia Branca";1;"HEC";"";""
11765;"2024";"2023";"11/04/2024";"30/04/2024";"RIO GRANDE DO NORTE";"RN";"Estação de Transbordo ";"Itajá";1;"HEC";"";""
11765;"2024";"2023";"11/04/2024";"30/04/2024";"RIO GRANDE DO NORTE";"RN";"	Estação de Transbordo";"Jucurutu";1;"HEC";"";""
11765;"2024";"2023";"11/04/2024";"30/04/2024";"RIO GRANDE DO NORTE";"RN";"Estação de Transbordo ";"Fernando Pedroza";1;"HEC";"";""
11765;"2024";"2023";"11/04/2024";"30/04/2024";"RIO GRANDE DO NORTE";"RN";"Estação de Transbordo ";"Touros";1;"HEC";"";""
11765;"2024";"2023";"11/04/2024";"30/04/2024";"RIO GRANDE DO NORTE";"RN";"Estação de Transbordo ";"Parazinho";1;"HEC";"";""
11765;"2024";"2023";"11/04/2024";"30/04/2024";"RIO GRANDE DO NORTE";"RN";"Estação de Transbordo ";"Currais Novos";1;"HEC";"";""
11765;"2024";"2023";"11/04/2024";"30/04/2024";"RIO GRANDE DO NORTE";"RN";"	Estação de Transbordo";"Florânia";1;"HEC";"";""
11765;"2024";"2023";"11/04/2024";"30/04/2024";"RIO GRANDE DO NORTE";"RN";"Estação de Transbordo ";"Jardim do Seridó";1;"HEC";"";""
11765;"2024";"2023";"11/04/2024";"30/04/2024";"RIO GRANDE DO NORTE";"RN";"Estação de Transbordo ";"Caraúbas";1;"HEC";"";""
11765;"2024";"2023";"11/04/2024";"30/04/2024";"RIO GRANDE DO NORTE";"RN";"Estação de Transbordo ";"Patu";1;"HEC";"";""
11765;"2024";"2023";"11/04/2024";"30/04/2024";"RIO GRANDE DO NORTE";"RN";"Estação de Transbordo ";"Apodi";1;"HEC";"";""
11765;"2024";"2023";"11/04/2024";"30/04/2024";"RIO GRANDE DO NORTE";"RN";"Estação de Transbordo ";"Riacho da Cruz";1;"HEC";"";""
11765;"2024";"2023";"11/04/2024";"30/04/2024";"RIO GRANDE DO NORTE";"RN";"Estação de Transbordo ";"São Miguel";1;"HEC";"";""
11765;"2024";"2023";"11/04/2024";"30/04/2024";"RIO GRANDE DO NORTE";"RN";"Estação de Transbordo ";"José da Penha";1;"HEC";"";""
11765;"2024";"2023";"11/04/2024";"30/04/2024";"RIO GRANDE DO NORTE";"RN";"Estação de Transbordo ";"Alexandria";1;"HEC";"";""
12287;"2024";"2023";"23/04/2024";"25/04/2024";"SANTA CATARINA";"SC";"";"";;"";"";""
12247;"2024";"2023";"23/04/2024";"23/04/2024";"TOCANTINS";"TO";"";"";;"";"";""
