Declaração;Ano;Ano Referencia;Data Criação;Data Entrega;Declarante;UF Declarante;Descrição;Município;Área;uni_sigla;dfc_latitude;dfc_longitude
2216;2020;2019;;31/07/2020;ALAGOAS;AL;Central de Tratamento de Resíduos Agreste;Craíbas;81.33;HEC;;
2216;2020;2019;;31/07/2020;ALAGOAS;AL;Aterro Sanitário de Maceió;Maceió;104;HEC;;
2216;2020;2019;;31/07/2020;ALAGOAS;AL;Aterro Sanitário do Consórcio CIGRES;Olho D'Água das Flores;18.6;HEC;;
2216;2020;2019;;31/07/2020;ALAGOAS;AL;Central de Tratamento de Resíduos Metropolitano ;Pilar;104;HEC;;
6621;2020;2019;;31/07/2020;AMAZONAS;AM;;;;;;
3161;2020;2019;;31/07/2020;AMAPÁ;AP;;;;;;
1581;2020;2019;;30/07/2020;BAHIA;BA;;;;;;
3373;2020;2019;;31/07/2020;CEARÁ;CE;SERTÃO DOS INHAMUS - PARAMBU;Parambu;9.89;HEC;;
3373;2020;2019;;31/07/2020;CEARÁ;CE;SERTÃO DE CRATEÚS 1 - SANTA QUITÉRIA;Santa Quitéria;10.42;HEC;;
3373;2020;2019;;31/07/2020;CEARÁ;CE;SERTÃO DE CRATEÚS 1 - IPÚ;Ipu;7.96;HEC;;
3373;2020;2019;;31/07/2020;CEARÁ;CE;SERTÃO DOS INHAMUS - AIUABA;Aiuaba;5.73;HEC;;
3373;2020;2019;;31/07/2020;CEARÁ;CE;SERTÃO DOS INHAMUS - QUITERIANÓPOLIS;Quiterianópolis;4.65;HEC;;
3373;2020;2019;;31/07/2020;CEARÁ;CE;SERTÃO DOS INHAMUS - TAUÁ;Tauá;7.89;HEC;;
3373;2020;2019;;31/07/2020;CEARÁ;CE;VALE DO CURU - ITAPAJÉ;Itapagé;9.11;HEC;;
3373;2020;2019;;31/07/2020;CEARÁ;CE;VALE DO CURU - PENTECOSTE;Pentecoste;9.67;HEC;;
3373;2020;2019;;31/07/2020;CEARÁ;CE;SERTÃO CENTRO SUL 1 - ICÓ;Icó;10.33;HEC;;
3373;2020;2019;;31/07/2020;CEARÁ;CE;LITORAL LESTE - ICAPUÍ;Icapuí;13.51;HEC;;
3373;2020;2019;;31/07/2020;CEARÁ;CE;LITORAL NORTE - CAMOCIM;Camocim;8.76;HEC;;
3373;2020;2019;;31/07/2020;CEARÁ;CE;LITORAL NORTE - ACARAÚ;Acaraú;11.61;HEC;;
3373;2020;2019;;31/07/2020;CEARÁ;CE;LITORAL OESTE - ITAPIPOCA;Itapipoca;13.09;HEC;;
3373;2020;2019;;31/07/2020;CEARÁ;CE;LITORAL OESTE - PARAIPABA;Paraipaba;10.22;HEC;;
3373;2020;2019;;31/07/2020;CEARÁ;CE;LITORAL OESTE - URUBURETAMA;Uruburetama;11.29;HEC;;
3373;2020;2019;;31/07/2020;CEARÁ;CE;LITORAL OESTE - SÃO GONÇALO DO AMARANTE;São Gonçalo do Amarante;11.02;HEC;;
3373;2020;2019;;31/07/2020;CEARÁ;CE;MACIÇO DO BATURITÉ - ACARAPE;Acarapé;6.05;HEC;;
3373;2020;2019;;31/07/2020;CEARÁ;CE;CARIRI OESTE - ANTONINA DO NORTE;Antonina do Norte;14.78;HEC;;
3373;2020;2019;;31/07/2020;CEARÁ;CE;CARIRI OESTE - CAMPOS SALES;Campos Sales;8;HEC;;
3373;2020;2019;;31/07/2020;CEARÁ;CE;CARIRI LESTE - BREJO SANTO;Brejo Santo;4.82;HEC;;
3373;2020;2019;;31/07/2020;CEARÁ;CE;CARIRI LESTE - MILAGRES;Milagres;7.76;HEC;;
3373;2020;2019;;31/07/2020;CEARÁ;CE;CARIRI LESTE - MAURITI;Mauriti;17.24;HEC;;
3373;2020;2019;;31/07/2020;CEARÁ;CE;CHAPADA DO IBIAPABA - GUARACIABA DO NORTE;Guaraciaba do Norte;5.68;HEC;;
3373;2020;2019;;31/07/2020;CEARÁ;CE;CHAPADA DO IBIAPABA - TIANGUÁ;Tianguá;8.89;HEC;;
3373;2020;2019;;31/07/2020;CEARÁ;CE;LITORAL LESTE - ARACATI;Aracati;10.27;HEC;;
3373;2020;2019;;31/07/2020;CEARÁ;CE;LITORAL LESTE - CASCAVEL;Cascavel;11.92;HEC;;
3373;2020;2019;;31/07/2020;CEARÁ;CE;MACIÇO DO BATURITÉ - BATURITÉ;Baturité;9.01;HEC;;
3373;2020;2019;;31/07/2020;CEARÁ;CE;MACIÇO DO BATURITÉ - CAPISTRANO;Capistrano;13.78;HEC;;
3373;2020;2019;;31/07/2020;CEARÁ;CE;MACIÇO DO BATURITÉ - PALMÁCIA;Palmácia;3.81;HEC;;
3373;2020;2019;;31/07/2020;CEARÁ;CE;MACIÇO DO BATURITÉ - REDENÇÃO;Redenção;3.81;HEC;;
3373;2020;2019;;31/07/2020;CEARÁ;CE;VALE DO JAGUARIBE - JAGUARIBARA;Jaguaribara;10.61;HEC;;
3373;2020;2019;;31/07/2020;CEARÁ;CE;METROPOLITANA B - PACAJUS;Pacajus;16.07;HEC;;
3373;2020;2019;;31/07/2020;CEARÁ;CE;SERTÃO CENTRAL 1 - QUIXADÁ;Quixadá;13.37;HEC;;
3373;2020;2019;;31/07/2020;CEARÁ;CE;SERTÃO CENTRAL 2 - CANINDÉ;Canindé;0.88;HEC;;
3373;2020;2019;;31/07/2020;CEARÁ;CE;SERTÃO CENTRAL 2 - MADALENA;Madalena;7.72;HEC;;
3373;2020;2019;;31/07/2020;CEARÁ;CE;SERTÃO CENTRO SUL 1 - VÁRZEA ALEGRE;Icó;9.08;HEC;;
3373;2020;2019;;31/07/2020;CEARÁ;CE;SERTÃO CENTRO SUL 2 - CATARINA;Catarina;12.62;HEC;;
3373;2020;2019;;31/07/2020;CEARÁ;CE;SERTÃO CENTRO SUL 2 - IGUATU;Iguatu;11.32;HEC;;
3373;2020;2019;;31/07/2020;CEARÁ;CE;CODESUL - PEDRA BRANCA;Pedra Branca;9.37;HEC;;
3373;2020;2019;;31/07/2020;CEARÁ;CE;CODESUL - SENADOR POMPEU;Senador Pompeu;12.03;HEC;;
3373;2020;2019;;31/07/2020;CEARÁ;CE;SERTÃO DE CRATEÚS 2 - CRATEÚS;Crateús;12.59;HEC;;
3373;2020;2019;;31/07/2020;CEARÁ;CE;SERTÃO DE CRATEÚS 1 - MONSENHOR TABOSA;Monsenhor Tabosa;6.72;HEC;;
3373;2020;2019;;31/07/2020;CEARÁ;CE;SERTÃO DE CRATEÚS 1 - NOVA RUSSAS;Nova Russas;9.75;HEC;;
3539;2020;2019;;28/08/2020;Espírito Santo;ES;;;;;;
2567;2020;2019;;31/07/2020;GOIÁS;GO;;;;;;
10286;2020;2019;10/04/2023;31/07/2020;MARANHÃO;MA;;;;;;
1732;2020;2019;;31/07/2020;Minas Gerais;MG;;;;;;
1016;2020;2019;;31/07/2020;MATO GROSSO DO SUL;MS;;;;;;
2995;2020;2019;;31/07/2020;PARÁ;PA;projetoprojeto de aterros sanitários: Programa município sustentáveis;Castanhal;4645.17;HEC;;
455;2020;2019;;28/07/2020;PARAÍBA;PB;;;;;;
3602;2020;2019;;31/07/2020;PERNAMBUCO;PE;;;;;;
3031;2020;2019;;28/08/2020;PARANÁ;PR;Aterro Sanitário Municipal;Diamante do Norte;4500;M²;;
3031;2020;2019;;28/08/2020;PARANÁ;PR;Aterro controlado Municipal;Diamante do Sul;4500;M²;;
3031;2020;2019;;28/08/2020;PARANÁ;PR;Aterro Sanitário Privado;Dois Vizinhos;4500;M²;;
3031;2020;2019;;28/08/2020;PARANÁ;PR;Aterro Sanitário Municipal;Douradina;4500;M²;;
3031;2020;2019;;28/08/2020;PARANÁ;PR;Aterro Sanitário Municipal;Doutor Camargo;4500;M²;;
3031;2020;2019;;28/08/2020;PARANÁ;PR;Aterro Sanitário Municipal;Engenheiro Beltrão;4500;M²;;
3031;2020;2019;;28/08/2020;PARANÁ;PR;Aterro Sanitário Municipal;Espigão Alto do Iguaçu;4500;M²;;
3031;2020;2019;;28/08/2020;PARANÁ;PR;Aterro controlado Municipal;Faxinal;4500;M²;;
3031;2020;2019;;28/08/2020;PARANÁ;PR;Aterro Industrialo de Terceiros;Guarapuava;2900;M²;;
3031;2020;2019;;28/08/2020;PARANÁ;PR;Aterro Sanitário Municipal;Guairaçá;4550;M²;;
3031;2020;2019;;28/08/2020;PARANÁ;PR;Aterro Industrial de Terceiros;Fazenda Rio Grande;4500;M²;;
3031;2020;2019;;28/08/2020;PARANÁ;PR;Aterro Sanitário Privado;Fazenda Rio Grande;4500;M²;;
3031;2020;2019;;28/08/2020;PARANÁ;PR;Aterro Industrial Próprio;Figueira;2000;M²;;
3031;2020;2019;;28/08/2020;PARANÁ;PR;Aterro Sanitário Municipal;Florestópolis;4500;M²;;
3031;2020;2019;;28/08/2020;PARANÁ;PR;Aterro Sanitário Municipal;General Carneiro;4500;M²;;
3031;2020;2019;;28/08/2020;PARANÁ;PR;Aterro Sanitário Municipal;Goioxim;4500;M²;;
3031;2020;2019;;28/08/2020;PARANÁ;PR;Aterro Sanitário Municipal;Guaraqueçaba;2000;M²;;
3031;2020;2019;;28/08/2020;PARANÁ;PR;Lixão Municipal;Formosa do Oeste;2000;M²;;
3031;2020;2019;;28/08/2020;PARANÁ;PR;Aterro Sanitário Municipal;Foz do Iguaçu;4300;M²;;
3031;2020;2019;;28/08/2020;PARANÁ;PR;Aterro Sanitário Municipal;Francisco Beltrão;4500;M²;;
3031;2020;2019;;28/08/2020;PARANÁ;PR;Aterro Sanitário Municipal;Francisco Alves;4500;M²;;
3031;2020;2019;;28/08/2020;PARANÁ;PR;Aterro Sanitário Municipal;Godoy Moreira;4500;M²;;
3031;2020;2019;;28/08/2020;PARANÁ;PR;Aterro Sanitário Municipal;Goioerê;4500;M²;;
3031;2020;2019;;28/08/2020;PARANÁ;PR;Aterro Sanitário Municipal;Grandes Rios;4500;M²;;
3031;2020;2019;;28/08/2020;PARANÁ;PR;Aterro Sanitário Municipal;Guaíra;4500;M²;;
3031;2020;2019;;28/08/2020;PARANÁ;PR;Aterro Sanitário Municipal;Guaraci;4500;M²;;
3031;2020;2019;;28/08/2020;PARANÁ;PR;Aterro Sanitário Municipal;Guarapuava;4500;M²;;
3031;2020;2019;;28/08/2020;PARANÁ;PR;Aterro Industrial de Terceiros;Guarapuava;2000;M²;;
3031;2020;2019;;28/08/2020;PARANÁ;PR;Aterro Sanitário Privado;Guarapuava;2000;M²;;
3031;2020;2019;;28/08/2020;PARANÁ;PR;Aterro controlado Municipal;Guaratuba;4500;M²;;
3031;2020;2019;;28/08/2020;PARANÁ;PR;Aterro Sanitário Municipal;Ibiporã;4500;M²;;
3031;2020;2019;;28/08/2020;PARANÁ;PR;Aterro Sanitário Municipal;Icaraíma;4500;M²;;
3031;2020;2019;;28/08/2020;PARANÁ;PR;Aterro Sanitário Municipal;Iguatu;4500;M²;;
3031;2020;2019;;28/08/2020;PARANÁ;PR;Aterro Controlado Municipal;Iporã;3000;M²;;
3031;2020;2019;;28/08/2020;PARANÁ;PR;Aterro Controlado Municipal;Iracema do Oeste;4500;M²;;
3031;2020;2019;;28/08/2020;PARANÁ;PR;Aterro Controlado Municipal;Irati;4500;M²;;
3031;2020;2019;;28/08/2020;PARANÁ;PR;Disposição de resíduos sólidos urbanos;Iretama;3000;M²;;
3031;2020;2019;;28/08/2020;PARANÁ;PR;Aterro Sanitário Municipal;Itaipulândia;4500;M²;;
3031;2020;2019;;28/08/2020;PARANÁ;PR;Lixão Municipal;Itambaracá;2000;M²;;
3031;2020;2019;;28/08/2020;PARANÁ;PR;Aterro Sanitário Municipal;Itaúna do Sul;4500;M²;;
3031;2020;2019;;28/08/2020;PARANÁ;PR;Aterro Sanitário Municipal;Ivaí;4500;M²;;
3031;2020;2019;;28/08/2020;PARANÁ;PR;Aterro Municipal;Ivaiporã;4500;M²;;
3031;2020;2019;;28/08/2020;PARANÁ;PR;Aterro Sanitário Municipal;Ivaiporã;4500;M²;;
3031;2020;2019;;28/08/2020;PARANÁ;PR;Aterro Sanitário Municipal;Ivaté;4500;M²;;
3031;2020;2019;;28/08/2020;PARANÁ;PR;Aterro Sanitário Municipal;Ivatuba;4500;M²;;
3031;2020;2019;;28/08/2020;PARANÁ;PR;Aterro Sanitário Municipal;Jacarezinho;4500;M²;;
3031;2020;2019;;28/08/2020;PARANÁ;PR;Aterro Sanitário Municipal;Jaguapitã;4500;M²;;
3031;2020;2019;;28/08/2020;PARANÁ;PR;Aterro Sanitário Municipal;Jaguariaíva;4500;M²;;
3031;2020;2019;;28/08/2020;PARANÁ;PR;Aterro Sanitário Municipal;Jandaia do Sul;4500;M²;;
3031;2020;2019;;28/08/2020;PARANÁ;PR;Aterro Sanitário Consórcio Público;Japira;4500;M²;;
3031;2020;2019;;28/08/2020;PARANÁ;PR;Aterro Sanitário Municipal;Japurá;4000;M²;;
3031;2020;2019;;28/08/2020;PARANÁ;PR;Aterro Sanitário Municipal;Jardim Alegre;4000;M²;;
3031;2020;2019;;28/08/2020;PARANÁ;PR;Lixão Municipal;Jardim Olinda;2000;M²;;
3031;2020;2019;;28/08/2020;PARANÁ;PR;Aterro Sanitário Municipal;Jataizinho;4000;M²;;
3031;2020;2019;;28/08/2020;PARANÁ;PR;Aterro Sanitário Municipal;Jesuítas;4000;M²;;
3031;2020;2019;;28/08/2020;PARANÁ;PR;Aterro Sanitário Consórcio;Joaquim Távora;5000;M²;;
3031;2020;2019;;28/08/2020;PARANÁ;PR;Aterro Sanitário Municipal;Juranda;4000;M²;;
3031;2020;2019;;28/08/2020;PARANÁ;PR;Aterro Sanitário Municipal;Jussara;4000;M²;;
3031;2020;2019;;28/08/2020;PARANÁ;PR;Aterro Sanitário Municipal;Lapa;4000;M²;;
3031;2020;2019;;28/08/2020;PARANÁ;PR;Aterro Municipal;Lapa;4000;M²;;
3031;2020;2019;;28/08/2020;PARANÁ;PR;Aterro Sanitário Municipal;Laranjal;4000;M²;;
3031;2020;2019;;28/08/2020;PARANÁ;PR;Aterro Sanitário Privado;Laranjeiras do Sul;4000;M²;;
3031;2020;2019;;28/08/2020;PARANÁ;PR;Aterro Sanitário Municipal;Leópolis;4000;M²;;
3031;2020;2019;;28/08/2020;PARANÁ;PR;Aterro Controlado Municipal;Lidianópolis;4000;M²;;
3031;2020;2019;;28/08/2020;PARANÁ;PR;Aterro Controlado Municipal;Loanda;4000;M²;;
3031;2020;2019;;28/08/2020;PARANÁ;PR;Aterro Controlado Municipal;Lobato;3000;M²;;
3031;2020;2019;;28/08/2020;PARANÁ;PR;Aterro Sanitário Privado;Londrina;4000;M²;;
3031;2020;2019;;28/08/2020;PARANÁ;PR;Aterro Sanitário Municipal;Londrina;4000;M²;;
3031;2020;2019;;28/08/2020;PARANÁ;PR;Aterro Sanitário Municipal;Lunardelli;4000;M²;;
3031;2020;2019;;28/08/2020;PARANÁ;PR;Aterro Sanitário Municipal;Lupionópolis;4000;M²;;
3031;2020;2019;;28/08/2020;PARANÁ;PR;Aterro Sanitário Municipal;Mamborê;4500;M²;;
3031;2020;2019;;28/08/2020;PARANÁ;PR;Aterro Sanitário Municipal;Mandaguari;4500;M²;;
3031;2020;2019;;28/08/2020;PARANÁ;PR;Aterro Sanitário Municipal;Manoel Ribas;4500;M²;;
3031;2020;2019;;28/08/2020;PARANÁ;PR;Aterro Sanitário Municipal;Marechal Cândido Rondon;4500;M²;;
3031;2020;2019;;28/08/2020;PARANÁ;PR;Aterro Sanitário Municipal;Maria Helena;4500;M²;;
3031;2020;2019;;28/08/2020;PARANÁ;PR;Aterro Sanitário Municipal;Marialva;4500;M²;;
3031;2020;2019;;28/08/2020;PARANÁ;PR;Aterro Sanitário Municipal;Marilândia do Sul;4000;M²;;
3031;2020;2019;;28/08/2020;PARANÁ;PR;Aterro Sanitário Municipal;Marilena;4500;M²;;
3031;2020;2019;;28/08/2020;PARANÁ;PR;Aterro Sanitário Municipal;Mariluz;4500;M²;;
3031;2020;2019;;28/08/2020;PARANÁ;PR;Aterro Industrial de Terceiros;Maringá;4500;M²;;
3031;2020;2019;;28/08/2020;PARANÁ;PR;Aterro Sanitário Privado;Maringá;4000;M²;;
3031;2020;2019;;28/08/2020;PARANÁ;PR;Aterro Sanitário Municipal;Maripá;4000;M²;;
3031;2020;2019;;28/08/2020;PARANÁ;PR;Lixão Municipal;Marquinho;2000;M²;;
3031;2020;2019;;28/08/2020;PARANÁ;PR;Lixão Municipal;Marumbi;2000;M²;;
3031;2020;2019;;28/08/2020;PARANÁ;PR;Aterro Sanitário Municipal;Matelândia;4500;M²;;
3031;2020;2019;;28/08/2020;PARANÁ;PR;Aterro Sanitário Municipal;Mato Rico;4000;M²;;
3031;2020;2019;;28/08/2020;PARANÁ;PR;Aterro Sanitário Municipal;Mauá da Serra;4500;M²;;
3031;2020;2019;;28/08/2020;PARANÁ;PR;Aterro Sanitário Municipal;Medianeira;4500;M²;;
3031;2020;2019;;28/08/2020;PARANÁ;PR;Aterro Sanitário Privado;Mercedes;4000;M²;;
3031;2020;2019;;28/08/2020;PARANÁ;PR;Lixão Municipal;Miraselva;4500;M²;;
3031;2020;2019;;28/08/2020;PARANÁ;PR;Aterro Sanitário Municipal;Missal;3000;M²;;
3031;2020;2019;;28/08/2020;PARANÁ;PR;Aterro Sanitário Municipal;Moreira Sales;3000;M²;;
3031;2020;2019;;28/08/2020;PARANÁ;PR;Aterro Sanitário Municipal;Nova Aurora;4500;M²;;
3031;2020;2019;;28/08/2020;PARANÁ;PR;Aterro Sanitário Privado;Nova Esperança do Sudoeste;4000;M²;;
3031;2020;2019;;28/08/2020;PARANÁ;PR;Aterro Sanitário Municipal;Nova Olímpia;4000;M²;;
3031;2020;2019;;28/08/2020;PARANÁ;PR;Aterro Sanitário Municipal;Nova Londrina;3400;M²;;
3031;2020;2019;;28/08/2020;PARANÁ;PR;Aterro Sanitário Municipal;Nova Santa Bárbara;4500;M²;;
3031;2020;2019;;28/08/2020;PARANÁ;PR;Aterro Sanitário Municipal;Nova Tebas;4500;M²;;
3031;2020;2019;;28/08/2020;PARANÁ;PR;Aterro Industrial Próprio e Compostagem;Ortigueira;4500;M²;;
3031;2020;2019;;28/08/2020;PARANÁ;PR;Aterro Industrial e Compostagem;Ortigueira;4500;M²;;
3031;2020;2019;;28/08/2020;PARANÁ;PR;Aterro controlado Municipal;Ouro Verde do Oeste;4000;M²;;
3031;2020;2019;;28/08/2020;PARANÁ;PR;Aterro controlado Municipal;Paiçandu;4500;M²;;
3031;2020;2019;;28/08/2020;PARANÁ;PR;Aterro controlado Municipal;Palmas;4500;M²;;
3031;2020;2019;;28/08/2020;PARANÁ;PR;Aterro controlado Municipal;Palmeira;4500;M²;;
3031;2020;2019;;28/08/2020;PARANÁ;PR;Aterro controlado Municipal;Palmital;4500;M²;;
3031;2020;2019;;28/08/2020;PARANÁ;PR;Aterro controlado Municipal;Palotina;4500;M²;;
3031;2020;2019;;28/08/2020;PARANÁ;PR;Aterro controlado Municipal;Paraíso do Norte;4500;M²;;
3031;2020;2019;;28/08/2020;PARANÁ;PR;Aterro Sanitário Privado;Paranaguá;5000;M²;;
3031;2020;2019;;28/08/2020;PARANÁ;PR;Aterro Sanitário Municipal;Paranavaí;3000;M²;;
3031;2020;2019;;28/08/2020;PARANÁ;PR;Aterro Sanitário Privado;Pato Bragado;4500;M²;;
3031;2020;2019;;28/08/2020;PARANÁ;PR;Aterro Industrial de Terceiros;Pato Branco;2000;M²;;
3031;2020;2019;;28/08/2020;PARANÁ;PR;Aterro Sanitário Municipal;Pato Branco;4500;M²;;
3031;2020;2019;;28/08/2020;PARANÁ;PR;Aterro Industrial de Terceiros;Pato Branco;2000;M²;;
3031;2020;2019;;28/08/2020;PARANÁ;PR;Aterro Industrial de Terceiros;Pato Branco;2000;M²;;
3031;2020;2019;;28/08/2020;PARANÁ;PR;Aterro Sanitário Municipal;Rancho Alegre d'Oeste;4500;M²;;
3031;2020;2019;;28/08/2020;PARANÁ;PR;Aterro Sanitário Municipal;Santa Cecília do Pavão;4500;M²;;
3031;2020;2019;;28/08/2020;PARANÁ;PR;Aterro Sanitário Municipal;Perobal;4500;M²;;
3031;2020;2019;;28/08/2020;PARANÁ;PR;Aterro Sanitário Municipal;Pérola;4500;M²;;
3031;2020;2019;;28/08/2020;PARANÁ;PR;Aterro Sanitário Municipal;Pitanga;4500;M²;;
3031;2020;2019;;28/08/2020;PARANÁ;PR;Aterro Sanitário Municipal;Pontal do Paraná;4500;M²;;
3031;2020;2019;;28/08/2020;PARANÁ;PR;Aterro controlado Municipal;Porto Vitória;4500;M²;;
3031;2020;2019;;28/08/2020;PARANÁ;PR;Aterro Sanitário;Primeiro de Maio;4500;M²;;
3031;2020;2019;;28/08/2020;PARANÁ;PR;Aterro Sanitário Privado;Piraí do Sul;4500;M²;;
3031;2020;2019;;28/08/2020;PARANÁ;PR;Aterro Sanitário Municipal;Planaltina do Paraná;4500;M²;;
3031;2020;2019;;28/08/2020;PARANÁ;PR;Aterro Industrial Próprio;Quedas do Iguaçu;4500;M²;;
3031;2020;2019;;28/08/2020;PARANÁ;PR;Aterro Sanitário Municipal;Santa Maria do Oeste;4500;M²;;
3031;2020;2019;;28/08/2020;PARANÁ;PR;Aterro Sanitário Municipal;Pitangueiras;4500;M²;;
3031;2020;2019;;28/08/2020;PARANÁ;PR;Disposição Final de Resíduos Sólidos;Ponta Grossa;4500;M²;;
3031;2020;2019;;28/08/2020;PARANÁ;PR;Aterro Sanitário Municipal;Porecatu;4500;M²;;
3031;2020;2019;;28/08/2020;PARANÁ;PR;Aterro Sanitário Municipal;Porto Rico;4500;M²;;
3031;2020;2019;;28/08/2020;PARANÁ;PR;Lixão Municipal;Prado Ferreira;2000;M²;;
3031;2020;2019;;28/08/2020;PARANÁ;PR;Aterro Sanitário Municipal;Ramilândia;4500;M²;;
3031;2020;2019;;28/08/2020;PARANÁ;PR;Aterro Sanitário Municipal;Realeza;4000;M²;;
3031;2020;2019;;28/08/2020;PARANÁ;PR;Aterro Sanitário Municipal;Reserva do Iguaçu;4000;M²;;
3031;2020;2019;;28/08/2020;PARANÁ;PR;Aterro Sanitário Municipal;Ribeirão Claro;4500;M²;;
3031;2020;2019;;28/08/2020;PARANÁ;PR;Aterro Sanitário Municipal;Ribeirão do Pinhal;4500;M²;;
3031;2020;2019;;28/08/2020;PARANÁ;PR;Lixão Municipal;Rio Bom;4500;M²;;
3031;2020;2019;;28/08/2020;PARANÁ;PR;Lixão Municipal;Rio Branco do Ivaí;2000;M²;;
3031;2020;2019;;28/08/2020;PARANÁ;PR;Aterro Sanitário Municipal;Rolândia;4500;M²;;
3031;2020;2019;;28/08/2020;PARANÁ;PR;Aterro Sanitário Municipal;Rondon;4500;M²;;
3031;2020;2019;;28/08/2020;PARANÁ;PR;Aterro Sanitário Municipal;Sabáudia;4500;M²;;
3031;2020;2019;;28/08/2020;PARANÁ;PR;Lixão Municipal;Salto do Itararé;2000;M²;;
3031;2020;2019;;28/08/2020;PARANÁ;PR;Aterro controlado Municipal;Santa Cecília do Pavão;4500;M²;;
3031;2020;2019;;28/08/2020;PARANÁ;PR;Aterro Sanitário Municipal;Santa Helena;4000;M²;;
3031;2020;2019;;28/08/2020;PARANÁ;PR;Lixão Municipal;SANTA INÊS;2000;M²;;
3031;2020;2019;;28/08/2020;PARANÁ;PR;Aterro controlado Municipal;Santa Lúcia;4500;M²;;
3031;2020;2019;;28/08/2020;PARANÁ;PR;Aterro Sanitário Municipal;Santa Mariana;4000;M²;;
3031;2020;2019;;28/08/2020;PARANÁ;PR;Aterro Sanitário Municipal;SANTA MÔNICA;4500;M²;;
3031;2020;2019;;28/08/2020;PARANÁ;PR;Aterro Sanitário Consórcio Público;Santana do Itararé;4500;M²;;
3031;2020;2019;;28/08/2020;PARANÁ;PR;Aterro controlado Municipal;Santa Tereza do Oeste;4500;M²;;
3031;2020;2019;;28/08/2020;PARANÁ;PR;Aterro Sanitário Municipal;Santa Terezinha de Itaipu;4500;M²;;
3031;2020;2019;;28/08/2020;PARANÁ;PR;Aterro Sanitário Municipal;SANTO ANTÔNIO DA PLATINA;4500;M²;;
3031;2020;2019;;28/08/2020;PARANÁ;PR;Aterro Sanitário Municipal;SANTO ANTÔNIO DO CAIUÁ;4500;M²;;
3031;2020;2019;;28/08/2020;PARANÁ;PR;Aterro Sanitário Municipal;SANTO ANTÔNIO DO PARAÍSO;4500;M²;;
3031;2020;2019;;28/08/2020;PARANÁ;PR;Aterro Sanitário Municipal;Santo Inácio;4500;M²;;
3031;2020;2019;;28/08/2020;PARANÁ;PR;Aterro Sanitário Municipal;SÃO JERÔNIMO DA SERRA;4500;M²;;
3031;2020;2019;;28/08/2020;PARANÁ;PR;Aterro Sanitário Municipal;São João;4500;M²;;
3031;2020;2019;;28/08/2020;PARANÁ;PR;Aterro Sanitário Municipal;São João do Caiuá;4500;M²;;
3031;2020;2019;;28/08/2020;PARANÁ;PR;Aterro Sanitário Municipal;São João do Ivaí;4500;M²;;
3031;2020;2019;;28/08/2020;PARANÁ;PR;Aterro Sanitário Municipal;São Jorge do Patrocínio;4500;M²;;
3031;2020;2019;;28/08/2020;PARANÁ;PR;Aterro Sanitário Municipal;São José das Palmeiras;4500;M²;;
3031;2020;2019;;28/08/2020;PARANÁ;PR;Aterro Sanitário Municipal;São Manoel do Paraná;4500;M²;;
3031;2020;2019;;28/08/2020;PARANÁ;PR;Aterro Sanitário Privado;São Mateus do Sul;4500;M²;;
3031;2020;2019;;28/08/2020;PARANÁ;PR;Aterro Sanitário Privado;São Mateus do Sul;4500;M²;;
3031;2020;2019;;28/08/2020;PARANÁ;PR;Aterro Sanitário Municipal;São Miguel do Iguaçu;4500;M²;;
3031;2020;2019;;28/08/2020;PARANÁ;PR;Aterro Sanitário Municipal;São Pedro do Iguaçu;4500;M²;;
3031;2020;2019;;28/08/2020;PARANÁ;PR;Aterro Sanitário Municipal;São Pedro do Ivaí;4500;M²;;
3031;2020;2019;;28/08/2020;PARANÁ;PR;Aterro Sanitário Municipal;São Pedro do Paraná;4500;M²;;
3031;2020;2019;;28/08/2020;PARANÁ;PR;Aterro Sanitário Municipal;Saudade do Iguaçu;3500;M²;;
3031;2020;2019;;28/08/2020;PARANÁ;PR;Lixão Municipal;Sengés;2000;M²;;
3031;2020;2019;;28/08/2020;PARANÁ;PR;Aterro Sanitário Municipal;Serranópolis do Iguaçu;4500;M²;;
3031;2020;2019;;28/08/2020;PARANÁ;PR;Aterro Sanitário Municipal;Sertanópolis;4500;M²;;
3031;2020;2019;;28/08/2020;PARANÁ;PR;Aterro Sanitário Municipal;Tapejara;4500;M²;;
3031;2020;2019;;28/08/2020;PARANÁ;PR;Aterro Sanitário Municipal;Tapira;4500;M²;;
3031;2020;2019;;28/08/2020;PARANÁ;PR;Aterro Sanitário Municipal;Telêmaco Borba;4500;M²;;
3031;2020;2019;;28/08/2020;PARANÁ;PR;Aterro Sanitário Municipal;Terra Rica;4500;M²;;
3031;2020;2019;;28/08/2020;PARANÁ;PR;Aterro Sanitário Municipal;Terra Roxa;4500;M²;;
3031;2020;2019;;28/08/2020;PARANÁ;PR;Aterro Sanitário Municipal;Toledo;4500;M²;;
3031;2020;2019;;28/08/2020;PARANÁ;PR;Aterro Sanitário Municipal;Tuneiras do Oeste;4500;M²;;
3031;2020;2019;;28/08/2020;PARANÁ;PR;Aterro Sanitário Municipal;Turvo;4500;M²;;
3031;2020;2019;;28/08/2020;PARANÁ;PR;Aterro Sanitário Municipal;Ubiratã;4500;M²;;
3031;2020;2019;;28/08/2020;PARANÁ;PR;Aterro Sanitário Municipal;Umuarama;4500;M²;;
3031;2020;2019;;28/08/2020;PARANÁ;PR;Aterro Sanitário Municipal;União da Vitória;3000;M²;;
3031;2020;2019;;28/08/2020;PARANÁ;PR;Aterro Sanitário Municipal;União da Vitória;4500;M²;;
3031;2020;2019;;28/08/2020;PARANÁ;PR;Aterro Sanitário Municipal;Uniflor;4500;M²;;
3031;2020;2019;;28/08/2020;PARANÁ;PR;Lixão Municipal;Wenceslau Braz;2000;M²;;
3031;2020;2019;;28/08/2020;PARANÁ;PR;Aterro Sanitário Municipal;Ventania;4500;M²;;
3031;2020;2019;;28/08/2020;PARANÁ;PR;Aterro Sanitário Municipal;Vera Cruz do Oeste;4500;M²;;
3031;2020;2019;;28/08/2020;PARANÁ;PR;Aterro Sanitário Municipal;Alto Paraíso;4500;M²;;
3031;2020;2019;;28/08/2020;PARANÁ;PR;Aterro Sanitário Municipal;Doutor Ulysses;4500;M²;;
3031;2020;2019;;28/08/2020;PARANÁ;PR;Lixão Municipal;Virmond;2000;M²;;
3031;2020;2019;;28/08/2020;PARANÁ;PR;Aterro Sanitário Municipal;Xambrê;4500;M²;;
3031;2020;2019;;28/08/2020;PARANÁ;PR;Aterro Sanitário Privado;Sarandi;4500;M²;;
3031;2020;2019;;28/08/2020;PARANÁ;PR;Aterro Industrial de Terceiros;Sarandi;3000;M²;;
3031;2020;2019;;28/08/2020;PARANÁ;PR;Aterro Industrial de Terceiros;Sarandi;3000;M²;;
3031;2020;2019;;28/08/2020;PARANÁ;PR;Aterro Municipal;Boa Esperança;4500;M²;;
3031;2020;2019;;28/08/2020;PARANÁ;PR;Aterro Sanitário Municipal;Bom Sucesso;4500;M²;;
3031;2020;2019;;28/08/2020;PARANÁ;PR;Lixão Municipal;Bom Sucesso;2000;M²;;
3031;2020;2019;;28/08/2020;PARANÁ;PR;Aterro Controlado Municipal;Ipiranga;3000;M²;;
3031;2020;2019;;28/08/2020;PARANÁ;PR;Lixão Municipal;Itambé;2000;M²;;
3031;2020;2019;;28/08/2020;PARANÁ;PR;Aterro Sanitário Municipal;QUERENCIA DO NORTE;4500;M²;;
3031;2020;2019;;28/08/2020;PARANÁ;PR;Aterro Sanitário Municipal;Santa Fé;4500;M²;;
3031;2020;2019;;28/08/2020;PARANÁ;PR;Aterro Municipal;Ibaiti;4500;M²;;
3031;2020;2019;;28/08/2020;PARANÁ;PR;Aterro Sanitário Municipal;Abatiá;4500;M²;;
3031;2020;2019;;28/08/2020;PARANÁ;PR;Aterro Sanitário Municipal;ALTÔNIA;4500;M²;;
3031;2020;2019;;28/08/2020;PARANÁ;PR;Aterro Sanitário Municipal;Alto Piquiri;4500;M²;;
3031;2020;2019;;28/08/2020;PARANÁ;PR;Aterro Sanitário Municipal;Alvorada do Sul;4500;M²;;
3031;2020;2019;;28/08/2020;PARANÁ;PR;Aterro Sanitário Municipal;Amaporã;4500;M²;;
3031;2020;2019;;28/08/2020;PARANÁ;PR;Aterro controlado Municipal;Anahy;4500;M²;;
3031;2020;2019;;28/08/2020;PARANÁ;PR;Aterro controlado Municipal;Andirá;4500;M²;;
3031;2020;2019;;28/08/2020;PARANÁ;PR;Aterro Sanitário Privado;Apucarana;4500;M²;;
3031;2020;2019;;28/08/2020;PARANÁ;PR;Aterro Industrial de Terceiros;Apucarana;2000;M²;;
3031;2020;2019;;28/08/2020;PARANÁ;PR;Aterro Sanitário Privado;Apucarana;2000;M²;;
3031;2020;2019;;28/08/2020;PARANÁ;PR;Aterro Sanitário Municipal;Arapongas;4500;M²;;
3031;2020;2019;;28/08/2020;PARANÁ;PR;Aterro Sanitário Municipal;Arapoti;4500;M²;;
3031;2020;2019;;28/08/2020;PARANÁ;PR;Aterro Sanitário Municipal;Arapuã;4500;M²;;
3031;2020;2019;;28/08/2020;PARANÁ;PR;Aterro Sanitário Municipal;Ariranha do Ivaí;4500;M²;;
3031;2020;2019;;28/08/2020;PARANÁ;PR;Aterro Sanitário Privado;Assaí;2000;M²;;
3031;2020;2019;;28/08/2020;PARANÁ;PR;Aterro Sanitário Municipal;Assis Chateaubriand;4500;M²;;
3031;2020;2019;;28/08/2020;PARANÁ;PR;Aterro Sanitário Municipal;Astorga;4500;M²;;
3031;2020;2019;;28/08/2020;PARANÁ;PR;Aterro controlado Municipal;Atalaia;4500;M²;;
3031;2020;2019;;28/08/2020;PARANÁ;PR;Aterro Sanitário Municipal;Balsa Nova;4500;M²;;
3031;2020;2019;;28/08/2020;PARANÁ;PR;Aterro Sanitário Municipal;Bandeirantes;4500;M²;;
3031;2020;2019;;28/08/2020;PARANÁ;PR;Aterro Muncipal;Barra do Jacaré;4500;M²;;
3031;2020;2019;;28/08/2020;PARANÁ;PR;Aterro Sanitário Municipal;Barra do Jacaré;4500;M²;;
3031;2020;2019;;28/08/2020;PARANÁ;PR;Aterro Sanitário Municipal;Bela Vista do Paraíso;4500;M²;;
3031;2020;2019;;28/08/2020;PARANÁ;PR;Aterro Sanitário Municipal;Bituruna;4500;M²;;
3031;2020;2019;;28/08/2020;PARANÁ;PR;Aterro Sanitário Municipal;Boa Ventura de São Roque;4500;M²;;
3031;2020;2019;;28/08/2020;PARANÁ;PR;Lixão Municipal;Braganey;2000;M²;;
3031;2020;2019;;28/08/2020;PARANÁ;PR;Lixão Municipal;Brasilândia do Sul;2000;M²;;
3031;2020;2019;;28/08/2020;PARANÁ;PR;Aterro Sanitário Municipal;Cafezal do Sul;4500;M²;;
3031;2020;2019;;28/08/2020;PARANÁ;PR;Aterro Sanitário Municipal;Cambará;4500;M²;;
3031;2020;2019;;28/08/2020;PARANÁ;PR;Aterro Municipal;Cambará;4500;M²;;
3031;2020;2019;;28/08/2020;PARANÁ;PR;Aterro Sanitário Municipal;Cambé;4500;M²;;
3031;2020;2019;;28/08/2020;PARANÁ;PR;Aterro Sanitário Municipal;Cambira;4500;M²;;
3031;2020;2019;;28/08/2020;PARANÁ;PR;Aterro Sanitário Municipal;Campo Bonito;4500;M²;;
3031;2020;2019;;28/08/2020;PARANÁ;PR;Aterro Sanitário Municipal;Campo Mourão;4500;M²;;
3031;2020;2019;;28/08/2020;PARANÁ;PR;Aterro Sanitário Municipal;Cantagalo;4500;M²;;
3031;2020;2019;;28/08/2020;PARANÁ;PR;Aterro Sanitário Municipal;Cândido de Abreu;4500;M²;;
3031;2020;2019;;28/08/2020;PARANÁ;PR;Lixão Municipal;Carlópolis;2000;M²;;
3031;2020;2019;;28/08/2020;PARANÁ;PR;Aterro Sanitário Privado;Cascavel;4500;M²;;
3031;2020;2019;;28/08/2020;PARANÁ;PR;Aterro Sanitário Municipal;Cascavel;4500;M²;;
3031;2020;2019;;28/08/2020;PARANÁ;PR;Aterro Sanitário Municipal;Castro;4500;M²;;
3031;2020;2019;;28/08/2020;PARANÁ;PR;Aterro Sanitário Municipal;Centenário do Sul;4500;M²;;
3031;2020;2019;;28/08/2020;PARANÁ;PR;Lixão Municipal;Cerro Azul;2000;M²;;
3031;2020;2019;;28/08/2020;PARANÁ;PR;Disposição de resíduos sólidos;Céu Azul;2000;M²;;
3031;2020;2019;;28/08/2020;PARANÁ;PR;Aterro Sanitário Municipal;Chopinzinho;4500;M²;;
3031;2020;2019;;28/08/2020;PARANÁ;PR;Aterro Sanitário Privado;Cianorte;4500;M²;;
3031;2020;2019;;28/08/2020;PARANÁ;PR;Aterro Sanitário Municipal;Cidade Gaúcha;4500;M²;;
3031;2020;2019;;28/08/2020;PARANÁ;PR;Lixão Municipal;Colorado;2000;M²;;
3031;2020;2019;;28/08/2020;PARANÁ;PR;Aterro Sanitário Municipal;Congonhinhas;4500;M²;;
3031;2020;2019;;28/08/2020;PARANÁ;PR;Aterro Sanitário Privado;Cornélio Procópio;2000;M²;;
3031;2020;2019;;28/08/2020;PARANÁ;PR;Aterro Sanitário Municipal;Coronel Vivida;4500;M²;;
3031;2020;2019;;28/08/2020;PARANÁ;PR;Aterro Sanitário Municipal;Cruzeiro do Oeste;4500;M²;;
3031;2020;2019;;28/08/2020;PARANÁ;PR;Aterro Sanitário Municipal;Cruzmaltina;4500;M²;;
3031;2020;2019;;28/08/2020;PARANÁ;PR;Aterro Sanitário Municipal;Curitiba;4500;M²;;
3031;2020;2019;;28/08/2020;PARANÁ;PR;Aterro Sanitário Municipal;Curitiba;4500;M²;;
3031;2020;2019;;28/08/2020;PARANÁ;PR;Aterro Sanitário Municipal;Curitiba;4500;M²;;
3031;2020;2019;;28/08/2020;PARANÁ;PR;Aterro Sanitário Consórcio Público;Curiúva;4500;M²;;
4423;2020;2019;;12/08/2020;Rio de Janeiro;RJ;;;;;;
3049;2020;2019;;07/08/2020;RIO GRANDE DO NORTE;RN;Aterro Sanitário de Resíduos Sólidos, no âmbito do Consórcio Público Regional de Resíduos Sólidos do Seridó, a ser instalado nas coordenadas UTM : 727798,93 m E/ 9285900,19 m S (Datum WGS 1984 - Zona 24 5). O aterro atenderá a 25 (vinte e cinco) municípios da região Seridó do Estado do Rio Grande do Norte, sendo estes : Acari, Bodó, Caicó, Carnaúba dos Dantas, Cerro Corá, Cruzeta, Currais Novos, Equador, Florânia, Ipueira, Jardim de Piranhas, Jardim do Seridó, Jucurutu, Lagoa Nova, Ouro Branco, Parelhas, Santana do 11 Seridó, São Fernando, São João do Sabugi, São José do Seridó, São Vicente, Serra Negra do Norte, Tenente Laurentino Cruz, Timbaúba dos Batistas e Triunfo Potiguar.;Caicó;35.66;HEC;;
3049;2020;2019;;07/08/2020;RIO GRANDE DO NORTE;RN;Aterro Sanitário de Resíduos Sólidos do Alto Oeste. O aterro atenderá 44 municípios da região do Oeste, sendo este: Água Nova, Alexandria, Almino Afonso, Antônio Martins, Apodi, Campo Grande, Caraúbas, Coronel João Pessoa, Doutor Severiano, Encanto, Felipe Guerra, Francisco Dantas, Frutuoso Gomes, Governador Dix- Sept Rosado, Itaú, Janduis, João Dias, José da Penha, Lucrécia, Luis Gomes, Major Sales, Marcelino Vieira, Martins, Messias Targino, Olho-d'Água do Borges, Paraná, Patu, Pau dos Ferros, Pilões, Portalegre, Rafael Fernandes, Rafael Godeiro, Riacho da Cruz, Riacho de Santana, Rodolfo Fernandes, São Francisco do Oeste, São Miguel, Serrinha dos Pintos, Severiano Melo, Taboleiro Grande, Tenente Ananias, Umarizal, Venha Ver e Viçosa.;Pau dos Ferros;75;HEC;;
310;2020;2019;;08/07/2020;Rondônia;RO;;;;;;
3503;2020;2019;;11/08/2020;RIO GRANDE DO SUL;RS;Há duas principais regiões menos cobertas que seriam prioritárias para ser instalada uma unidade para disposição final de resíduos para atender às demandas da região: Região Funcional 06 (Campanha e Fronteira Oeste), que possui Alegrete como município de maior área, e a Região Funcional 4 (Litoral Norte), que possui Mostardas como município de maior área. RF04.;Mostardas;1983;KM²;;
3503;2020;2019;;11/08/2020;RIO GRANDE DO SUL;RS;Há duas principais regiões menos cobertas que seriam prioritárias para ser instalada uma unidade para disposição final de resíduos para atender às demandas da região: Região Funcional 06 (Campanha e Fronteira Oeste), que possui Alegrete como município de maior área, e a Região Funcional 4 (Litoral Norte), que possui Mostardas como município de maior área. RF 06;Alegrete;7804;KM²;;
3496;2020;2019;;07/08/2020;SANTA CATARINA;SC;Conforme a AMERIOS, os municípios de Cunha Porã e Saltinho foram definidos como sedes para a instalação de novos aterros sanitários de forma a atender os municípios que integram a referida associação. Embora não haja uma definição precisa quanto ao local físico, o Plano Intermunicipal de Gestão Integrada de Resíduos Sólidos da Associação dos Municípios do Entre Rios (AMERIOS) indica que os RSU de Saltinho, Campo Erê, Santa Terezinha do Progresso, Tigrinhos, Bom Jesus do Oeste e Modelo serão encaminhados para o aterro sanitário a ser implantando em Saltinho. FONTE: Plano Intermunicipal de Gestão Integrada de Resíduos Sólidos – Associação dos Municípios do Entre Rios (AMERIOS).;Saltinho;0;M²;;
3496;2020;2019;;07/08/2020;SANTA CATARINA;SC;Na inexistência de Zoneamento Ecológico-Econômico no Estado, o PERS-SC levantou as zonas favoráveis para localização de unidade de disposição final identificadas nos planos municipais. O Plano Municipal de Gestão Integrada de Resíduos Sólidos de Balneário Arroio do Silva, indica 3 (três) áreas favoráveis para unidade de disposição final. ÁREA 1 – LOCALIZAÇÃO: Lat: -28.990694 Long: -49.437333(área degradada). ÁREA 2 – LOCALIZAÇÃO: Lat: -28.988572 Long: -49.450183. ÁREA 3 – LOCALIZAÇÃO: Lat: -28.992653 Long: -49.449186.;Balneário Arroio do Silva;0;M²;;
3496;2020;2019;;07/08/2020;SANTA CATARINA;SC;Na inexistência de Zoneamento Ecológico-Econômico no Estado, o PERS-SC levantou as zonas favoráveis para localização de unidade de disposição final identificadas nos planos municipais. Conforme a AMERIOS, os municípios de Cunha Porã e Saltinho foram definidos como sedes para a instalação de novos aterros sanitários de forma a atender os municípios que integram a referida associação. Embora não haja uma definição precisa quanto ao local físico, o Plano Intermunicipal de Gestão Integrada de Resíduos Sólidos da Associação dos Municípios do Entre Rios (AMERIOS) indica que os RSU de Cunha Porã, Romelândia, Flor do Sertão, Maravilha, Iraceminha, Saudades e São Miguel da Boa Vista serão direcionados para o aterro sanitário a ser implantando em Cunha Porã. FONTE: Plano Intermunicipal de Gestão Integrada de Resíduos Sólidos – Associação dos Municípios do Entre Rios (AMERIOS).;Cunha Porã;0;M²;;
3496;2020;2019;;07/08/2020;SANTA CATARINA;SC;Na inexistência de Zoneamento Ecológico-Econômico no Estado, o PERS-SC levantou as zonas favoráveis para localização de unidade de disposição final identificadas nos planos municipais. Previamente foram selecionadas três áreas no município para a disposição final: ÁREA 1 – LOCALIZAÇÃO: Lat: -29.164281Long: -49.917000. (Central de Triagem existente). ÁREA 2 – LOCALIZAÇÃO: Lat: -29.185319 Long: -49.946719(Área atual de deposição de resíduos de poda e capina). ÁREA 3 – LOCALIZAÇÃO: Lat: -29.169364Long: -49.934661. A avaliação das três áreas pré-selecionadas considerou apenas a viabilidade técnica e ambiental. Não foi avaliada a disponibilidade de aquisição dessas áreas, nem seus valores comerciais. FONTE: Plano Municipal de Gestão Integrada de Resíduos Sólidos de Praia Grande.;Praia Grande;0;M²;;
3496;2020;2019;;07/08/2020;SANTA CATARINA;SC;Na inexistência de Zoneamento Ecológico-Econômico no Estado, o PERS-SC levantou as zonas favoráveis para localização de unidade de disposição final identificadas nos planos municipais. Previamente foram selecionadas três áreas no município para a disposição final: ÁREA 1 – LOCALIZAÇÃO: Lat: -29.226333 Long: -49.810417(Antigo Lixão). ÁREA 2 – LOCALIZAÇÃO: Lat: -29.219472 Long: -49.801861. ÁREA 3 – LOCALIZAÇÃO: Lat: -29.231719 Long: 49.836039.;São João do Sul;0;M²;;
998;2020;2019;;31/07/2020;SÃO PAULO;SP;;;;;;
611;2020;2019;;31/07/2020;TOCANTINS;TO;;;;;;
493;2020;2019;;29/07/2020;SERGIPE;;O Estado possui estudos através do processo de (PMI) para a destinação final dos resíduos sólidos na região do consórcio Sul e Centro Sul, no município de Boquim.;Boquim;10000;M²;;
493;2020;2019;;29/07/2020;SERGIPE;;A destinação final da região da Grande Aracaju é no município de Rosário do Catete;Rosário do Catete;10000;M²;;
493;2020;2019;;29/07/2020;SERGIPE;;O Estado possui estudos através do processo de (PMI) para a destinação final dos resíduos sólidos na região do Consórcio do Agreste Central, no município de Frei Paulo.;Frei Paulo;10000;M²;;
2067;2020;2019;;31/07/2020;DISTRITO FEDERAL;;;;;;;
