Declaração;Ano;Ano Referencia;Data Criação;Data Entrega;Declarante;UF Declarante;Descrição;Descritivo/Detalhamento
2216;2020;2019;;31/07/2020;ALAGOAS;AL;Criação dos Consórcios Públicos pelo  Plano Estadual de Regionalização;"O Estado criou os 07 consórcios públicos do Plano Estadual  de Regionalização, desde 2013, com a participação dos municípios alagoanos, e a Associação dos Municípios Alagoanos - AMA. 

1) Consórcio Intermunicipal para Gestão de Resíduos Sólidos - CIGRES;
2) Consórcio Regional de Resíduos Sólidos do Sertão de Alagoas - CRERSSAL;
3) Consórcio Regional de Resíduos Sólidos do Agreste Alagoano - CONAGRESTE;
4) Consórcio Regional de Resíduos Sólidos da Zona da Mata Alagoana - CORSZAM;
5) Consórcio Intermunicipal do Sul do Estado de Alagoas - CONISUL;
6) Consórcio Intermunicipal de Desenvolvimento da Região do Litoral Norte de Alagoas - CONORTE;
7) Consórcio  Regional Metropolitano de Resíduos Sólidos de Alagoas.
"
6621;2020;2019;;31/07/2020;AMAZONAS;AM;Lei 4.457, de 12 de abril de 2017;Institui a Política Estadual de Resíduos Sólidos do Amazonas. Foram incorporados os avanços da Lei Federal 12.305/2010 e acrescidas as questões regionais como a Região Metropolitana de Manaus.
6621;2020;2019;;31/07/2020;AMAZONAS;AM;Decreto Estadual 41.863, de 30 de janeiro de 2020.;"Regulamenta a Lei 4.457/2017, cria o Comitê Estadual de Resíduos Sólidos do Amazonas - CERS e cria o Selo Estadual de Qualidade ""Sustentabilidade e Resíduos Sólidos"", destinado a certificar práticas sustentáveis de produção, consumo e destino final. Regulamenta a Logística Reversa, Coleta Seletiva,a participação dos catadores de materiais recicláveis, os Planos de Resíduos Sólidos, os Instrumentos Econômicos, o Sistema Estadual de Informação de Resíduos Sólidos - SEIRES e a Educação Ambiental."
6621;2020;2019;;31/07/2020;AMAZONAS;AM;Comitê Estadual de Resíduos Sólidos do Amazonas - CERS;"Instituídas e compostas: 
I - Câmara Técnica de Ética e Assuntos Legais – CTLeg;
II - Câmara Técnica de Coleta Seletiva e Logística Reversa – CTRev;
III - Câmara Técnica de Planos de Resíduos Sólidos – CTPla
IV - Câmara Técnica de Assuntos Especiais – CTEsp;
V - Câmara Técnica de Certificação de Práticas Sustentáveis – CTCer;
VI - Câmara Técnica de Educação Ambiental – CTEdu;
VII - Câmara Técnica de Resíduos Transfronteiriços/internacionais – CTRin;
VIII - Câmara Técnica de Estudos e Projetos – CTPro;
"
3161;2020;2019;;31/07/2020;AMAPÁ;AP;;
3161;2020;2019;;31/07/2020;AMAPÁ;AP;;
1581;2020;2019;;30/07/2020;BAHIA;BA;E. Unidades de Conservação;"As áreas ambientalmente protegidas são variáveis de inegável importância para a regionalização, sobretudo em estudos posteriores que deverão definir condições para a localização das soluções tecnológicas propostas.
De acordo com o mapa de Unidades de Conservação da Bahia (SEI, 2007), o Estado possui atualmente 48 unidades federais (14 de Proteção Integral e 34 de Uso Sustentável), além das 41 estaduais (07 de Proteção Integral e 34 de Uso Sustentável).
Em termos de área ocupada pelas Unidades de Conservação existentes no Estado, é possível avaliar claramente que as unidades de conservação estaduais ocupam áreas maiores do que as federais, representando uma parcela de aproximadamente 11% da área total do Estado (seis milhões de hectares). Destaque para as APA Lago do Sobradinho, Rio Preto, Dunas e Veredas do Baixo Médio São Francisco, com áreas superiores a um milhão de hectares.
Apesar de representativa, esta parcela de área de unidade de conservação não é condição restritiva para implantação de infraestruturas. Todavia, para algumas unidades regionais, representa grande dificuldade, na medida em que diminui, consideravelmente, as áreas disponíveis para a atividade de destinação e disposição final ambientalmente adequada de resíduos sólidos. 
"
1581;2020;2019;;30/07/2020;BAHIA;BA;F. Relevo;"A interação entre os diversos componentes dos recursos naturais como solo, clima, relevo, geologia, vegetação, hidrografia, dentre outros, impõe determinados requisitos de equilíbrio do ecossistema existente e condiciona adoção de tecnologias e atividades mais harmônicas com o ambiente. 
Do relevo, uma característica importante, que impõe restrições ambientais ao manejo de resíduos sólidos, é a variação altimétrica, que limita empreendimentos devido ao aumento dos gastos financeiros, tanto por alteração da paisagem, como por terem um sistema viário limitado, dificultando acessibilidade e circulação de veículos de transporte, principalmente os de maior porte. 
Uma análise bastante ampliada acerca do relevo da Bahia se deve a uma observação analítica, feita a partir de uma secção longitudinal do Estado, seguindo do leste (zona litorânea) para o oeste (divisa com outros Estados).
A parte leste, mas especificamente a faixa litorânea da Bahia, banhada pelo Oceano Atlântico, possui uma área extensa de baixas elevações, com predominância de altitudes inferiores a 100m. Entretanto, existem raros locais com altitude superior a 300m. Na região central do Estado, existem os chapadões de orientação norte-sul, com altitudes elevadas, sendo aí localizados os pontos mais altos da Bahia, a exemplo do Pico das Almas (1.836 metros), localizado na Serra das Almas.
Seguindo para oeste, encontra-se o vale do Rio São Francisco, abrigado pelas duas chapadas de grande extensão, a Chapada Diamantina e a Chapada Ocidental, conhecida como depressão “são franciscana”. O extremo oeste do Estado, logo após a depressão “são franciscana”, é constituído de rochas sedimentares, onde os topos apresentam elevações entre 800 e 1000 metros com feições tabulares, conhecido genericamente de Espigão Mestre.
Essa visão ampliada do parâmetro relevo do Estado parece não impor dificuldades no planejamento das intervenções relacionadas à GIRS, mas em alguns casos, quando restringe as unidades regionais (RDS) isto reflete como uma condicionante física, principalmente no momento da seleção de área para as infraestruturas propostas e sua posterior implantação.
Neste estudo, a variação do relevo foi utilizada em menor grau de importância, devido às condições de relevos suaves no Estado da Bahia. Algumas regiões apresentam condições desfavoráveis quanto ao transporte, sobretudo nas regiões Central (Chapada Diamantina) e Sudeste, podendo ser condicionante para implantação de soluções compartilhadas de equipamentos. Mesmo que não seja um fator limitante, a variação do relevo deve ser considerada quando das propostas de arranjos nestas regiões."
1581;2020;2019;;30/07/2020;BAHIA;BA;H. Oficinas de trabalhos regionais;"Foram considerados de suma importância para efetivação da proposta de regionalização, os resultados das “Oficinas de Trabalho Regionais”, conforme disposto no escopo do Estudo de Regionalização da Gestão Integrada de Resíduos Sólidos, encontrando respaldo na prática italiana que foi adotada para os estudos de regionalização do Estado do Piauí. Uma situação diferente acontecerá no caso em que a iniciativa do consórcio não partir dos municípios, havendo necessidade de realizar um processo de exposição, bem como a análise das implicações da adesão ao Consórcio, buscando sensibilizá-los para a proposta.
As Oficinas, realizadas em todas as unidades territoriais, foram idealizadas e organizadas para possibilitar oportunidades de reflexão e exercício na formulação de uma proposta de gestão consorciada voltada à realidade regional. Como resultado, foram propostos cenários sugeridos - a partir do esforço conjunto dos atores presentes nas oficinas regionais - e construídos mapas de cenários sugeridos  a partir de um aprofundamento das propostas individuais, alcançando consenso em grupos.
As oficinas, além de “informar” sobre o estudo, tiveram a intenção de fornecer a retroalimentação para a concepção da proposta de regionalização de cada unidade territorial. A percepção dos facilitadores, no momento da oficina, quanto aos obstáculos e às facilidades, está descrita (apresentada) no quadro de “potencialidades X fragilidades”, refletindo a realidade local do ponto de vista do facilitador, que deve ser observado quando das etapas de implementação das propostas.
A comunidade ao manifestar suas colaborações, anseios, preocupações e materializar sugestões de regionalização (mapas de cenários sugeridos, citado anteriormente), se sentirá corresponsável pelas ações e, portanto, colaboradora da sua implementação, favorecendo, assim, a sustentabilidade das propostas. Isto porque, segundo LIMA (2003) “os modelos que são replicados com as devidas adaptações locais geralmente tendem a obter resultados positivos mais sólidos quando consolidados por meio da participação comunitária”. "
1581;2020;2019;;30/07/2020;BAHIA;BA;I. Produção de resíduos;"A definição da solução técnica mais adequada para a destinação final de resíduos sólidos urbanos deve ser baseada em um importante parâmetro: produção diária total municipal. Todavia, os dados existentes da produção de RSU nos municípios da Bahia são insuficientes para uma abordagem mais específica acerca deste parâmetro. 
Para estimar a quantidade de resíduos sólidos geradas nos municípios foram adotados, como marcos referenciais, os índices de produção per capita de resíduos sólidos domiciliares por faixa populacional, de acordo com Companhia de Desenvolvimento e Ação Regional –  CAR (2004) e apresentados no Estudo de Regionalização da Gestão Integrada de Resíduos Sólidos."
1581;2020;2019;;30/07/2020;BAHIA;BA;A. População urbana;"O parâmetro da população urbana partiu da premissa de que a maior quantidade de resíduos sólidos é gerada na zona urbana, onde geralmente encontra-se a concentração populacional do município. Na Bahia, as áreas rurais são caracterizadas por terem populações esparsamente distribuídas, fazendo com que as dificuldades no gerenciamento das atividades de resíduos sólidos sejam de caráter individual, usualmente fora do alcance do serviço de limpeza urbana da prefeitura.
Os municípios que estão nas menores faixas da população são geralmente os que possuem maiores dificuldades em relação ao gerenciamento e operação dos serviços de limpeza urbana e manejo de resíduos sólidos. No caso da Bahia, 89,69% dos municípios possuem menos de 50.000 habitantes (IBGE, 2010).
Foi realizada a projeção da população por Território de Identidade, conforme capítulo 2 - Tomo 1.2 – Diagnóstico dos Resultados dos Levantamentos e Pesquisas Realizadas, Parte 1 – Caracterização Regional (26 volumes), Meta 1 deste Estudo, que considera como base referencial os Censos de 2000 e 2010, ambos elaborados pelo IBGE. A estimativa de crescimento foi realizada para o período de 2011 a 2033, adotando mesma taxa de crescimento urbano para todos os anos do período indicado.
Os estudos populacionais são condicionantes necessárias para o dimensionamento de instalações físicas a serem implantadas, visando fornecimento dos serviços propostos no horizonte temporal de 20 anos (ano 2033), contados a partir do ano base 2010."
1581;2020;2019;;30/07/2020;BAHIA;BA;G. Indicador de saúde;"A elaboração de um indicador de saúde torna-se importante para subsidiar os órgãos estaduais na priorização das intervenções no tocante ao manejo de resíduos sólidos nas unidades regionais.
A metodologia da construção do indicador de saúde proposto consistiu no levantamento de número de casos de doenças e na determinação de índices relativos de morbidade para cada doença levantada. Assim foi elaborado um quadro, que mostra uma correlação entre o somatório de casos de doenças por 100.000 habitantes, em um determinado período de tempo, com o grau de relação da doença (fraco, moderado e forte) ao manejo de resíduos sólidos. 
O indicador foi construído com base no Território de Identidade e permite uma leitura regional capaz de identificar quais os Territórios precisam de medidas saneadoras capazes de diminuir probabilidade de casos de doenças relacionadas ao gerenciamento inadequado dos resíduos sólidos. Todavia, o mesmo não é compreendido como fator limitante ou imprescindível na formação dos arranjos a serem implementados nas cidades baianas."
1581;2020;2019;;30/07/2020;BAHIA;BA;B. Unidade regional;"A definição de unidades territoriais permite estabelecer uma estratégia de integração entre atores sociais, comunidades rurais, mercados e órgãos públicos de intervenção, dentre outros. No Estado da Bahia, as diferentes divisões territoriais adotadas serviram como instrumentos de análise e direcionaram programas e projetos implantados pelo governo.
Segundo a SEPLAN (2009): 
O território é conceituado como um espaço físico, geograficamente definido, geralmente contínuo, caracterizado por critérios multidimensionais, tais como o ambiente, a economia, a sociedade, a cultura, a política e as instituições, e uma população com grupos sociais relativamente distintos, que se relacionam interna e externamente por meio de processos específicos, onde se pode distinguir um ou mais elementos que indicam identidade, para cada uma dessas unidades, coesão social, cultural e territorial.
O Estado da Bahia, possuindo os denominados Territórios de Identidade, permitiu a adoção destas como unidades de planejamento para proposição dos cenários de regionalização, compatibilizando-as com as Regiões de Desenvolvimento Sustentável – RDS, propostas em outubro de 2009. Estas unidades constituem um critério diferencial para a Bahia quando comparado a outros Estados.
A título de exemplo, o Piauí espacializa os consórcios de RS em regiões que já possuem consórcios em outras áreas do saneamento básico, o que parece ser uma boa abordagem, inclusive para facilitar os arranjos à luz da legislação vigente. Essas unidades foram criadas com objetivo de identificar prioridades temáticas definidas a partir da realidade local, possibilitando o desenvolvimento equilibrado e sustentável entre as regiões. A metodologia foi desenvolvida com base no sentimento de pertencimento, que se traduz em uma crença de origem e destino comum predispondo forte identidade sociocultural e levando a uma mobilização entre seus grupos étnicos. 
Com base nos diversos critérios adotados para a divisão territorial do Estado, convencionou-se pela divisão por Regiões de Desenvolvimento Sustentável – RDS, estas são balizadoras de vocações regionais, as quais, fazendo uso de fatores produtivos e infraestruturais, apontam em qual direção o desenvolvimento socioeconômico deverá caminhar. A adoção do arranjo das RDS advém da necessidade da busca do melhor arranjo, considerando infraestrutura regional implantada e economia de escala, para viabilizar uma regionalização que conduza à maximização da eficiência dos serviços de saneamento, bem como de outros serviços de interesse regional. 
Neste conceito, foram definidos módulos de abrangência regional cuja dimensão preserva a identidade de cada região, evitando o enfrentamento de dificuldades que advêm normalmente da heterogeneidade de fatores regionais. Assim, o Estado da Bahia foi dividido em 26 Regiões de Desenvolvimento Sustentável (RDS).
"
1581;2020;2019;;30/07/2020;BAHIA;BA;C. Malha rodoviária ;"A qualidade das vias de acesso representa uma variável imprescindível para eficiência do sistema de transporte. Segundo BALLOU (2001); apud RIBEIRO; MACHADO, (2010) o transporte é uma área chave dentro do composto logístico, pois além de ser responsável pelo deslocamento ou movimentação física, representa a maior parte dos custos logísticos. Na área de resíduos sólidos, não é diferente, pois a quilometragem percorrida pelos veículos e a condição das estradas, impactam na questão do tempo desprendido para a realização de determinado percurso, sendo necessária análise do fator custo/benefício (dos custos logísticos no planejamento). 
Em 2011, foi realizada uma pesquisa pela Confederação Nacional de Transporte - CNT acerca das condições das rodovias nos Estados Brasileiros. Nesta pesquisa, foram identificadas as rodovias e suas características quanto à pavimentação, à sinalização e à geometria, propiciando o diagnóstico geral sobre as condições das estradas."
1581;2020;2019;;30/07/2020;BAHIA;BA;D. Distância entre municípios;"Outro parâmetro considerado foi o da distância entre sedes municipais do entorno e aquele considerado polo da unidade regional, com o objetivo de identificar até que ponto é válido o compartilhamento de unidades de destinação e disposição final ambientalmente adequada, pois o alto custo envolvido é decorrente da logística de transporte. Ainda assim, considerando a grande dimensão territorial do Estado da Bahia, verifica-se a adoção de diversos arranjos territoriais dentro de uma mesma unidade regional, como medida que confirma as dificuldades de relacionar as distâncias envolvidas no processo, com o benefício de escala e a sustentabilidade das ações.
As distâncias entre os municípios do entorno e o município polo permitem analisar, mediante parâmetros pré-definidos, até que ponto seria válido o compartilhamento de unidades de disposição final, haja vista que o alto custo com a logística de transporte poderia inviabilizar a realização do referido compartilhamento. Contudo, é possível concluir que a distância não inviabilizaria uma gestão associada, no sentido de compartilhar a mão de obra técnica necessária e outras ações de caráter gerencial."
3373;2020;2019;;31/07/2020;CEARÁ;CE;Política  Estadual de Resídiuos Sólidos no Âmbieto do Estado do Ceará;institui a Política Estadual de Resíduos Sólidos no âmbito do Estado do Ceará, dispondo sobre seus princípios, objetivos e instrumentos, bem como sobre as diretrizes relativas à gestão integrada e ao gerenciamento de resíduos sólidos, incluídos os perigosos, às responsabilidades dos geradores e do Poder Público e aos instrumentos econômicos aplicáveis.
3373;2020;2019;;31/07/2020;CEARÁ;CE;Planos Regionais de Gestão Integrada de Resíduos Sólidos das 14 Regiões de Resíduos do Ceará;Elaboração de 14 Planos Regionais de Gestão Integrada de Resíduos Sólidos (PRGIRS) das Regiões de Resíduos do Estado do Ceará.
3373;2020;2019;;31/07/2020;CEARÁ;CE;Planos Regionalizados de Coletas Seletivas Mútiplas ;Elaboração de Planos regionalizados dos 184 municípios do Estado
3373;2020;2019;;31/07/2020;CEARÁ;CE;Índice Municipal de Qualidade do Meio Ambiente - IQM;"Incentivo a constituição de regionalização por meio de instiruição de consórcios.
Decreto Nº 32.483, de 29 de dezembro de 2017, que altera o Decreto Nº 29.306, de 05 de junho de 2008, e dá outras providências;
- Decreto Nº 32.926, de 28 de dezembro de 2018, que altera o Decreto Nº 32.483, de 29 de dezembro de 2017, e dá outras providências;
- Instrução Normativa SEMA Nº 01/2020, que dispõe sobre os critérios e procedimentos para apuração de dados e cumprimento dos requisitos do índice municipal de qualidade do meio ambiente."
3539;2020;2019;;28/08/2020;Espírito Santo;ES;Programa Espírito Santo Sem Lixão;O objetivo principal do Programa Espírito Santo Sem Lixão é a erradicação dos lixões do território capixaba, por meio de sistemas regionais de destinação final adequada de resíduos sólidos urbanos (RSU), considerando também, neste contexto, a continuidade do funcionamento dos atuais sistemas que estão atendendo alguns municípios de forma sustentada e que foram implantados pela iniciativa privada.
2567;2020;2019;;31/07/2020;GOIÁS;GO;Consórcios Publicos para gestão associada;Atualmente o Estado de Goiás possuem 15 Consórcios Públicos ativos para gestão de resíduos sólidos urbanos em fase de implantação representando 70% dos municípios goianos. Atualmente não temos nenhum em fase de operação.
10286;2020;2019;10/04/2023;31/07/2020;MARANHÃO;MA;Fomento a gestão ;Adoção de medidas para a gestão compartilhada dos resíduos sólidos.
1732;2020;2019;;31/07/2020;Minas Gerais;MG;Termo de Cooperação Técnica entre a FEAM, SEMAD, SECIR, MP e AGE;O objetivo deste termo foi o de promover ações conjuntas que viabilizem o fomento da implementação do gerenciamento e destinação adequada de resíduos sólidos urbanos no âmbito do Estado de Minas Gerais, preferencialmente por meio de consorciamento entre os municípios mineiros. Deste modo, buscou-se o diálogo com diversos municípios de grande porte (acima de 50.000 habitantes) que ainda operam lixões e alguns consórcios com vistas ao encerramento de lixões e a melhoria na gestão de resíduos sólidos. Mais informações no link: http://www.feam.br/images/stories/2019/MINAS_SEM_LIXOES/Relatório_de_Progresso_2019_-_PANORAMA_RSU_Ano_base_2018_v_1912.pdf
1732;2020;2019;;31/07/2020;Minas Gerais;MG;Termo de Parceria entre a FEAM e o Instituto GESOIS;No âmbito deste termo de parceria, no ano de 2019, o Estado de Minas Gerais realizou reuniões com diversos consórcios públicos envolvidos com a gestão de resíduos sólidos, afim de orientar os consórcios e os seus municípios integrantes na busca de uma melhor gestão de resíduos. Foram contemplados consórcios de todas as regiões do Estado. Mais informações no link: http://www.feam.br/images/stories/2019/MINAS_SEM_LIXOES/Relatório_de_Progresso_2019_-_PANORAMA_RSU_Ano_base_2018_v_1912.pdf
1016;2020;2019;;31/07/2020;MATO GROSSO DO SUL;MS;Por Termo de Cooperação;Tanto o Ministério Público quanto o Tribunal de Contas deste Estado, por Termo de Cooperação firmado com o Instituto de Meio Ambiente de Mato Grosso do Sul e a Secretaria de Estado de Meio Ambiente, Desenvolvimento Econômico, Produção e Agricultura Familiar de Mato Grosso do Sul, vêm orientando, em capacitações e consultas públicas, os gestores públicos municipais sobre a gestão consorciada de resíduos sólidos.
1016;2020;2019;;31/07/2020;MATO GROSSO DO SUL;MS;Pelo ICMS Ecológico.;Uma das formas encontradas pelo Estado para estimular as soluções consorciadas na gestão municipal dos resíduos sólidos foi por intermédio do ICMS Ecológico. Dentro do parâmetro 2 de análise (Disposição Final Ambientalmente Adequada), verifica-se pela legislação Resolução Semade N° 22/2015 que o peso para o cálculo de pontuação é maior nos casos onde os Municípios comprovam uma disposição final ambientalmente adequada intermunicipal, o que resulta em uma arrecadação maior de ICMS Ecológico quando comparada com a de Municípios com soluções individuais implementadas.
1016;2020;2019;;31/07/2020;MATO GROSSO DO SUL;MS;Pela execução do PERS-MS;"Na Estratégia 1.5, o PERS-MS traz a previsão de promover a solução consorciada entre os município do Estado de Mato Grosso do Sul. Tal Estratégia possui a Meta 1.5.1 de ""Garantir municípios com soluções consorciadas (% dos municípios)"", tendo como ações:

1.5.1.1 Apoiar tecnicamente os gestores públicos para a criação de consórcios ou inserção em consórcios existentes para disposição final dos rejeitos
1.5.1.2 Priorizar os municípios que optarem por soluções consorciadas de disposição final dos rejeitos na concessão de recursos financeiros

 Desde 2016, a equipe técnica vem trabalhando na divulgação, em capacitações nos municípios, as vantagens do consórcio público para os custos da implantação da disposição final intermunicipal ambientalmente adequada. Embora haja uma morosidade no avanço dessas questões, o Estado notou uma melhora significativa após o início dessas ações."
2995;2020;2019;;31/07/2020;PARÁ;PA;Programa de Municipio sustentaveis- Consorcio Municipais CONSSIS (Castanhal, Inhangapi, Santa Maria do pará, Santa izabel, Saoa Francisco E CIGEREIS ;"Planos Municipais de Saneamento Básico (PMSB) de 4 (quatro) Municípios do estado do Pará: Castanhal, Itaituba, Santa Maria do Pará e São Francisco do Pará, e revisão dos Planos Municipais de Saneamento Básico – PMSB de mais 4 (quatro) Municípios paraenses: Brasil Novo, Rondon do Pará, Santa Izabel do Pará e Inhangapi, criando subsídios para desenvolver mecanismos e procedimentos articulados e integrados de gestão pública da infraestrutura do município relacionada aos 4 eixos de desenvolvimento urbano (abastecimento de água potável, esgotamento sanitário, drenagem e manejo das águas pluviais e limpeza urbana e manejo dos resíduos sólidos).
Os referidos PMSB’s servirão de orientação aos gestores públicos municipais, devendo:
I.	Fornecer dados e informações adequadas para avaliar e decidir sobre a forma de aplicação dos recursos orçamentários do município na melhoria da prestação dos serviços de saneamento básico;
II.	Prover diretriz para a regulação e controle social dos contratos de programa/concessão firmados ou a serem firmados entre o município e concessionária de serviços de água e esgotamento sanitário; 
III.	Orientar o desenvolvimento de programas e ações das políticas federais, estaduais e municipais de saneamento básico, permitindo a adoção de tecnologias adequadas com soluções graduais e progressivas, considerando a sustentabilidade ambiental e a capacidade de pagamento dos usuários que, segundo a legislação, não pode ser impeditiva para atingir as metas de universalização;
IV.	Dotar o gestor público municipal de instrumento de planejamento de curto, médio e longo prazo, de forma a atender as necessidades presentes e futuras de infraestrutura sanitária do Município, buscando, sempre, a preservação da saúde pública, a melhoria constante das condições de salubridade para o habitat humano, e a consideração da participação da sociedade na gestão dos serviços; 
V.	Promover a saúde, a qualidade de vida e do meio ambiente, assim como organizar a gestão e estabelecer as condições para a prestação dos serviços de saneamento básico, de forma que cheguem a todo cidadão, integralmente, sem interrupção e com qualidade;
VI.	Promover o desenvolvimento institucional do saneamento básico no nível municipal, em sintonia com as diretrizes nacionais e com ênfase na capacitação dos agentes locais, como os gestores públicos, técnicos da Prefeitura, conselheiros municipais, lideranças comunitárias e representantes de movimentos sociais com atuação na política de saneamento básico e correlatas, qualificando o exercício do controle social;
VII.	Orientar para que a aplicação dos recursos financeiros administrados pelo poder público se dê de acordo com o que estabelece a política municipal e o PMSB em termos de necessidades de investimentos, e que sejam preferencialmente definidas segundo critérios de promoção de salubridade ambiental, da maximização da relação benefício-custo e, portanto, de maior retorno social do ponto de vista dos benefícios gerados para a melhoria da qualidade de vida da população;
VIII.	Utilizar indicadores na elaboração do PMSB que apoiem desde a construção do diagnóstico, a análise dos cenários para a gestão dos serviços, até a proposição das ações, e que dialoguem com as metas que devem ser observadas na execução e avaliação do PMSB.
"
2995;2020;2019;;31/07/2020;PARÁ;PA;PROGRAMA MUNICÍPIO SUSTENTAREIS ;"Promover o desenvolvimento, integração econômica e social da região, bem como, de superar a pobreza e reduzir desigualdades por meio da implantação de Programas de Saneamento, Mobilidade e Comunicação, acompanhadas de medidas de mitigação e/ou compensação de impactos ambientais e ações de desenvolvimento social, que visam garantir melhor prestação de serviços à população, necessários à sustentação da economia local e a proporcionar uma
melhor qualidade de vida à população.
"
2995;2020;2019;;31/07/2020;PARÁ;PA;Programa de Municipio sustentaveis- Consorcio Municipais CONSSIS (Castanhal, Inhangapi, Santa Maria do pará, Santa izabel, Saoa Francisco E CIGEREIS ;"Planos Municipais de Saneamento Básico (PMSB) de 4 (quatro) Municípios do estado do Pará: Castanhal, Itaituba, Santa Maria do Pará e São Francisco do Pará, e revisão dos Planos Municipais de Saneamento Básico – PMSB de mais 4 (quatro) Municípios paraenses: Brasil Novo, Rondon do Pará, Santa Izabel do Pará e Inhangapi, criando subsídios para desenvolver mecanismos e procedimentos articulados e integrados de gestão pública da infraestrutura do município relacionada aos 4 eixos de desenvolvimento urbano (abastecimento de água potável, esgotamento sanitário, drenagem e manejo das águas pluviais e limpeza urbana e manejo dos resíduos sólidos).
Os referidos PMSB’s servirão de orientação aos gestores públicos municipais, devendo:
I.	Fornecer dados e informações adequadas para avaliar e decidir sobre a forma de aplicação dos recursos orçamentários do município na melhoria da prestação dos serviços de saneamento básico;
II.	Prover diretriz para a regulação e controle social dos contratos de programa/concessão firmados ou a serem firmados entre o município e concessionária de serviços de água e esgotamento sanitário; 
III.	Orientar o desenvolvimento de programas e ações das políticas federais, estaduais e municipais de saneamento básico, permitindo a adoção de tecnologias adequadas com soluções graduais e progressivas, considerando a sustentabilidade ambiental e a capacidade de pagamento dos usuários que, segundo a legislação, não pode ser impeditiva para atingir as metas de universalização;
IV.	Dotar o gestor público municipal de instrumento de planejamento de curto, médio e longo prazo, de forma a atender as necessidades presentes e futuras de infraestrutura sanitária do Município, buscando, sempre, a preservação da saúde pública, a melhoria constante das condições de salubridade para o habitat humano, e a consideração da participação da sociedade na gestão dos serviços; 
V.	Promover a saúde, a qualidade de vida e do meio ambiente, assim como organizar a gestão e estabelecer as condições para a prestação dos serviços de saneamento básico, de forma que cheguem a todo cidadão, integralmente, sem interrupção e com qualidade;
VI.	Promover o desenvolvimento institucional do saneamento básico no nível municipal, em sintonia com as diretrizes nacionais e com ênfase na capacitação dos agentes locais, como os gestores públicos, técnicos da Prefeitura, conselheiros municipais, lideranças comunitárias e representantes de movimentos sociais com atuação na política de saneamento básico e correlatas, qualificando o exercício do controle social;
VII.	Orientar para que a aplicação dos recursos financeiros administrados pelo poder público se dê de acordo com o que estabelece a política municipal e o PMSB em termos de necessidades de investimentos, e que sejam preferencialmente definidas segundo critérios de promoção de salubridade ambiental, da maximização da relação benefício-custo e, portanto, de maior retorno social do ponto de vista dos benefícios gerados para a melhoria da qualidade de vida da população;
VIII.	Utilizar indicadores na elaboração do PMSB que apoiem desde a construção do diagnóstico, a análise dos cenários para a gestão dos serviços, até a proposição das ações, e que dialoguem com as metas que devem ser observadas na execução e avaliação do PMSB.
"
455;2020;2019;;28/07/2020;PARAÍBA;PB;;
455;2020;2019;;28/07/2020;PARAÍBA;PB;Cursos de formação técnica para gestores públicos municipais;Anualmente o Governo do Estado oferta o Curso de Estruturação da Gestão Ambiental Municipal para gestores públicos municipais.
455;2020;2019;;28/07/2020;PARAÍBA;PB;Estímulo à solução consorciada;Disponibilidade de suporte técnico-normativo para formação de consórcios intermunicipais
3602;2020;2019;;31/07/2020;PERNAMBUCO;PE;;
3031;2020;2019;;28/08/2020;PARANÁ;PR;Programa específico para implantação de consórcios -  “CONSÓRCIOS REGIONAIS - PARANÁ SEM LIXÃO”;A Política Nacional de Resíduos Sólidos estabelece que a atuação do estado deve apoiar e priorizar as iniciativas dos municípios com soluções consorciadas ou compartilhadas entre dois (02) ou mais municípios. As ações consorciadas trazem benefícios tais como: a melhoria da qualidade de operação dos aterros, evitando com que se tornem verdadeiros lixões, ganhos de escala e rateio dos custos administrativos e operacionais. Desta forma, o Estado do Paraná tem como programa de governo a organização de consórcios regionais para gestão integrada de RSU em todas as macro regiões do estado, com incentivos variados: como repasse de recursos financeiros, cessão de área, apoio técnico, entre outros.
4423;2020;2019;;12/08/2020;Rio de Janeiro;RJ;Apoio à gestão de resíduos sólidos urbanos no Consórcio Centro Sul;"Estado é ente do Consórcio, que se encontra formalizado e em operação, e fornece: Apoio técnico ao Consórcio; apoio  financeiro aos municípios consorciados para disposição final ambientalmente adequada  dos rejeitos, através de contrato de rateio firmado entre o Estado do Rio de Janeiro e o Consórcio; apoio técnico e instrumentalização dos gestores municipais para implantação de sistemas públicos de coleta seletiva e gestão de RSU por fluxos nos municípios. Desenvolvimento de modelagem de gestão de resíduos sólidos que incentive a cooperação intermunicipal, estimulando a busca de soluções consorciadas, observando suas variáveis ambientais, sociais, culturais, econômicas, tecnológicas e regionais."
4423;2020;2019;;12/08/2020;Rio de Janeiro;RJ;Apoio à gestão de resíduos sólidos urbanos no Consórcio Noroeste ;"Estado é ente do Consórcio, que está formalizado, e fornece: Apoio técnico ao Consórcio; apoio  financeiro aos municípios consorciados para disposição final ambientalmente adequada  dos rejeitos, através de contrato de rateio firmado entre o Estado do Rio de Janeiro e o consórcio; apoio técnico e instrumentalização dos gestores municipais para implantação de sistemas públicos de coleta seletiva e gestão de RSU por fluxos nos municípios. Desenvolvimento de modelagem de gestão de resíduos sólidos que incentive a cooperação intermunicipal, estimulando a busca de soluções consorciadas, observando suas variáveis ambientais, sociais, culturais, econômicas, tecnológicas e regionais."
4423;2020;2019;;12/08/2020;Rio de Janeiro;RJ;Apoio à gestão de resíduos sólidos urbanos no Consórcio Vale do Café;"Estado é ente do Consórcio, que se encontra formalizado e em operação, e fornece: Apoio técnico ao Consórcio; apoio  financeiro aos municípios consorciados para disposição final ambientalmente adequada  dos rejeitos, através de contrato de rateio firmado entre o Estado do Rio de Janeiro e o Consórcio; apoio técnico e instrumentalização dos gestores municipais para implantação de sistemas públicos de coleta seletiva e gestão de RSU por fluxos nos municípios. Desenvolvimento de modelagem de gestão de resíduos sólidos que incentive a cooperação intermunicipal, estimulando a busca de soluções consorciadas, observando suas variáveis ambientais, sociais, culturais, econômicas, tecnológicas e regionais."
3049;2020;2019;;07/08/2020;RIO GRANDE DO NORTE;RN;Consócio Público Intermunicipal de Saneamento Básico da  Região do Mato Grande – CISMAG.;"Os municípios que assinaram o Protocolo de Intenções do CISMAG foram: Bento Fernandes, Caiçara do Norte, Galinhos, Jandaíra, Jardim de Angicos, João Câmara, Parazinho, Pedra Grande, Poço Branco, Pureza, Rio do Fogo, São Bento do Norte, São Miguel do Gostoso, Taipú e Touros. 

Os municípios de Bento Fernandes, Rio do Fogo, Taipú e Touros, já encaminham os seus resíduos para destinação final no Aterro Sanitário Metropolitano. Atualmente o consórcio está buscando alternativas via PPP para instalação das estações de transbordo de Touros e Parazinho. "
3049;2020;2019;;07/08/2020;RIO GRANDE DO NORTE;RN;Consórcio Público Regional de Resíduos Sólidos do Seridó.;"Todos os 25 municípios da Região do Seridó assinaram o Protocolo de Intenções: Acari, Bodó, Caicó, Carnaúba dos Dantas, Cerro Corá,
Cruzeta, Currais Novos, Equador, Florânia, Ipueira, Jardim de Piranhas, Jardim do Seridó, Jucurutu, Lagoa Nova, Ouro Branco, Parelhas, Santana do Seridó, São Fernando, São João do Sabugi, São José do Seridó, São Vicente, Serra Negra do Norte, Tenente Laurentino Cruz, Timbaúba dos Batistas eTriunfo Potiguar.

Esse consórcio já pratica o contrato de rateio e viabilizou financeiramente a elaboração do Estudo Ambiental (EIA/RIMA) para implantação do Aterro Sanitário de Caicó, que irá atender ao consórcio, cujo projeto foi elaborado pela SEMARH."
3049;2020;2019;;07/08/2020;RIO GRANDE DO NORTE;RN;Consórcio Público Regional de Saneamento do Alto Oeste Potiguar.;"Todos os 44 municípios da Região do Alto Oeste assinaram o Protocolo de Intenções: Água Nova, Alexandria, Almino Afonso, Antônio Martins, Apodi, Campo Grande, Caraúbas, Coronel João Pessoa, Doutor Severiano, Encanto, Felipe Guerra, Francisco Dantas, Frutuoso Gomes, Governador Dix- Sept Rosado, Itaú, Janduis, João Dias, José da Penha, Lucrécia, Luis Gomes, Major Sales, Marcelino Vieira, Martins, Messias Targino, Olho-d'Água do Borges, Paraná, Patu, Pau dos Ferros, Pilões, Portalegre, Rafael Fernandes, Rafael Godeiro, Riacho da Cruz, Riacho de Santana, Rodolfo Fernandes, São Francisco do Oeste, São Miguel, Serrinha dos Pintos, Severiano Melo, Taboleiro Grande, Tenente Ananias, Umarizal, Venha Ver e Viçosa.

O consórcio, juntamente com o município de Pau dos Ferros, estão realizando as tratativas de desapropriação e aquisição da área para implantação do aterro sanitário."
3049;2020;2019;;07/08/2020;RIO GRANDE DO NORTE;RN;Consócio Público Regional de Saneamento do Vale do Assu.;"Os municípios da Região do Assú que assinaram o Protocolo de Intenções foram: Alto do Rodrigues, Angicos, Areia Branca,
Assu, Baraúna, Carnaubais, Paraú, Fernando Pedroza, Grossos, Guamaré, Ipanguaçu, Itajá, Lajes, Pedra Preta, Pedro Avelino, Pendências, Porto do Mangue, Santana do Matos, São Rafael, Serra do Mel, Tibau.

O consórcio está desenvolvendo uma Parceria Público Privada para implantação do aterro sanitário e estações de transbordo;"
3049;2020;2019;;07/08/2020;RIO GRANDE DO NORTE;RN;Medidas para Região do Agreste;"Faz-se necessário consolidar formalmente a estrutura administrativa da Região, vez que a
construção do consórcio necessita de procedimentos formais. 

Para esta Região também deverá ser incentivada a elaboração de Projeto de
Apoio e Fortalecimento Institucional para a Gestão Integrada e Associada de
Resíduos Sólidos Urbanos. 

As principais ações serão descritas abaixo:

A)Consolidar a estrutura administrativa de Consórcio;
B) Incentivar e apoiar o fortalecimento institucional para a gestão integrada e
associada de resíduos sólidos urbanos;
C) Apoiar a criação e organização de Cooperativa de Catadores de materiais
recicláveis a fim de que essas participem da operacionalização dos galpões
de triagem e unidades de compostagem;
D) Identificar áreas adequadas para a instalação dos equipamentos de prestação
de serviços ambientais urbanos diretos;
E) Buscar recursos, junto aos órgãos financiadores descritos no item 3.6 do
presente relatório, para a instalação dos equipamentos de prestação de
serviços ambientais urbanos diretos (PEV, ATT, aterros Classe A, galpões de
triagem e unidades de compostagem);
F) Desenvolver estudos para o encerramento dos lixões e recuperação das
áreas degradadas;
G) Implantar o Aterro Sanitário da Região.
"
310;2020;2019;;08/07/2020;Rondônia;RO;;
3503;2020;2019;;11/08/2020;RIO GRANDE DO SUL;RS;Reuniões e eventos tipo seminários realizados regularmente pela Asstec/Sema com os municípios através de suas associações regionais.;A Assessoria Técnica- Asstec da SEMA/RS, realiza regularmente reuniões com os responsáveis pela gestão dos RSU nos municípios e ocasionalmente com a participação dos prefeitos. Aproveita-se as reuniões mensais que ocorrem em todas as associações regionais de municípios do Estado do RS. Além destas atividades regulares também são promovidos seminários técnicos com a participação de maior número de pessoas, tanto da área municipal quanto empreendedores locais. Essas reuniões visam sempre cumprir um cronograma de formação de consórcio municipal ou ainda a implantação de uma alternativa técnica para a melhor gestão dos resíduos e de forma compartilhada entre os demais municípios de cada região geográfica.
3503;2020;2019;;11/08/2020;RIO GRANDE DO SUL;RS;Apoio técnico junto aos municípios;A Assessoria  Técnica - Asstec da Sema/RS, desenvolve trabalhos de apoio técnico junto ás associações regionais de municípios apresentando as alternativas e os ganhos técnicos e econômicos ao trabalhar a gestão dos RSU gerados nestes municípios de forma consorciada, dirimindo dúvidas e orientando sobre boas práticas. Em acréscimo aos meios de contato próprios da Assessoria, a atividade técnica permanente ocorre também através de seminários e reuniões técnicas periódicas em cada uma das regiões geográficas do Estado, com a participação dos técnicos e secretários municipais e, ocasionalmente, com a participação dos prefeitos de municípios da região.
3503;2020;2019;;11/08/2020;RIO GRANDE DO SUL;RS;Atualização do plano estadual;A SEMA/RS vem executando o Plano Estadual de Saneamento do RS - PLANESAN. O Plano volta-se à criação de mecanismos de gestão pública de infraestrutura relacionada aos quatro eixos do saneamento básico (abastecimento de água, esgotamento sanitário, drenagem, resíduos sólidos) visando a melhoria da salubridade ambiental da população do Estado. Ou seja, a revisão do plano estadual de resíduos sólidos vem sendo executado dentro de um projeto maior, que alberga os demais eixos que compõem o saneamento, através do qual serão obtidos novos insumos, diagnósticos e proposições ao nível estadual importantes para qualificar a gestão de resíduos sólidos. 
3496;2020;2019;;07/08/2020;SANTA CATARINA;SC;Priorização dos municípios organizados em arranjos intermunicipais para gestão dos resíduos.;O PERS-SC prevê que o fomento na implantação ou ampliação da coleta seletiva e tratamento dos resíduos recicláveis secos e orgânicos, deve priorizar municípios organizados em arranjos intermunicipais.
3496;2020;2019;;07/08/2020;SANTA CATARINA;SC;Linhas de crédito para implantação de sistemas de destinação final ambientalmente adequada para consórcios intermunicipais.;"O PERS-SC prevê o fomento a disponibilização de linhas de crédito para gestão dos resíduos
sólidos prioritariamente para municípios organizados em arranjos ou consórcios públicos
intermunicipais."
3496;2020;2019;;07/08/2020;SANTA CATARINA;SC;Capacitação e orientação dos consórcios públicos intermunicipais para captação de recursos.;O PERS-SC prevê capacitação e orientação dos consórcios para captação de recursos disponíveis para gestão dos resíduos sólidos, nas esferas federal e estadual.
998;2020;2019;;31/07/2020;SÃO PAULO;SP;Celebrar Protocolos de Intenções para cooperação técnica;Documento com a finalidade de estabelecer cooperação entre o estado e os municípios organizados regionalmente, visando a melhoria dos processos de gestão e gerenciamento dos resíduos sólidos. 
998;2020;2019;;31/07/2020;SÃO PAULO;SP;Planos Regionais de Resíduos Sólidos - fomento;"Ampliar a solução regionalizada na gestão dos resíduos sólidos. 
Entrega de minutas de termo de referência para contratação de serviços técnicos especializados para a elaboração do Plano Regional; Entrega de roteiro para a elaboração de planos Regionais de Gestão Integrada de Resíduos Sólidos. Financiamento do Plano Regionais por meio dos fundos estaduais "
998;2020;2019;;31/07/2020;SÃO PAULO;SP;Fundamentação para incentivar a gestão regionalizada dos resíduos sólidos no Plano Estadual de RS;https://www.infraestruturameioambiente.sp.gov.br/cpla/2017/04/plano-de-residuos-solidos-do-estado-de-sao-paulo/
998;2020;2019;;31/07/2020;SÃO PAULO;SP;Capacitação dos municípios organizados regionalmente;Eventos presenciais e virtuais, material de apoio, dentre outros. 
611;2020;2019;;31/07/2020;TOCANTINS;TO;;
493;2020;2019;;29/07/2020;SERGIPE;;Estudo de regionalização, com a criação de quatro Consórcios Públicos de Saneamento Básico, das quatro regiões do estado. Consórcio da Grande Aracaju, Agreste Central, ;Baixo São Francisco e Sul e Centro Sul, beneficiando 72 municípios do total de 75 no estado.
2067;2020;2019;;31/07/2020;DISTRITO FEDERAL;;Consórcio Público de Manejo de Resíduos e das Águas pluviais da Região integrada do Distrito Federal e Goiás (CORSAP);"A proposta do CORSAP é de promover a gestão associada e ambientalmente adequada dos resíduos sólidos e das águas pluviais na região, além de viabilizar a coleta seletiva, a reciclagem e a destinação final dos
resíduos não reciclados. O CORSAP é formado pelo Distrito Federal, o Estado de Goiás e 19 municípios goianos que compõe a RIDE/DF."
2067;2020;2019;;31/07/2020;DISTRITO FEDERAL;;Disposição final de resíduos fora do DF;A disposição final de rejeitos deve ser analisada de forma considerar as alternativas de disposição final no Aterro Sanitário de Brasília e em aterros sanitários localizados no entorno. Neste contexto considera-se, inclusive, as necessidades ao atendimento de cidades constituintes da RIDE, em especial do CORSAP DF/GO, o que compreende tratar de forma regionalizada o tema da disposição final de rejeitos. Existe a meta de dispor 40% dos rejeitos em aterros sanitários fora do DF até 2023, enquanto os outro 60% continuarão sendo aterrados no ASB. 
