Declaração;Ano;Ano Referencia;Data Criação;Data Entrega;Declarante;UF Declarante;Descrição;Município;Área;uni_sigla;dec_latitude;dec_longitude
2216;2020;2019;;31/07/2020;ALAGOAS;AL;Central de Tratamento de Resíduos Metropolitano;Pilar;104;HEC;;
2216;2020;2019;;31/07/2020;ALAGOAS;AL;Central de Tratamento de Resíduos Agreste ;Craíbas;81.33;HEC;;
6621;2020;2019;;31/07/2020;AMAZONAS;AM;;;;;;
3161;2020;2019;;31/07/2020;AMAPÁ;AP;;;;;;
1581;2020;2019;;30/07/2020;BAHIA;BA;;;;;;
3373;2020;2019;;31/07/2020;CEARÁ;CE;Maciço de Baturité;Acarapé;6.05;HEC;;
3373;2020;2019;;31/07/2020;CEARÁ;CE;Maciço de Baturité;Capistrano;13.78;HEC;;
3373;2020;2019;;31/07/2020;CEARÁ;CE;Região Litoral Norte;Camocim;8.76;HEC;;
3373;2020;2019;;31/07/2020;CEARÁ;CE;Região Litoral Norte;Acaraú;11.61;HEC;;
3373;2020;2019;;31/07/2020;CEARÁ;CE;Litoral Oeste;Itapipoca;13.09;HEC;;
3373;2020;2019;;31/07/2020;CEARÁ;CE;Litoral Oeste;Paraipaba;10.22;HEC;;
3373;2020;2019;;31/07/2020;CEARÁ;CE;Litoral Oeste;Uruburetama;11.29;HEC;;
3539;2020;2019;;28/08/2020;Espírito Santo;ES;;;;;;
2567;2020;2019;;31/07/2020;GOIÁS;GO;;;;;;
10286;2020;2019;10/04/2023;31/07/2020;MARANHÃO;MA;;;;;;
1732;2020;2019;;31/07/2020;Minas Gerais;MG;;;;;;
1016;2020;2019;;31/07/2020;MATO GROSSO DO SUL;MS;;;;;;
2995;2020;2019;;31/07/2020;PARÁ;PA;projeto de aterros sanitários: Programa município sustentáveis ;Castanhal;4645.71;HEC;;
455;2020;2019;;28/07/2020;PARAÍBA;PB;;;;;;
3602;2020;2019;;31/07/2020;PERNAMBUCO;PE;;;;;;
3031;2020;2019;;28/08/2020;PARANÁ;PR;;;;;;
4423;2020;2019;;12/08/2020;Rio de Janeiro;RJ;;;;;;
3049;2020;2019;;07/08/2020;RIO GRANDE DO NORTE;RN;Estação de transbordo simples (sem balança),  com capacidade de 18,93 toneladas/dia de resíduos, atendendo uma população de 32.257 habitantes, compreendendo os Municípios de São Miguel, Coronel João Pessoa e Venha Ver. Esta será implantada numa área de 11.626 m² no município de São Miguel, com área de construção de 300 m².;São Miguel;11626;M²;;
3049;2020;2019;;07/08/2020;RIO GRANDE DO NORTE;RN;Estação de Trasbordo - Simples (sem balança). Atendendo uma população de 40.497 hab., compreendendo os municípios de Apodi e Felipe Guerra.;Apodi;3500;M²;;
3049;2020;2019;;07/08/2020;RIO GRANDE DO NORTE;RN;Estação de transbordo simples (sem balança) com capacidade de 28,24 toneladas/dia de resíduos, atendendo uma população de 19.770 habitantes, compreendendo os Municípios de Patu, Messias Targino e Janduís/RN. Será implantada numa área com cerca de 3.500m² no Município de Patu, com área de construção de 300m², o restante do espaço disponível será ocupado pela infraestrutura de serviço com rampa, áreas de manobra e administração (sala de registro de carga, banheiros para motoristas e garis e almoxarifado).;Patu;3500;M²;;
310;2020;2019;;08/07/2020;Rondônia;RO;;;;;;
3503;2020;2019;;11/08/2020;RIO GRANDE DO SUL;RS;"Na região no município de Montenegro e Lajeado, há arranjos favoráveis para se ampliar alternativas e capacidades instaladas de unidades de tratamento de resíduos, em termos de compostagem e de produção de biogás e biometano. Na medida em que há um plano de negócios da Companhia de Gás do RS (SULGÁS) para aquisição de até 22 mil m3 de biometano em raio de 50 km do ponto de referência (Latitude -29.7427169047; longitude -51.8316337006), em chamada pública da distribuidora, há arranjo favorável para ampliar unidades de tratamento nesta região. ";Taquari;350;KM²;;
3496;2020;2019;;07/08/2020;SANTA CATARINA;SC;Considerando a configuração espacial atual das unidades de triagem instaladas no Estado, o PERS-SC indica mais 6 (seis) locais (municípios) para instalação de novas unidades de triagem.;São Domingos;0;M²;;
3496;2020;2019;;07/08/2020;SANTA CATARINA;SC;Considerando a configuração espacial das unidades de beneficiamento e reciclagem de RCC instaladas no Estado, o PERS-SC indica mais 11 (onze) locais (municípios) para instalação de novas unidades (RCC).;Ibirama;0;M²;;
3496;2020;2019;;07/08/2020;SANTA CATARINA;SC;Considerando a configuração espacial das unidades de beneficiamento e reciclagem de RCC instaladas no Estado, o PERS-SC indica mais 11 (onze) locais (municípios) para instalação de novas unidades (RCC).;Águas Mornas;0;M²;;
3496;2020;2019;;07/08/2020;SANTA CATARINA;SC;Considerando a configuração espacial das unidades de beneficiamento e reciclagem de RCC instaladas no Estado, o PERS-SC indica mais 11 (onze) locais (municípios) para instalação de novas unidades (RCC).;Rio Rufino;0;M²;;
3496;2020;2019;;07/08/2020;SANTA CATARINA;SC;Considerando a configuração espacial das unidades de beneficiamento e reciclagem de RCC instaladas no Estado, o PERS-SC indica mais 11 (onze) locais (municípios) para instalação de novas unidades (RCC).;Timbé do Sul;0;M²;;
3496;2020;2019;;07/08/2020;SANTA CATARINA;SC;Considerando a configuração espacial das unidades de disposição final de RSI – Classe I, instaladas no Estado, o PERS-SC indica mais 1 (um) local (município) para instalação de nova unidade de disposição final de RSI – Classe I.;Bom Jardim da Serra;0;M²;;
3496;2020;2019;;07/08/2020;SANTA CATARINA;SC;Considerando a configuração espacial atual das unidades de triagem instaladas no Estado, o PERS-SC indica mais 6 (seis) locais (municípios) para instalação de novas unidades de triagem.;Calmon;0;M²;;
3496;2020;2019;;07/08/2020;SANTA CATARINA;SC;Considerando a configuração espacial das unidades de triagem instaladas no Estado, o PERS-SC indica mais 6 (seis) locais (municípios) para instalação de novas unidades de triagem.;Santa Cecília;0;M²;;
3496;2020;2019;;07/08/2020;SANTA CATARINA;SC;Considerando a configuração espacial das unidades de triagem instaladas no Estado, o PERS-SC indica mais 6 (seis) locais (municípios) para instalação de novas unidades de triagem.;Vargem;0;M²;;
3496;2020;2019;;07/08/2020;SANTA CATARINA;SC;Considerando a configuração espacial das unidades de triagem instaladas no Estado, o PERS-SC indica mais 6 (seis) locais (municípios) para instalação de novas unidades de triagem.;Bom Retiro;0;M²;;
3496;2020;2019;;07/08/2020;SANTA CATARINA;SC;Considerando a configuração espacial das unidades de triagem instaladas no Estado, o PERS-SC indica mais 6 (seis) locais (municípios) para instalação de novas unidades de triagem.;São Joaquim;0;M²;;
3496;2020;2019;;07/08/2020;SANTA CATARINA;SC;Considerando a configuração espacial das unidades de tratamento de RSS instaladas no Estado, o PERS-SC indica mais 4 (quatro) locais (municípios) para instalação de novas unidades.;Santa Cecília;0;M²;;
3496;2020;2019;;07/08/2020;SANTA CATARINA;SC;Considerando a configuração espacial das unidades de tratamento de RSS instaladas no Estado, o PERS-SC indica mais 4 (quatro) locais (municípios) para instalação de novas unidades.;Dona Emma;0;M²;;
3496;2020;2019;;07/08/2020;SANTA CATARINA;SC;Considerando a configuração espacial das unidades de tratamento de RSS instaladas no Estado, o PERS-SC indica mais 4 (quatro) locais (municípios) para instalação de novas unidades.;Lages;0;M²;;
3496;2020;2019;;07/08/2020;SANTA CATARINA;SC;Considerando a configuração espacial das unidades de tratamento de RSS instaladas no Estado, o PERS-SC indica mais 4 (quatro) locais (municípios) para instalação de novas unidades.;Alfredo Wagner;0;M²;;
3496;2020;2019;;07/08/2020;SANTA CATARINA;SC;Considerando a configuração espacial das unidades de disposição final de RCC instaladas no Estado, o PERS-SC indica 1 (um) local (município) para instalação de novo aterro de RCC.;Lages;0;M²;;
3496;2020;2019;;07/08/2020;SANTA CATARINA;SC;Considerando a configuração espacial das unidades de beneficiamento e reciclagem de RCC instaladas no Estado, o PERS-SC indica mais 11 (onze) locais (municípios) para instalação de novas unidades (RCC).;São Miguel do Oeste;0;M²;;
3496;2020;2019;;07/08/2020;SANTA CATARINA;SC;Considerando a configuração espacial das unidades de beneficiamento e reciclagem de RCC instaladas no Estado, o PERS-SC indica mais 11 (onze) locais (municípios) para instalação de novas unidades (RCC).;Ponte Serrada;0;M²;;
3496;2020;2019;;07/08/2020;SANTA CATARINA;SC;Considerando a configuração espacial das unidades de beneficiamento e reciclagem de RCC instaladas no Estado, o PERS-SC indica mais 11 (onze) locais (municípios) para instalação de novas unidades (RCC).;Erval Velho;0;M²;;
3496;2020;2019;;07/08/2020;SANTA CATARINA;SC;Considerando a configuração espacial das unidades de beneficiamento e reciclagem de RCC instaladas no Estado, o PERS-SC indica mais 11 (onze) locais (municípios) para instalação de novas unidades (RCC).;Irineópolis;0;M²;;
3496;2020;2019;;07/08/2020;SANTA CATARINA;SC;Considerando a configuração espacial das unidades de beneficiamento e reciclagem de RCC instaladas no Estado, o PERS-SC indica mais 11 (onze) locais (municípios) para instalação de novas unidades (RCC).;Santa Cecília;0;M²;;
3496;2020;2019;;07/08/2020;SANTA CATARINA;SC;Considerando a configuração espacial das unidades de beneficiamento e reciclagem de RCC instaladas no Estado, o PERS-SC indica mais 11 (onze) locais (municípios) para instalação de novas unidades (RCC).;Itaiópolis;0;M²;;
3496;2020;2019;;07/08/2020;SANTA CATARINA;SC;Considerando a configuração espacial das unidades de beneficiamento e reciclagem de RCC instaladas no Estado, o PERS-SC indica mais 11 (onze) locais (municípios) para instalação de novas unidades (RCC).;Guaramirim;0;M²;;
998;2020;2019;;31/07/2020;SÃO PAULO;SP;;;;;;
611;2020;2019;;31/07/2020;TOCANTINS;TO;;;;;;
493;2020;2019;;29/07/2020;SERGIPE;;O Estado possui dois estudos através do processo de (PMI), na região do consórcio Sul e Centro Sul, nos municípios de Estância e Lagarto, e na região do consórcio do Agrete Central, no município de Itabaiana. Na região da Grande Aracaju, no município de Rosário do Catete com um aterro particular da ESTRE.;Lagarto;15000;M²;;
493;2020;2019;;29/07/2020;SERGIPE;;Área do aterro sanitário da região da Grande Aracaju. OBS: Área particular da ESTRE;Rosário do Catete;15000;M²;;
2067;2020;2019;;31/07/2020;DISTRITO FEDERAL;;;;;;;
