"Declaração";"Ano";"Ano Referencia";"Data Criação";"Data Entrega";"Declarante";"UF Declarante";"Estado possui Zoneamento Ecológico Econômico";"Estado possui outros Instrumentos de Planejamento Territorial";"Tratamento de resíduos sólidos";"Localização de unidades de disposição final de rejeitos";"Objeto de recuperação Ambiental";"Possui Estudo de Regionalização";"Possui Coleta Seletiva Implantada"
2216;"2020";"2019";"";"31/07/2020";"ALAGOAS";"AL";"Sim";"Sim";"Sim";"Sim";"Sim";"Sim";"Não"
6621;"2020";"2019";"";"31/07/2020";"AMAZONAS";"AM";"Não";"Sim";"Não";"Não";"Sim";"Sim";"Não"
3161;"2020";"2019";"";"31/07/2020";"AMAPÁ";"AP";"Não";"Sim";"Não";"Não";"Não";"Não";"Não"
1581;"2020";"2019";"";"30/07/2020";"BAHIA";"BA";"Sim";"Sim";"Não";"Não";"Não";"Sim";"Não"
3373;"2020";"2019";"";"31/07/2020";"CEARÁ";"CE";"Sim";"Sim";"Sim";"Sim";"Sim";"Sim";"Não"
3539;"2020";"2019";"";"28/08/2020";"Espírito Santo";"ES";"Sim";"Não";"Não";"Não";"Sim";"Sim";"Não"
2567;"2020";"2019";"";"31/07/2020";"GOIÁS";"GO";"Não";"Sim";"Sim";"Sim";"Sim";"Não";"Não"
10286;"2020";"2019";"10/04/2023";"31/07/2020";"MARANHÃO";"MA";"Sim";"Sim";"Não";"Não";"Sim";"Sim";"Não"
1732;"2020";"2019";"";"31/07/2020";"Minas Gerais";"MG";"Sim";"Sim";"Não";"Não";"Sim";"Sim";"Não"
1016;"2020";"2019";"";"31/07/2020";"MATO GROSSO DO SUL";"MS";"Sim";"Sim";"Não";"Sim";"Sim";"Sim";"Não"
2995;"2020";"2019";"";"31/07/2020";"PARÁ";"PA";"Sim";"Sim";"Sim";"Sim";"Sim";"Sim";"Não"
455;"2020";"2019";"";"28/07/2020";"PARAÍBA";"PB";"Não";"Não";"Sim";"Sim";"Sim";"Sim";"Não"
3602;"2020";"2019";"";"31/07/2020";"PERNAMBUCO";"PE";"Sim";"Sim";"Sim";"Sim";"Sim";"Sim";"Não"
3031;"2020";"2019";"";"28/08/2020";"PARANÁ";"PR";"Sim";"Sim";"Sim";"Sim";"Sim";"Sim";"Não"
4423;"2020";"2019";"";"12/08/2020";"Rio de Janeiro";"RJ";"Sim";"Sim";"Não";"Não";"Sim";"Sim";"Não"
3049;"2020";"2019";"";"07/08/2020";"RIO GRANDE DO NORTE";"RN";"Não";"Sim";"Sim";"Sim";"Sim";"Sim";"Não"
310;"2020";"2019";"";"08/07/2020";"Rondônia";"RO";"Não";"Não";"Não";"Não";"Não";"Não";"Não"
3503;"2020";"2019";"";"11/08/2020";"RIO GRANDE DO SUL";"RS";"Não";"Sim";"Sim";"Sim";"Sim";"Sim";"Não"
137;"2019";"2018";"";"04/10/2019";"SANTA CATARINA";"SC";"Não";"Não";"Sim";"Sim";"Sim";"Sim";"Não"
3496;"2020";"2019";"";"07/08/2020";"SANTA CATARINA";"SC";"Não";"Sim";"Sim";"Sim";"Sim";"Sim";"Não"
998;"2020";"2019";"";"31/07/2020";"SÃO PAULO";"SP";"Não";"Sim";"Sim";"Sim";"Sim";"Sim";"Não"
611;"2020";"2019";"";"31/07/2020";"TOCANTINS";"TO";"Sim";"Não";"Não";"Não";"Sim";"Sim";"Não"
493;"2020";"2019";"";"29/07/2020";"SERGIPE";"";"Não";"Não";"Sim";"Sim";"Sim";"Sim";"Não"
2067;"2020";"2019";"";"31/07/2020";"DISTRITO FEDERAL";"";"Sim";"Sim";"Não";"Não";"Sim";"Não";"Não"
