Declaração;Ano;Ano Referencia;Data Criação;Data Entrega;Declarante;UF Declarante;Possui Mecanismos Fonte;Descrição Mecanismo Fonte;Descrição Mecanismo Fonte
2216;2020;2019;;31/07/2020;ALAGOAS;AL;Sim;Incentivos à associações/cooperativas de catadores;"1) Convênio Firmado com o SEBRAE Alagoas, para consultoria e capacitação técnica;

2) Aquisição de equipamentos (veículos, prensa, balança, esteira,  empilhadeira e triturador


 "
6621;2020;2019;;31/07/2020;AMAZONAS;AM;Sim;Incentivos fiscais;Lei nº 2.826, de 29 de setembro de 2003, que regulamenta a Política Estadual de Incentivos Fiscais e Extrafiscais nos termos da Constituição do Estado, e dá outras providências.
3161;2020;2019;;31/07/2020;AMAPÁ;AP;Não;;
1581;2020;2019;;30/07/2020;BAHIA;BA;Sim;Incentivos à associações/cooperativas de catadores;"Pró-catador

O projeto é realizado em parceria entre a Secretaria de Trabalho, Emprego, Renda e Esporte do Estado da Bahia (SETRE) e a Secretaria Nacional de Economia Solidária do Ministério do Trabalho e Emprego (SENAES/MTE).

O principal objetivo é a construção de duas redes interterritoriais de cooperativas de catadores.

O foco da ação é preferencialmente por catadores(as) em situação de lixão, com vistas à qualificação e dignificação destes trabalhadores durante a fase de transição dos encerramentos dos lixões, tendo como resultado a formação de cooperativas de 1º grau para inserção destes na rede.

Fonte: http://www.setre.ba.gov.br/modules/conteudo/conteudo.php?conteudo=220"
1581;2020;2019;;30/07/2020;BAHIA;BA;Sim;Incentivos à associações/cooperativas de catadores;
3373;2020;2019;;31/07/2020;CEARÁ;CE;Sim;Outros;Programa Bolsa Catador
3373;2020;2019;;31/07/2020;CEARÁ;CE;Sim;Incentivos à associações/cooperativas de catadores;"Programa Coleta Seletiva 
Projeto Coletas Seletivas Multiplas"
3539;2020;2019;;28/08/2020;Espírito Santo;ES;Sim;Incentivos à associações/cooperativas de catadores;"Fortalecimento dos Catadores/as de Materiais Recicláveis do Estado do Espírito Santo (ADERES). Este trabalho buscou a inclusão social e produtiva destes profissionais através do incentivo de ações coletivas e cooperativas que estruturassem um trabalho em rede. Seus resultados alcançaram a qualificação de mais de 900 catadores de materiais recicláveis, além do crescimento do número
de organizações no estado. "
2567;2020;2019;;31/07/2020;GOIÁS;GO;Sim;Incentivos fiscais;"LEI COMPLEMENTAR Nº 90, DE 22 DE DEZEMBRO DE 2011.
Regulamentada pelo Decreto nº 8.147, de 08-04-2014
IN 03/2019 - Instrução Normativa SEMAD"
10286;2020;2019;10/04/2023;31/07/2020;MARANHÃO;MA;Não;;
1732;2020;2019;;31/07/2020;Minas Gerais;MG;Sim;Outros;ICMS Ecológico, subcritério Resíduos Sólidos. Os municípios que encaminham seus resíduos sólidos urbanos para aterro sanitário regularizado e/ou unidade de triagem e compostagem regularizada têm direito a receber uma parte do ICMS arrecadado pelo Estado, durante 15 anos. Esse recurso foi criado no intuito de providenciar recursos financeiros aos municípios para implantação destes empreendimentos. Mais informações neste link: http://www.feam.br/images/stories/2019/MINAS_SEM_LIXOES/Bolsa_reciclagem/maio/FOLDER_CONSORCIO_ICMS_ISA.pdf
1732;2020;2019;;31/07/2020;Minas Gerais;MG;Sim;Incentivos à associações/cooperativas de catadores;Bolsa Reciclagem, incentivo financeiro instituído pela Lei n° 19.823/2011 concedido aos catadores de materiais recicláveis organizados em cooperativas ou associações. Mais informações na cartilha disponibilizada neste link: http://www.feam.br/images/stories/2019/MINAS_SEM_LIXOES/Bolsa_reciclagem/maio/Cartilha_Bolsa_Reciclagem.pdf 
1016;2020;2019;;31/07/2020;MATO GROSSO DO SUL;MS;Sim;Incentivos fiscais;O Estado possui implementado o sistema de ICMS Ecológico, o qual é um repasse, do rateio de ICMS, atrelado à comprovação das ações ambientais, executadas no ano anterior à análise, nas áreas de Unidade de Conservação e Terras Indígenas e no quesito Resíduos Sólidos Urbanos. Tal repasse proporciona capital extra aos Municípios que melhor pontuam nas análises, permitindo que eles usem esta verba para realizar melhorias nas Unidades de Conservação ou investindo na melhor gestão de resíduos sólidos para pontuar melhor nos anos subsequentes. Um dos quesitos analisados no componente de Resíduos Sólidos Urbanos é justamente a questão da formalização da Unidade de Triagem de Resíduos (UTR), capacitação dos catadores de materiais recicláveis e fornecimento de EPIs para estes. Deste modo, aumentando a formalidade dessas organizações e fazendo com que as Prefeituras de Mato Grosso do Sul tenham interesse/motivo de investir nesses entes.
1016;2020;2019;;31/07/2020;MATO GROSSO DO SUL;MS;Sim;Incentivos à associações/cooperativas de catadores;O Estado de Mato Grosso do Sul possui sistema de logística reversa de resíduos sólidos semelhante ao sistema de crédito utilizado pela CETESB em São Paulo. Nele, as organizações de catadores além de comercializar materiais recicláveis comercializam também as notas fiscais da venda desses materiais, gerando uma fonte de renda alternativa para a organização de catadores e estimulando a formalização dessas organizações e a venda de materiais de difícil vazão (vidro). 
2995;2020;2019;;31/07/2020;PARÁ;PA;Não;Incentivos fiscais;
2995;2020;2019;;31/07/2020;PARÁ;PA;Não;Incentivos à associações/cooperativas de catadores;Planos Municipais regionalizados,Conforme PPA- iMPALNTAÇÃO DE ATERROS ASANITARIOS
455;2020;2019;;28/07/2020;PARAÍBA;PB;Não;Incentivos à associações/cooperativas de catadores;Projeto de fortalecimento e criação de associações e/ou cooperativas de catadores de materiais recicláveis. Coordenado pela Secretaria de Desenvolvimento Humano da Paraíba - SEDH PB
3602;2020;2019;;31/07/2020;PERNAMBUCO;PE;Não;;
3031;2020;2019;;28/08/2020;PARANÁ;PR;Sim;Outros;PROGRAMA “CONTABILIZANDO RESÍDUOS” - Sistema paranaense de informações ONLINE sobre resíduos sólidos urbanos e logística reversa, permitirá o registro rápido e consistente de resíduos por municípios e empresas
3031;2020;2019;;28/08/2020;PARANÁ;PR;Sim;Outros;Incentivo à Logística Reversa
3031;2020;2019;;28/08/2020;PARANÁ;PR;Sim;Incentivos à associações/cooperativas de catadores;Valorização da participação de cooperativas ou de outras formas de associações de catadores de recicláveis, disponibilizando apoio técnico e equipamentos para a separação dos materiais, dando-lhes condições dignas de trabalho nos barracões de triagem.
3031;2020;2019;;28/08/2020;PARANÁ;PR;Sim;Outros;PROGRAMA “LIXO 5.0” – implantação de projetos-piloto de novas tecnologias de tratamento de resíduos sólidos e geração de energia em municípios paranaenses
3031;2020;2019;;28/08/2020;PARANÁ;PR;Sim;Incentivos fiscais;PROGRAMA “COMPRA DE RESULTADO” – remuneração por bons serviços de tratamento de resíduos sólidos
3031;2020;2019;;28/08/2020;PARANÁ;PR;Sim;Outros;PROGRAMA “EU PAGO PELO MEU LIXO” – auxílio a 100% dos municípios paranaenses para realizarem a cobrança da taxa de lixo via conta de água/energia
4423;2020;2019;;12/08/2020;Rio de Janeiro;RJ;Sim;Incentivos à associações/cooperativas de catadores;"Com o objetivo de apoiar a inclusão socioprodutiva dos catadores de materiais recicláveis, o Governo do Estado do Rio de Janeiro, através da Resolução Conema nº 56/2013 traz a inexigibilidade de licenciamento ambiental para as organização de catadores com as seguintes características: 
I. preparação para a comercialização de materiais recicláveis como única atividade no local, incluindo as atividades de recebimento, prensagem, enfardamento e armazenamento temporário de resíduos sólidos recicláveis oriundos de coleta seletiva;
II. recebimento diário de até 10 toneladas exclusivamente de resíduos sólidos inertes, Classe IIB, conforme classificação da ABNT NBR 10.004/04;
III. área de produção e armazenamento de até 2.000 m²;
IV. até 100 trabalhadores;
V. organizados legalmente em forma de associação ou cooperativa autogestionária com sistema de rateio."
4423;2020;2019;;12/08/2020;Rio de Janeiro;RJ;Sim;Incentivos fiscais;O ICMS Ecológico (Lei Estadual 5.100/07) é um incentivo fiscal aos municípios que promovem a gestão ambiental do seu território. Os seguintes indicadores de gestão de resíduos compõem a pontuação de cada município: A existência de programa municipal de coleta seletiva, a inclusão socioprodutiva de catadores nestes programas, a disposição final ambientalmente adequada dos rejeitos, a recuperação de lixões desativados, a coleta de óleo vegetal e a existência de Plano Municipal de Gestão Integrada de Resíduos Sólidos.
3049;2020;2019;;07/08/2020;RIO GRANDE DO NORTE;RN;Não;;
310;2020;2019;;08/07/2020;Rondônia;RO;Não;;
3503;2020;2019;;11/08/2020;RIO GRANDE DO SUL;RS;Sim;Outros;O Estado possui medidas orientadas à criação de novas oportunidades associadas à gestão de resíduos. Dentre elas, citam-se as políticas estaduais para incentivar a gestão sustentável de diferentes tipos de resíduos pelo seu aproveitamento energético como biogás (lei n°. 15.377/2019) ou biometano (lei n°. 14.864/2016). Além disso, inseriu no plano de negócios da Sulgás (empresa controlada pelo Estado) a aquisição e distribuição de aproximadamente 22 mil m³ diários de biometano obtidos principalmente de resíduos agrossilvipastoris, a partir de chamada pública, viabilizando novos negócios a partir da transformação de resíduos e/ou subprodutos de cadeias produtivas no interior do Estado. Também, o Poder Executivo possui o Programa Sustentare (Decreto nº 53.307/2016), que trata da destinação e do descarte de ativos eletroeletrônicos de órgãos e de entidades do Estado do Rio Grande do Sul, que possibilita novas alternativas de trabalho, econômicas e de criação, para as comunidades em geral do Estado, principalmente nas questões relativas aos processos de reciclagem de equipamentos e aos processos de descaracterização.    
3496;2020;2019;;07/08/2020;SANTA CATARINA;SC;Sim;Outros;O PERS-SC prevê entre 2023 e 2030 - Fomentar a disponibilização de linhas de crédito para adequação da infraestrutura (instalações e equipamentos) das unidades do sistema de gerenciamento de resíduos sólidos.
3496;2020;2019;;07/08/2020;SANTA CATARINA;SC;Sim;Incentivos fiscais;O PERS-SC prevê para 2021 - Criar política de incentivo fiscal e financeiro para implantação de plantas de compostagem no Estado.
3496;2020;2019;;07/08/2020;SANTA CATARINA;SC;Sim;Outros;O PERS-SC prevê para 2022 - Realizar estudo econômico/tributário para incentivos fiscais no mercado de recicláveis no Estado e nos municípios, beneficiando, por exemplo, as empresas que utilizarem embalagens potencialmente recicláveis.
3496;2020;2019;;07/08/2020;SANTA CATARINA;SC;Sim;Incentivos à associações/cooperativas de catadores;O PERS-SC prevê para 2022 - Auxiliar os catadores autônomos a se organizarem formalmente em cooperativas e associações.
3496;2020;2019;;07/08/2020;SANTA CATARINA;SC;Sim;Outros;O PERS-SC prevê entre 2023 e 2030 - Definir e divulgar outros modelos para o aproveitamento de resíduos orgânicos, além da compostagem, inclusive com apoio institucional à pesquisas e divulgação de novos processos de aproveitamento energético desse tipo de resíduo.
3496;2020;2019;;07/08/2020;SANTA CATARINA;SC;Sim;Incentivos fiscais;O PERS-SC prevê para 2021 - Criar política de incentivo fiscal e financeiro para as atividades recicladoras de resíduos sólidos e para aquelas que utilizam matéria prima secundária no seu processo produtivo.
3496;2020;2019;;07/08/2020;SANTA CATARINA;SC;Sim;Incentivos à associações/cooperativas de catadores;O PERS-SC prevê para 2022 - Incentivar a contratação prioritária dos serviços públicos de coleta seletiva prestados pelas cooperativas de catadores legalmente constituídas, formadas exclusivamente por catadores de materiais recicláveis ou reutilizáveis comprovadamente de baixa renda, por parte dos municípios, de forma a garantir o ressarcimento dos custos incorridos através dos acordos setoriais para as mesmas.
998;2020;2019;;31/07/2020;SÃO PAULO;SP;Sim;Incentivos à associações/cooperativas de catadores;"Sigor - reciclagem (https://www.infraestruturameioambiente.sp.gov.br/cpla/residuos-solidos/sigor/);
Termos de Compromisso de Responsabilidade Pós-Consumo/ Logística Reversa (https://cetesb.sp.gov.br/logisticareversa/);
Concorrência de certificados de reciclagem do sistema de logística reversa de embalagens - FIESP; https://cetesb.sp.gov.br/logisticareversa/sistema-de-logistica-reversa-de-embalagens-em-geral-fiesp-ciesp-e-abrelpe/"
611;2020;2019;;31/07/2020;TOCANTINS;TO;Sim;Incentivos fiscais;"LEI N.º  1.095  DE  20  DE  OUTUBRO  1999 - aço saber que a ASSEMBLÉIA LEGISLATIVA DO ESTADO DO TOCANTINS aprova e eu sanciono a seguinte Lei:

 

Art. 1º Ficam isentas do Imposto sobre Circulação de Mercadorias e sobre Prestações de Serviços de Transporte Interestadual e Intermunicipal e de Comunicação – ICMS as operações internas de saídas de:

 

I – papel usado, aparas de papel, papelão, sucatas de metais ferrosos ou não ferrosos, plásticos, resíduos de plásticos, vidros, cacos de vidros e aparas de vidros, outros resíduos sólidos e efluentes, e lixo, destinados à indústria para reciclagem ou outro fim correlato;

 

 II – produtos resultantes da industrialização, recondicionamento, seleção, limpeza, trituração, moagem, desferrização, prensagem e compostagem dos materiais referidos no inciso anterior. (Redação dada pela Lei nº 1.747 de 19.12.06)."
493;2020;2019;;29/07/2020;SERGIPE;;Sim;Incentivos à associações/cooperativas de catadores;"PROJETO DE INCLUSÃO SOCIOAMBIENTAL E PRODUTIVA DOS CATADORES E COLETORES DE MATAREIAS RECICLÁVEIS EM SERGIPE.
cAPACITAÇÃO DOS CATADORES, APOIO A FORMAÇÃO DE COOPERATIVAS, FORMAÇÕES DE REDES."
2067;2020;2019;;31/07/2020;DISTRITO FEDERAL;;Sim;Incentivos à associações/cooperativas de catadores;Para dialogar e auxiliar as cooperativas e associações de catadores, o SLU dispõe de uma equipe exclusiva para tratar das demandas dessas organizações. Recorrentes reuniões são realizadas utilizando painéis ilustrativos e dinâmicas em grupo para garantir uma comunicação efetiva. Foi criado em 2013 pelo GDF o Comitê Intersetorial de Inclusão Social de Catadores (CIISC/DF), onde membros do SLU também  participam das negociações feitas entre o poder público e representantes dos catadores. O SLU mantém três galpões provisórios e duas IRR próprias, que integram cooperativas e associações exclusivas de catadores no processo produtivo. As organizações contratadas são responsáveis por recepcionar, triar, prensar, enfardar, armazenar e comercializar os materiais recicláveis provenientes da coleta seletiva realizada pelas empresas prestadoras de serviços contratadas pelo SLU. Além dos contratos de triagem, o SLU contrata 11 cooperativas para realizar o serviço de coleta seletiva. Os catadores contratados por meio de cooperativas ou associações somam 1080 trabalhadores, sendo que 1033 deles atuam no processamento de resíduos recicláveis e 47 cooperados realizam a coleta seletiva em 15 RAs.
