Declaração;Ano;Ano Referencia;Data Criação;Data Entrega;Declarante;UF Declarante;Possui Plano Estadual de Resíduos Sólidos;Link do Plano;Periocidade da Revisão;Ano Última Versão Plano;Meta Informada;Meta - Valor Atual;Meta - Valor;Meta - Prazo;Meta - Programa;Meta - Programa - Descritivo
2216;2020;2019;;31/07/2020;ALAGOAS;AL;Sim;http://www.residuossolidos.al.gov.br/planos/estadual;0;2016;Eliminação e recuperação de lixões;;220;2022;Aproveitamento energético;Aproveitamento energético da Central de Tratamento de Resíduos - CTR Metropolitana, no município de Pilar (AL) para geração de energia elétrica.
2216;2020;2019;;31/07/2020;ALAGOAS;AL;Sim;http://www.residuossolidos.al.gov.br/planos/estadual;0;2016;Reutilização;;10;2022;Reutilização de Composto Orgânico;Utilização de composto orgânico para hortas comunitárias e em escolas públicas.
2216;2020;2019;;31/07/2020;ALAGOAS;AL;Sim;http://www.residuossolidos.al.gov.br/planos/estadual;0;2016;Redução;0;10;2022;Incentivo a Compostagem;"Esse projeto está voltado para o uso da compostagem por parte dos geradores de resíduos orgânicos
que residem nas áreas rurais de difícil acesso e para os resíduos provenientes das feiras-livres e dos
serviços de podas e capina realizado pela limpeza urbana. "
2216;2020;2019;;31/07/2020;ALAGOAS;AL;Sim;http://www.residuossolidos.al.gov.br/planos/estadual;0;2016;Coleta Seletiva;;1000;2022;Implantação da Coleta Seletiva;Apoio a implantação da coleta seletiva em Alagoas, com capacitação e equipamentos.
2216;2020;2019;;31/07/2020;ALAGOAS;AL;Sim;http://www.residuossolidos.al.gov.br/planos/estadual;0;2016;Eliminação e recuperação de lixões;100;100;2018;Eliminação dos Lixões;Os Lixões do Estado de Alagoas foram todos fechados, com apoio de várias instituições, no ano de 2018.
2216;2020;2019;;31/07/2020;ALAGOAS;AL;Sim;http://www.residuossolidos.al.gov.br/planos/estadual;0;2016;Reciclagem;;1000;2022;incentivo a Reciclagem;Elaboração de estudo de mercado para incentivo e comercialização dos recicláveis pelas associações e cooperativas de Alagoas.
6621;2020;2019;;31/07/2020;AMAZONAS;AM;Sim;https://pdfhost.io/v/w0Wm7J29i_PERSAMpdf.pdf;4;2017;;;;;;
3161;2020;2019;;31/07/2020;AMAPÁ;AP;Não;;;;;;;;;
1581;2020;2019;;30/07/2020;BAHIA;BA;Não;;;;;;;;;
3373;2020;2019;;31/07/2020;CEARÁ;CE;Sim;https://www.sema.ce.gov.br/wp-content/uploads/sites/36/2019/08/Plano-estadual-de-residuos-solidos.pdf;4;2020;;;;;;
3539;2020;2019;;28/08/2020;Espírito Santo;ES;Sim;https://seama.es.gov.br/plano-estadual-de-residuos-solidos;4;2019;;;;;;
2567;2020;2019;;31/07/2020;GOIÁS;GO;Sim;https://www.meioambiente.go.gov.br/arquivos/pers_versao_final_forum_de_residuos_solidos.pdf;4;2017;Eliminação e recuperação de lixões;25;100;4 anos;Resíduos Sólidos Urbanos;Eliminação e recuperações de lixões, atendendo a PL 4162/2019
2567;2020;2019;;31/07/2020;GOIÁS;GO;Sim;https://www.meioambiente.go.gov.br/arquivos/pers_versao_final_forum_de_residuos_solidos.pdf;4;2017;Coleta Seletiva;1.25;25; 20 anos;Resíduos Sólidos Urbanos;Reduzir a disposição de resíduos reutilizáveis em aterros sanitários
2567;2020;2019;;31/07/2020;GOIÁS;GO;Sim;https://www.meioambiente.go.gov.br/arquivos/pers_versao_final_forum_de_residuos_solidos.pdf;4;2017;Reciclagem;1.25;25;20 anos;Resíduos Sólidos Urbanos;Incentivar a Reciclagem
2567;2020;2019;;31/07/2020;GOIÁS;GO;Sim;https://www.meioambiente.go.gov.br/arquivos/pers_versao_final_forum_de_residuos_solidos.pdf;4;2017;Aproveitamento energético de gases de aterros sanitários;25;100;4 anos;Resíduos Sólidos urbanos;Aproveitamento energético de gases de aterro atendendo a PL 4162/2019, onde houver viabilidade técnica para solução
2567;2020;2019;;31/07/2020;GOIÁS;GO;Sim;https://www.meioambiente.go.gov.br/arquivos/pers_versao_final_forum_de_residuos_solidos.pdf;4;2017;Redução;0.05;1;20 anos;Resíduos Sólidos Urbanos;Geração per capita 
2567;2020;2019;;31/07/2020;GOIÁS;GO;Sim;https://www.meioambiente.go.gov.br/arquivos/pers_versao_final_forum_de_residuos_solidos.pdf;4;2017;Reutilização;0.05;1;20 anos;Resíduos Sólidos Urbanos;Geração per capita
10286;2020;2019;10/04/2023;31/07/2020;MARANHÃO;MA;Não;;;2010;;;;;;
1732;2020;2019;;31/07/2020;Minas Gerais;MG;Não;;;;;;;;;
1016;2020;2019;;31/07/2020;MATO GROSSO DO SUL;MS;Sim;https://www.imasul.ms.gov.br/publicacoes/;4;2020;;;;;;
2995;2020;2019;;31/07/2020;PARÁ;PA;Sim;plano de gestão integrada  de resíduo solido do estado do pará (PGERIRS) ano 2014;2021;2014;Eliminação e recuperação de lixões;62680.77;10627.99;2032;PPA 7644;iMPLANTAÇÃO DE aterros sanitários programas mnunicipios susterntaveis
2995;2020;2019;;31/07/2020;PARÁ;PA;Sim;plano de gestão integrada  de resíduo solido do estado do pará (PGERIRS) ano 2014;2021;2014;Redução;214.99;470.16;2034;;
2995;2020;2019;;31/07/2020;PARÁ;PA;Sim;plano de gestão integrada  de resíduo solido do estado do pará (PGERIRS) ano 2014;2021;2014;Reciclagem;169.6;319.47;2034;;
455;2020;2019;;28/07/2020;PARAÍBA;PB;Sim;https://paraiba.pb.gov.br/diretas/secretaria-de-infraestrutura-dos-recursos-hidricos-e-do-meio-ambiente/arquivos/pers-pb-plano-estadual-residuos-solidos-pb-2014.pdf/;4;2014;Coleta Seletiva;;50;2030;;
455;2020;2019;;28/07/2020;PARAÍBA;PB;Sim;https://paraiba.pb.gov.br/diretas/secretaria-de-infraestrutura-dos-recursos-hidricos-e-do-meio-ambiente/arquivos/pers-pb-plano-estadual-residuos-solidos-pb-2014.pdf/;4;2014;Redução;0;10;2024;;
455;2020;2019;;28/07/2020;PARAÍBA;PB;Sim;https://paraiba.pb.gov.br/diretas/secretaria-de-infraestrutura-dos-recursos-hidricos-e-do-meio-ambiente/arquivos/pers-pb-plano-estadual-residuos-solidos-pb-2014.pdf/;4;2014;Reutilização;0;10;2024;;
455;2020;2019;;28/07/2020;PARAÍBA;PB;Sim;https://paraiba.pb.gov.br/diretas/secretaria-de-infraestrutura-dos-recursos-hidricos-e-do-meio-ambiente/arquivos/pers-pb-plano-estadual-residuos-solidos-pb-2014.pdf/;4;2014;Eliminação e recuperação de lixões;;100;2034;;
455;2020;2019;;28/07/2020;PARAÍBA;PB;Sim;https://paraiba.pb.gov.br/diretas/secretaria-de-infraestrutura-dos-recursos-hidricos-e-do-meio-ambiente/arquivos/pers-pb-plano-estadual-residuos-solidos-pb-2014.pdf/;4;2014;Aproveitamento energético de gases de aterros sanitários;;;2034;;
455;2020;2019;;28/07/2020;PARAÍBA;PB;Sim;https://paraiba.pb.gov.br/diretas/secretaria-de-infraestrutura-dos-recursos-hidricos-e-do-meio-ambiente/arquivos/pers-pb-plano-estadual-residuos-solidos-pb-2014.pdf/;4;2014;Reciclagem;;50;2030;;
3602;2020;2019;;31/07/2020;PERNAMBUCO;PE;Sim;http://www.semas.pe.gov.br/web/semas/residuos-solidos;4;2016;Aproveitamento energético de gases de aterros sanitários;19;35;2022;;
3602;2020;2019;;31/07/2020;PERNAMBUCO;PE;Sim;http://www.semas.pe.gov.br/web/semas/residuos-solidos;4;2016;Eliminação e recuperação de lixões;112;185;2022;;
3602;2020;2019;;31/07/2020;PERNAMBUCO;PE;Sim;http://www.semas.pe.gov.br/web/semas/residuos-solidos;4;2016;Reciclagem;14960;29880;2022;;
3031;2020;2019;;28/08/2020;PARANÁ;PR;Sim;O link está inativo, pois o site do Instituto Água e Terra está em reformulação;5;2018;Eliminação e recuperação de lixões;170;0;18 anos;Eliminação de lixões;Os lixões destacados são advindos das áreas degradadas analisadas. O Plano Estadual de Resíduos Sólidos tem como objetivo a eliminação de 100% dos lixões.
3031;2020;2019;;28/08/2020;PARANÁ;PR;Sim;O link está inativo, pois o site do Instituto Água e Terra está em reformulação;5;2018;Redução;3700000;3330000;18 anos;Redução de geração de resíduos sólidos;Redução da taxa de geração per capta de resíduos sólidos em 10% até 2038.
3031;2020;2019;;28/08/2020;PARANÁ;PR;Sim;O link está inativo, pois o site do Instituto Água e Terra está em reformulação;5;2018;Coleta Seletiva;;;18 anos;;
4423;2020;2019;;12/08/2020;Rio de Janeiro;RJ;Sim;https://www.mma.gov.br/images/arquivo/80058/PERS/RJ%20PERS_2013ago.pdf;4;2013;Eliminação e recuperação de lixões;10;0;2023;Apoio a erradição dos lixões ativos;Apoio na erradicação dos lixões ativos do Estado do Rio de Janeiro. O programa não contempla a recuperação/remediação dos lixões.
3049;2020;2019;;07/08/2020;RIO GRANDE DO NORTE;RN;Sim;http://adcon.rn.gov.br/ACERVO/semarh/Conteudo.asp?TRAN=ITEM&TARG=152889&ACT=&PAGE=0&PARM=&LBL=Programas;4;2016;Eliminação e recuperação de lixões;165;0;2018;;
310;2020;2019;;08/07/2020;Rondônia;RO;Sim;www.sedam.ro.gov.br;4;2020;Reutilização;0;26432;2023;Programa de Fiscalização Integrada da Gestão Resíduos Sólidos (PFIGRS);Tem como foco integrar a fiscalização ambiental dos entes federados que atuam no estado de Rondônia, tais como SEDAM, Ministério Público Estadual, Secretarias Municipais de Meio Ambiente ou órgãos afins.   
310;2020;2019;;08/07/2020;Rondônia;RO;Sim;www.sedam.ro.gov.br;4;2020;Coleta Seletiva;0;645606;2038;Programa de Desenvolvimento Socioambiental para Resíduos Sólidos (PDSRS);Está alicerçado no desenvolvimento da familiarização das pessoas com as práticas de gestão dos resíduos sólidos. Volta-se, dessa forma, principalmente para as práticas de Educação Ambiental. 
310;2020;2019;;08/07/2020;Rondônia;RO;Sim;www.sedam.ro.gov.br;4;2020;Reciclagem;0;2241896;2038;Programa de Estruturação da Gestão de Resíduos Sólidos (PEGRS) ;Essas atividades são voltadas para a estruturação do estado de Rondônia, no que diz respeito às diretrizes da Política Nacional de Resíduos Sólidos, em especial para não geração, redução, reutilização, reciclagem, tratamento e destinação final dos resíduos sólidos. 
310;2020;2019;;08/07/2020;Rondônia;RO;Sim;www.sedam.ro.gov.br;4;2020;Redução;0;2534660;2038;Programa de Desenvolvimento do Conhecimento e Capacitação em Resíduos Sólidos (PDCCRS) ;Tem como foco o desenvolvimento de pesquisas e estudos voltados para resíduos sólidos e a capacitação continuada dos agentes envolvidos direta ou indiretamente com sua gestão. 
310;2020;2019;;08/07/2020;Rondônia;RO;Sim;www.sedam.ro.gov.br;4;2020;Redução;0;106804;2023;Informatização da Gestão de Resíduos Sólidos (PINGRS) ;Tem como foco a informatização da gestão dos resíduos no estado de Rondônia, em especial quanto à sistematização das informações existentes e das que serão geradas no processo de gestão dos resíduos sólidos. 
3503;2020;2019;;11/08/2020;RIO GRANDE DO SUL;RS;Sim;http://www.pers.rs.gov.br/;4;2014;Coleta Seletiva;182500;365000;5 anos;coleta seletiva, ampliar 100% em 5 anos ;atualmente são coletados cerca de 3.650.000 ton/ano de RSU, estimamos em 5% deste total , cerca de 182.500 ton, sendo coleta seletiva. Estimamos em dobrar este volume no período dos próximos 5 anos, passando para 355.000 ton/ano de resíduos passíveis reciclagem.
3496;2020;2019;;07/08/2020;SANTA CATARINA;SC;Sim;;;2018;Coleta Seletiva;100974.56;169675.17;2022;Redução dos resíduos sólidos a serem dispostos em aterros sanitários.;"- Fomentar a implantação ou ampliação da coleta seletiva nos municípios, priorizando os municípios
organizados em arranjos (regiões integradas ou outras formas de agrupamento) e que possuem os
planos de gestão integrada de resíduos sólidos intermunicipais e/ou municipais.
- Criar política de incentivo fiscal e financeiro para as atividades recicladoras de resíduos sólidos e
para aquelas que utilizam matéria prima secundária no seu processo produtivo.
- Realizar estudo econômico/tributário para incentivos fiscais no mercado de recicláveis no Estado e
nos municípios, beneficiando, por exemplo, as empresas que utilizarem embalagens potencialmente
recicláveis.
- Fomentar a compostagem e outros modelos para o aproveitamento de resíduos orgânicos,
inclusive com apoio institucional a pesquisas e divulgação de novos processos de aproveitamento
desse tipo de resíduo."
3496;2020;2019;;07/08/2020;SANTA CATARINA;SC;Sim;;;2018;Eliminação e recuperação de lixões;24;52;2022;Recuperação de áreas degradadas por disposição inadequada de resíduos sólidos.;"- Complementar levantamento das áreas degradadas por disposição inadequada de resíduos sólidos urbanos no Estado.
- Fomentar a elaboração de estudos e projetos para a recuperação das áreas de antigos lixões.
- Promover, por meio de medidas indutoras e linhas de financiamento, a remediação das áreas
degradadas por antigos lixões e aterros controlados, bem como o posterior monitoramento dessas
áreas."
3496;2020;2019;;07/08/2020;SANTA CATARINA;SC;Sim;;;2018;Aproveitamento energético de gases de aterros sanitários;1;10;2022;Aproveitamento de gases gerados em aterros sanitários.;"- Fomentar a elaboração de estudos de viabilidade técnica e econômico-financeira para aproveitamento e valorização do biogás dos aterros sanitários existentes no Estado.
- Buscar incentivos tributários para equipamento de captação, tratamento e geração de energia a partir dos resíduos sólidos.
- Elaborar estudos visando à normatização para que novos aterros ou ampliações dos aterros existentes sejam projetados para possibilitar a coleta e o uso do gás gerado."
998;2020;2019;;31/07/2020;SÃO PAULO;SP;Sim;https://www.infraestruturameioambiente.sp.gov.br/cpla/2017/04/plano-de-residuos-solidos-do-estado-de-sao-paulo/;5;2020;;;;;;
611;2020;2019;;31/07/2020;TOCANTINS;TO;Sim;https://central3.to.gov.br/arquivo/457027/;20;2016;;;;;;
493;2020;2019;;29/07/2020;SERGIPE;;Sim;https://www.sedurbs.se.gov.br/serhma/portalmeioambiente/CRQ/planos/PLANO%20ESTADUAL%20DE%20RES%C3%8DDUOS%20S%C3%93LIDOS%20DE%20SERGIPE.pdf;4;2014;Redução;74792;97210.7;2022;Criação do Programa Estadual de Educação Ambiental;Implantação de Programas de educação ambiental para as atividades de não geração e redução dos resíduos.
493;2020;2019;;29/07/2020;SERGIPE;;Sim;https://www.sedurbs.se.gov.br/serhma/portalmeioambiente/CRQ/planos/PLANO%20ESTADUAL%20DE%20RES%C3%8DDUOS%20S%C3%93LIDOS%20DE%20SERGIPE.pdf;4;2014;Coleta Seletiva;599982;779976.6;2022;Projeto de Inclusão Socioambiental e Produtivo dos Catadores e Coletores de Materiais Recicláveis em Sergipe;O projeto inclui apoio a formação de cooperativas de recicláveis, capacitação dos catadores através de oficinas, formação de rede de cooperativa e entrega de equipamentos as cooperativas.
493;2020;2019;;29/07/2020;SERGIPE;;Sim;https://www.sedurbs.se.gov.br/serhma/portalmeioambiente/CRQ/planos/PLANO%20ESTADUAL%20DE%20RES%C3%8DDUOS%20S%C3%93LIDOS%20DE%20SERGIPE.pdf;4;2014;Reciclagem;191488;229785.6;2022;Projeto de Inclusão Socioambiental e Produtivo dos Catadores e Coletores de Materiais Recicláveis em Sergipe;O projeto inclui apoio a formação de cooperativas de recicláveis, capacitação dos catadores através de oficinas, formação de rede de cooperativa e entrega de equipamentos as cooperativas.
493;2020;2019;;29/07/2020;SERGIPE;;Sim;https://www.sedurbs.se.gov.br/serhma/portalmeioambiente/CRQ/planos/PLANO%20ESTADUAL%20DE%20RES%C3%8DDUOS%20S%C3%93LIDOS%20DE%20SERGIPE.pdf;4;2014;Eliminação e recuperação de lixões;7;30;2022;;
2067;2020;2019;;31/07/2020;DISTRITO FEDERAL;;Sim;http://www.slu.df.gov.br/wp-content/uploads/2018/03/pdgirs.pdf;4;2018;Reciclagem;31398.86;122012;2022;;
2067;2020;2019;;31/07/2020;DISTRITO FEDERAL;;Sim;http://www.slu.df.gov.br/wp-content/uploads/2018/03/pdgirs.pdf;4;2018;Coleta Seletiva;46389.89;203352.96;2022;;
2067;2020;2019;;31/07/2020;DISTRITO FEDERAL;;Sim;http://www.slu.df.gov.br/wp-content/uploads/2018/03/pdgirs.pdf;4;2018;Redução;1292857;1286393;2022;;
