Declaração;Ano;Ano Referencia;Data Criação;Data Entrega;Declarante;Município Declarante;UF Declarante;Descritivo/Detalhamento;Link do Estudo de Regionalização;Município
137;2019;2018;;04/10/2019;SANTA CATARINA;Arroio Trinta;SC;Região de Caçador;https://issuu.com/sustentavelsc/docs/gestaoresiduossolidos;Arroio Trinta
137;2019;2018;;04/10/2019;SANTA CATARINA;Caçador;SC;Região de Caçador;https://issuu.com/sustentavelsc/docs/gestaoresiduossolidos;Caçador
137;2019;2018;;04/10/2019;SANTA CATARINA;Calmon;SC;Região de Caçador;https://issuu.com/sustentavelsc/docs/gestaoresiduossolidos;Calmon
137;2019;2018;;04/10/2019;SANTA CATARINA;Fraiburgo;SC;Região de Caçador;https://issuu.com/sustentavelsc/docs/gestaoresiduossolidos;Fraiburgo
137;2019;2018;;04/10/2019;SANTA CATARINA;Macieira;SC;Região de Caçador;https://issuu.com/sustentavelsc/docs/gestaoresiduossolidos;Macieira
137;2019;2018;;04/10/2019;SANTA CATARINA;Matos Costa;SC;Região de Caçador;https://issuu.com/sustentavelsc/docs/gestaoresiduossolidos;Matos Costa
137;2019;2018;;04/10/2019;SANTA CATARINA;Pinheiro Preto;SC;Região de Caçador;https://issuu.com/sustentavelsc/docs/gestaoresiduossolidos;Pinheiro Preto
137;2019;2018;;04/10/2019;SANTA CATARINA;Rio das Antas;SC;Região de Caçador;https://issuu.com/sustentavelsc/docs/gestaoresiduossolidos;Rio das Antas
137;2019;2018;;04/10/2019;SANTA CATARINA;Tangará;SC;Região de Caçador;https://issuu.com/sustentavelsc/docs/gestaoresiduossolidos;Tangará
137;2019;2018;;04/10/2019;SANTA CATARINA;Videira;SC;Região de Caçador;https://issuu.com/sustentavelsc/docs/gestaoresiduossolidos;Videira
137;2019;2018;;04/10/2019;SANTA CATARINA;Abdon Batista;SC;Região de Campos Novos.;https://issuu.com/sustentavelsc/docs/gestaoresiduossolidos;Abdon Batista
137;2019;2018;;04/10/2019;SANTA CATARINA;Anita Garibaldi;SC;Região de Campos Novos.;https://issuu.com/sustentavelsc/docs/gestaoresiduossolidos;Anita Garibaldi
137;2019;2018;;04/10/2019;SANTA CATARINA;Campos Novos;SC;Região de Campos Novos.;https://issuu.com/sustentavelsc/docs/gestaoresiduossolidos;Campos Novos
137;2019;2018;;04/10/2019;SANTA CATARINA;Celso Ramos;SC;Região de Campos Novos.;https://issuu.com/sustentavelsc/docs/gestaoresiduossolidos;Celso Ramos
137;2019;2018;;04/10/2019;SANTA CATARINA;Zortéa;SC;Região de Campos Novos.;https://issuu.com/sustentavelsc/docs/gestaoresiduossolidos;Zortéa
137;2019;2018;;04/10/2019;SANTA CATARINA;Bela Vista do Toldo;SC;Região de Canoinhas;https://issuu.com/sustentavelsc/docs/gestaoresiduossolidos;Bela Vista do Toldo
137;2019;2018;;04/10/2019;SANTA CATARINA;Canoinhas;SC;Região de Canoinhas;https://issuu.com/sustentavelsc/docs/gestaoresiduossolidos;Canoinhas
137;2019;2018;;04/10/2019;SANTA CATARINA;Irineópolis;SC;Região de Canoinhas;https://issuu.com/sustentavelsc/docs/gestaoresiduossolidos;Irineópolis
137;2019;2018;;04/10/2019;SANTA CATARINA;Itaiópolis;SC;Região de Canoinhas;https://issuu.com/sustentavelsc/docs/gestaoresiduossolidos;Itaiópolis
137;2019;2018;;04/10/2019;SANTA CATARINA;Mafra;SC;Região de Canoinhas;https://issuu.com/sustentavelsc/docs/gestaoresiduossolidos;Mafra
137;2019;2018;;04/10/2019;SANTA CATARINA;Major Vieira;SC;Região de Canoinhas;https://issuu.com/sustentavelsc/docs/gestaoresiduossolidos;Major Vieira
137;2019;2018;;04/10/2019;SANTA CATARINA;Monte Castelo;SC;Região de Canoinhas;https://issuu.com/sustentavelsc/docs/gestaoresiduossolidos;Monte Castelo
137;2019;2018;;04/10/2019;SANTA CATARINA;Papanduva;SC;Região de Canoinhas;https://issuu.com/sustentavelsc/docs/gestaoresiduossolidos;Papanduva
137;2019;2018;;04/10/2019;SANTA CATARINA;Porto União;SC;Região de Canoinhas;https://issuu.com/sustentavelsc/docs/gestaoresiduossolidos;Porto União
137;2019;2018;;04/10/2019;SANTA CATARINA;Timbó Grande;SC;Região de Canoinhas;https://issuu.com/sustentavelsc/docs/gestaoresiduossolidos;Timbó Grande
137;2019;2018;;04/10/2019;SANTA CATARINA;Águas de Chapecó;SC;Região de Chapecó;https://issuu.com/sustentavelsc/docs/gestaoresiduossolidos;Águas de Chapecó
137;2019;2018;;04/10/2019;SANTA CATARINA;Águas Frias;SC;Região de Chapecó;https://issuu.com/sustentavelsc/docs/gestaoresiduossolidos;Águas Frias
137;2019;2018;;04/10/2019;SANTA CATARINA;Caxambu do Sul;SC;Região de Chapecó;https://issuu.com/sustentavelsc/docs/gestaoresiduossolidos;Caxambu do Sul
137;2019;2018;;04/10/2019;SANTA CATARINA;Chapecó;SC;Região de Chapecó;https://issuu.com/sustentavelsc/docs/gestaoresiduossolidos;Chapecó
137;2019;2018;;04/10/2019;SANTA CATARINA;Cordilheira Alta;SC;Região de Chapecó;https://issuu.com/sustentavelsc/docs/gestaoresiduossolidos;Cordilheira Alta
137;2019;2018;;04/10/2019;SANTA CATARINA;Coronel Freitas;SC;Região de Chapecó;https://issuu.com/sustentavelsc/docs/gestaoresiduossolidos;Coronel Freitas
137;2019;2018;;04/10/2019;SANTA CATARINA;Formosa do Sul;SC;Região de Chapecó;https://issuu.com/sustentavelsc/docs/gestaoresiduossolidos;Formosa do Sul
137;2019;2018;;04/10/2019;SANTA CATARINA;Guatambú;SC;Região de Chapecó;https://issuu.com/sustentavelsc/docs/gestaoresiduossolidos;Guatambú
137;2019;2018;;04/10/2019;SANTA CATARINA;Irati;SC;Região de Chapecó;https://issuu.com/sustentavelsc/docs/gestaoresiduossolidos;Irati
137;2019;2018;;04/10/2019;SANTA CATARINA;Jardinópolis;SC;Região de Chapecó;https://issuu.com/sustentavelsc/docs/gestaoresiduossolidos;Jardinópolis
137;2019;2018;;04/10/2019;SANTA CATARINA;Nova Erechim;SC;Região de Chapecó;https://issuu.com/sustentavelsc/docs/gestaoresiduossolidos;Nova Erechim
137;2019;2018;;04/10/2019;SANTA CATARINA;Nova Itaberaba;SC;Região de Chapecó;https://issuu.com/sustentavelsc/docs/gestaoresiduossolidos;Nova Itaberaba
137;2019;2018;;04/10/2019;SANTA CATARINA;Pinhalzinho;SC;Região de Chapecó;https://issuu.com/sustentavelsc/docs/gestaoresiduossolidos;Pinhalzinho
137;2019;2018;;04/10/2019;SANTA CATARINA;Planalto Alegre;SC;Região de Chapecó;https://issuu.com/sustentavelsc/docs/gestaoresiduossolidos;Planalto Alegre
137;2019;2018;;04/10/2019;SANTA CATARINA;Quilombo;SC;Região de Chapecó;https://issuu.com/sustentavelsc/docs/gestaoresiduossolidos;Quilombo
137;2019;2018;;04/10/2019;SANTA CATARINA;Santiago do Sul;SC;Região de Chapecó;https://issuu.com/sustentavelsc/docs/gestaoresiduossolidos;Santiago do Sul
137;2019;2018;;04/10/2019;SANTA CATARINA;São Carlos;SC;Região de Chapecó;https://issuu.com/sustentavelsc/docs/gestaoresiduossolidos;São Carlos
137;2019;2018;;04/10/2019;SANTA CATARINA;Serra Alta;SC;Região de Chapecó;https://issuu.com/sustentavelsc/docs/gestaoresiduossolidos;Serra Alta
137;2019;2018;;04/10/2019;SANTA CATARINA;Sul Brasil;SC;Região de Chapecó;https://issuu.com/sustentavelsc/docs/gestaoresiduossolidos;Sul Brasil
137;2019;2018;;04/10/2019;SANTA CATARINA;União do Oeste;SC;Região de Chapecó;https://issuu.com/sustentavelsc/docs/gestaoresiduossolidos;União do Oeste
137;2019;2018;;04/10/2019;SANTA CATARINA;Alto Bela Vista;SC;Região de Concórdia;https://issuu.com/sustentavelsc/docs/gestaoresiduossolidos;Alto Bela Vista
137;2019;2018;;04/10/2019;SANTA CATARINA;Arabutã;SC;Região de Concórdia;https://issuu.com/sustentavelsc/docs/gestaoresiduossolidos;Arabutã
137;2019;2018;;04/10/2019;SANTA CATARINA;Arvoredo;SC;Região de Concórdia;https://issuu.com/sustentavelsc/docs/gestaoresiduossolidos;Arvoredo
137;2019;2018;;04/10/2019;SANTA CATARINA;Concórdia;SC;Região de Concórdia;https://issuu.com/sustentavelsc/docs/gestaoresiduossolidos;Concórdia
137;2019;2018;;04/10/2019;SANTA CATARINA;Ipira;SC;Região de Concórdia;https://issuu.com/sustentavelsc/docs/gestaoresiduossolidos;Ipira
137;2019;2018;;04/10/2019;SANTA CATARINA;Ipumirim;SC;Região de Concórdia;https://issuu.com/sustentavelsc/docs/gestaoresiduossolidos;Ipumirim
137;2019;2018;;04/10/2019;SANTA CATARINA;Irani;SC;Região de Concórdia;https://issuu.com/sustentavelsc/docs/gestaoresiduossolidos;Irani
137;2019;2018;;04/10/2019;SANTA CATARINA;Jaborá;SC;Região de Concórdia;https://issuu.com/sustentavelsc/docs/gestaoresiduossolidos;Jaborá
137;2019;2018;;04/10/2019;SANTA CATARINA;Lindóia do Sul;SC;Região de Concórdia;https://issuu.com/sustentavelsc/docs/gestaoresiduossolidos;Lindóia do Sul
137;2019;2018;;04/10/2019;SANTA CATARINA;Paial;SC;Região de Concórdia;https://issuu.com/sustentavelsc/docs/gestaoresiduossolidos;Paial
137;2019;2018;;04/10/2019;SANTA CATARINA;Peritiba;SC;Região de Concórdia;https://issuu.com/sustentavelsc/docs/gestaoresiduossolidos;Peritiba
137;2019;2018;;04/10/2019;SANTA CATARINA;Piratuba;SC;Região de Concórdia;https://issuu.com/sustentavelsc/docs/gestaoresiduossolidos;Piratuba
137;2019;2018;;04/10/2019;SANTA CATARINA;Presidente Castelo Branco;SC;Região de Concórdia;https://issuu.com/sustentavelsc/docs/gestaoresiduossolidos;Presidente Castelo Branco
137;2019;2018;;04/10/2019;SANTA CATARINA;Seara;SC;Região de Concórdia;https://issuu.com/sustentavelsc/docs/gestaoresiduossolidos;Seara
137;2019;2018;;04/10/2019;SANTA CATARINA;Xavantina;SC;Região de Concórdia;https://issuu.com/sustentavelsc/docs/gestaoresiduossolidos;Xavantina
137;2019;2018;;04/10/2019;SANTA CATARINA;Araranguá;SC;Região de Criciúma;https://issuu.com/sustentavelsc/docs/gestaoresiduossolidos;Araranguá
137;2019;2018;;04/10/2019;SANTA CATARINA;Balneário Arroio do Silva;SC;Região de Criciúma;https://issuu.com/sustentavelsc/docs/gestaoresiduossolidos;Balneário Arroio do Silva
137;2019;2018;;04/10/2019;SANTA CATARINA;BALNEÁRIO RINCÃO;SC;Região de Criciúma;https://issuu.com/sustentavelsc/docs/gestaoresiduossolidos;BALNEÁRIO RINCÃO
137;2019;2018;;04/10/2019;SANTA CATARINA;Criciúma;SC;Região de Criciúma;https://issuu.com/sustentavelsc/docs/gestaoresiduossolidos;Criciúma
137;2019;2018;;04/10/2019;SANTA CATARINA;Ermo;SC;Região de Criciúma;https://issuu.com/sustentavelsc/docs/gestaoresiduossolidos;Ermo
137;2019;2018;;04/10/2019;SANTA CATARINA;Forquilhinha;SC;Região de Criciúma;https://issuu.com/sustentavelsc/docs/gestaoresiduossolidos;Forquilhinha
137;2019;2018;;04/10/2019;SANTA CATARINA;Içara;SC;Região de Criciúma;https://issuu.com/sustentavelsc/docs/gestaoresiduossolidos;Içara
137;2019;2018;;04/10/2019;SANTA CATARINA;Maracajá;SC;Região de Criciúma;https://issuu.com/sustentavelsc/docs/gestaoresiduossolidos;Maracajá
137;2019;2018;;04/10/2019;SANTA CATARINA;Meleiro;SC;Região de Criciúma;https://issuu.com/sustentavelsc/docs/gestaoresiduossolidos;Meleiro
137;2019;2018;;04/10/2019;SANTA CATARINA;Morro Grande;SC;Região de Criciúma;https://issuu.com/sustentavelsc/docs/gestaoresiduossolidos;Morro Grande
137;2019;2018;;04/10/2019;SANTA CATARINA;Nova Veneza;SC;Região de Criciúma;https://issuu.com/sustentavelsc/docs/gestaoresiduossolidos;Nova Veneza
137;2019;2018;;04/10/2019;SANTA CATARINA;Timbé do Sul;SC;Região de Criciúma;https://issuu.com/sustentavelsc/docs/gestaoresiduossolidos;Timbé do Sul
137;2019;2018;;04/10/2019;SANTA CATARINA;Turvo;SC;Região de Criciúma;https://issuu.com/sustentavelsc/docs/gestaoresiduossolidos;Turvo
137;2019;2018;;04/10/2019;SANTA CATARINA;Brunópolis;SC;Região de Curitibanos;https://issuu.com/sustentavelsc/docs/gestaoresiduossolidos;Brunópolis
137;2019;2018;;04/10/2019;SANTA CATARINA;Curitibanos;SC;Região de Curitibanos;https://issuu.com/sustentavelsc/docs/gestaoresiduossolidos;Curitibanos
137;2019;2018;;04/10/2019;SANTA CATARINA;Frei Rogério;SC;Região de Curitibanos;https://issuu.com/sustentavelsc/docs/gestaoresiduossolidos;Frei Rogério
137;2019;2018;;04/10/2019;SANTA CATARINA;Lebon Régis;SC;Região de Curitibanos;https://issuu.com/sustentavelsc/docs/gestaoresiduossolidos;Lebon Régis
137;2019;2018;;04/10/2019;SANTA CATARINA;Monte Carlo;SC;Região de Curitibanos;https://issuu.com/sustentavelsc/docs/gestaoresiduossolidos;Monte Carlo
137;2019;2018;;04/10/2019;SANTA CATARINA;Ponte Alta;SC;Região de Curitibanos;https://issuu.com/sustentavelsc/docs/gestaoresiduossolidos;Ponte Alta
137;2019;2018;;04/10/2019;SANTA CATARINA;Ponte Alta do Norte;SC;Região de Curitibanos;https://issuu.com/sustentavelsc/docs/gestaoresiduossolidos;Ponte Alta do Norte
137;2019;2018;;04/10/2019;SANTA CATARINA;Santa Cecília;SC;Região de Curitibanos;https://issuu.com/sustentavelsc/docs/gestaoresiduossolidos;Santa Cecília
137;2019;2018;;04/10/2019;SANTA CATARINA;São Cristóvão do Sul;SC;Região de Curitibanos;https://issuu.com/sustentavelsc/docs/gestaoresiduossolidos;São Cristóvão do Sul
137;2019;2018;;04/10/2019;SANTA CATARINA;AGRONÔMICA;SC;Região de Ibirama;https://issuu.com/sustentavelsc/docs/gestaoresiduossolidos;AGRONÔMICA
137;2019;2018;;04/10/2019;SANTA CATARINA;Aurora;SC;Região de Ibirama;https://issuu.com/sustentavelsc/docs/gestaoresiduossolidos;Aurora
137;2019;2018;;04/10/2019;SANTA CATARINA;Dona Emma;SC;Região de Ibirama;https://issuu.com/sustentavelsc/docs/gestaoresiduossolidos;Dona Emma
137;2019;2018;;04/10/2019;SANTA CATARINA;Ibirama;SC;Região de Ibirama;https://issuu.com/sustentavelsc/docs/gestaoresiduossolidos;Ibirama
137;2019;2018;;04/10/2019;SANTA CATARINA;José Boiteux;SC;Região de Ibirama;https://issuu.com/sustentavelsc/docs/gestaoresiduossolidos;José Boiteux
137;2019;2018;;04/10/2019;SANTA CATARINA;Laurentino;SC;Região de Ibirama;https://issuu.com/sustentavelsc/docs/gestaoresiduossolidos;Laurentino
137;2019;2018;;04/10/2019;SANTA CATARINA;Lontras;SC;Região de Ibirama;https://issuu.com/sustentavelsc/docs/gestaoresiduossolidos;Lontras
137;2019;2018;;04/10/2019;SANTA CATARINA;Presidente Getúlio;SC;Região de Ibirama;https://issuu.com/sustentavelsc/docs/gestaoresiduossolidos;Presidente Getúlio
137;2019;2018;;04/10/2019;SANTA CATARINA;Presidente Nereu;SC;Região de Ibirama;https://issuu.com/sustentavelsc/docs/gestaoresiduossolidos;Presidente Nereu
137;2019;2018;;04/10/2019;SANTA CATARINA;Rio do Oeste;SC;Região de Ibirama;https://issuu.com/sustentavelsc/docs/gestaoresiduossolidos;Rio do Oeste
137;2019;2018;;04/10/2019;SANTA CATARINA;Rio do Sul;SC;Região de Ibirama;https://issuu.com/sustentavelsc/docs/gestaoresiduossolidos;Rio do Sul
137;2019;2018;;04/10/2019;SANTA CATARINA;Trombudo Central;SC;Região de Ibirama;https://issuu.com/sustentavelsc/docs/gestaoresiduossolidos;Trombudo Central
137;2019;2018;;04/10/2019;SANTA CATARINA;Vítor Meireles;SC;Região de Ibirama;https://issuu.com/sustentavelsc/docs/gestaoresiduossolidos;Vítor Meireles
137;2019;2018;;04/10/2019;SANTA CATARINA;Witmarsum;SC;Região de Ibirama;https://issuu.com/sustentavelsc/docs/gestaoresiduossolidos;Witmarsum
137;2019;2018;;04/10/2019;SANTA CATARINA;Caibi;SC;Região de Iporã do Oeste;https://issuu.com/sustentavelsc/docs/gestaoresiduossolidos;Caibi
137;2019;2018;;04/10/2019;SANTA CATARINA;Cunhataí;SC;Região de Iporã do Oeste;https://issuu.com/sustentavelsc/docs/gestaoresiduossolidos;Cunhataí
137;2019;2018;;04/10/2019;SANTA CATARINA;Iporã do Oeste;SC;Região de Iporã do Oeste;https://issuu.com/sustentavelsc/docs/gestaoresiduossolidos;Iporã do Oeste
137;2019;2018;;04/10/2019;SANTA CATARINA;Itapiranga;SC;Região de Iporã do Oeste;https://issuu.com/sustentavelsc/docs/gestaoresiduossolidos;Itapiranga
137;2019;2018;;04/10/2019;SANTA CATARINA;Mondaí;SC;Região de Iporã do Oeste;https://issuu.com/sustentavelsc/docs/gestaoresiduossolidos;Mondaí
137;2019;2018;;04/10/2019;SANTA CATARINA;Palmitos;SC;Região de Iporã do Oeste;https://issuu.com/sustentavelsc/docs/gestaoresiduossolidos;Palmitos
137;2019;2018;;04/10/2019;SANTA CATARINA;Riqueza;SC;Região de Iporã do Oeste;https://issuu.com/sustentavelsc/docs/gestaoresiduossolidos;Riqueza
137;2019;2018;;04/10/2019;SANTA CATARINA;São João do Oeste;SC;Região de Iporã do Oeste;https://issuu.com/sustentavelsc/docs/gestaoresiduossolidos;São João do Oeste
137;2019;2018;;04/10/2019;SANTA CATARINA;Balneário Camboriú;SC;Região de Itajaí;https://issuu.com/sustentavelsc/docs/gestaoresiduossolidos;Balneário Camboriú
137;2019;2018;;04/10/2019;SANTA CATARINA;Balneário Piçarras;SC;Região de Itajaí;https://issuu.com/sustentavelsc/docs/gestaoresiduossolidos;Balneário Piçarras
137;2019;2018;;04/10/2019;SANTA CATARINA;Barra Velha;SC;Região de Itajaí;https://issuu.com/sustentavelsc/docs/gestaoresiduossolidos;Barra Velha
137;2019;2018;;04/10/2019;SANTA CATARINA;Bombinhas;SC;Região de Itajaí;https://issuu.com/sustentavelsc/docs/gestaoresiduossolidos;Bombinhas
137;2019;2018;;04/10/2019;SANTA CATARINA;Camboriú;SC;Região de Itajaí;https://issuu.com/sustentavelsc/docs/gestaoresiduossolidos;Camboriú
137;2019;2018;;04/10/2019;SANTA CATARINA;Canelinha;SC;Região de Itajaí;https://issuu.com/sustentavelsc/docs/gestaoresiduossolidos;Canelinha
137;2019;2018;;04/10/2019;SANTA CATARINA;Ilhota;SC;Região de Itajaí;https://issuu.com/sustentavelsc/docs/gestaoresiduossolidos;Ilhota
137;2019;2018;;04/10/2019;SANTA CATARINA;Itajaí;SC;Região de Itajaí;https://issuu.com/sustentavelsc/docs/gestaoresiduossolidos;Itajaí
137;2019;2018;;04/10/2019;SANTA CATARINA;Itapema;SC;Região de Itajaí;https://issuu.com/sustentavelsc/docs/gestaoresiduossolidos;Itapema
137;2019;2018;;04/10/2019;SANTA CATARINA;Navegantes;SC;Região de Itajaí;https://issuu.com/sustentavelsc/docs/gestaoresiduossolidos;Navegantes
137;2019;2018;;04/10/2019;SANTA CATARINA;Nova Trento;SC;Região de Itajaí;https://issuu.com/sustentavelsc/docs/gestaoresiduossolidos;Nova Trento
137;2019;2018;;04/10/2019;SANTA CATARINA;Penha;SC;Região de Itajaí;https://issuu.com/sustentavelsc/docs/gestaoresiduossolidos;Penha
137;2019;2018;;04/10/2019;SANTA CATARINA;Porto Belo;SC;Região de Itajaí;https://issuu.com/sustentavelsc/docs/gestaoresiduossolidos;Porto Belo
137;2019;2018;;04/10/2019;SANTA CATARINA;São João Batista;SC;Região de Itajaí;https://issuu.com/sustentavelsc/docs/gestaoresiduossolidos;São João Batista
137;2019;2018;;04/10/2019;SANTA CATARINA;Tijucas;SC;Região de Itajaí;https://issuu.com/sustentavelsc/docs/gestaoresiduossolidos;Tijucas
137;2019;2018;;04/10/2019;SANTA CATARINA;Agrolândia;SC;Região de Ituporanga;https://issuu.com/sustentavelsc/docs/gestaoresiduossolidos;Agrolândia
137;2019;2018;;04/10/2019;SANTA CATARINA;Alfredo Wagner;SC;Região de Ituporanga;https://issuu.com/sustentavelsc/docs/gestaoresiduossolidos;Alfredo Wagner
137;2019;2018;;04/10/2019;SANTA CATARINA;Atalanta;SC;Região de Ituporanga;https://issuu.com/sustentavelsc/docs/gestaoresiduossolidos;Atalanta
137;2019;2018;;04/10/2019;SANTA CATARINA;Braço do Trombudo;SC;Região de Ituporanga;https://issuu.com/sustentavelsc/docs/gestaoresiduossolidos;Braço do Trombudo
137;2019;2018;;04/10/2019;SANTA CATARINA;Chapadão do Lageado;SC;Região de Ituporanga;https://issuu.com/sustentavelsc/docs/gestaoresiduossolidos;Chapadão do Lageado
137;2019;2018;;04/10/2019;SANTA CATARINA;Imbuia;SC;Região de Ituporanga;https://issuu.com/sustentavelsc/docs/gestaoresiduossolidos;Imbuia
137;2019;2018;;04/10/2019;SANTA CATARINA;Ituporanga;SC;Região de Ituporanga;https://issuu.com/sustentavelsc/docs/gestaoresiduossolidos;Ituporanga
137;2019;2018;;04/10/2019;SANTA CATARINA;Leoberto Leal;SC;Região de Ituporanga;https://issuu.com/sustentavelsc/docs/gestaoresiduossolidos;Leoberto Leal
137;2019;2018;;04/10/2019;SANTA CATARINA;Petrolândia;SC;Região de Ituporanga;https://issuu.com/sustentavelsc/docs/gestaoresiduossolidos;Petrolândia
137;2019;2018;;04/10/2019;SANTA CATARINA;Vidal Ramos;SC;Região de Ituporanga;https://issuu.com/sustentavelsc/docs/gestaoresiduossolidos;Vidal Ramos
137;2019;2018;;04/10/2019;SANTA CATARINA;Água Doce;SC;Região de Joaçaba;https://issuu.com/sustentavelsc/docs/gestaoresiduossolidos;Água Doce
137;2019;2018;;04/10/2019;SANTA CATARINA;Capinzal;SC;Região de Joaçaba;https://issuu.com/sustentavelsc/docs/gestaoresiduossolidos;Capinzal
137;2019;2018;;04/10/2019;SANTA CATARINA;Catanduvas;SC;Região de Joaçaba;https://issuu.com/sustentavelsc/docs/gestaoresiduossolidos;Catanduvas
137;2019;2018;;04/10/2019;SANTA CATARINA;Erval Velho;SC;Região de Joaçaba;https://issuu.com/sustentavelsc/docs/gestaoresiduossolidos;Erval Velho
137;2019;2018;;04/10/2019;SANTA CATARINA;Herval d'Oeste;SC;Região de Joaçaba;https://issuu.com/sustentavelsc/docs/gestaoresiduossolidos;Herval d'Oeste
137;2019;2018;;04/10/2019;SANTA CATARINA;Ibiam;SC;Região de Joaçaba;https://issuu.com/sustentavelsc/docs/gestaoresiduossolidos;Ibiam
137;2019;2018;;04/10/2019;SANTA CATARINA;Ibicaré;SC;Região de Joaçaba;https://issuu.com/sustentavelsc/docs/gestaoresiduossolidos;Ibicaré
137;2019;2018;;04/10/2019;SANTA CATARINA;Joaçaba;SC;Região de Joaçaba;https://issuu.com/sustentavelsc/docs/gestaoresiduossolidos;Joaçaba
137;2019;2018;;04/10/2019;SANTA CATARINA;Lacerdópolis;SC;Região de Joaçaba;https://issuu.com/sustentavelsc/docs/gestaoresiduossolidos;Lacerdópolis
137;2019;2018;;04/10/2019;SANTA CATARINA;Luzerna;SC;Região de Joaçaba;https://issuu.com/sustentavelsc/docs/gestaoresiduossolidos;Luzerna
137;2019;2018;;04/10/2019;SANTA CATARINA;Ouro;SC;Região de Joaçaba;https://issuu.com/sustentavelsc/docs/gestaoresiduossolidos;Ouro
137;2019;2018;;04/10/2019;SANTA CATARINA;Salto Veloso;SC;Região de Joaçaba;https://issuu.com/sustentavelsc/docs/gestaoresiduossolidos;Salto Veloso
137;2019;2018;;04/10/2019;SANTA CATARINA;Treze Tílias;SC;Região de Joaçaba;https://issuu.com/sustentavelsc/docs/gestaoresiduossolidos;Treze Tílias
137;2019;2018;;04/10/2019;SANTA CATARINA;Vargem Bonita;SC;Região de Joaçaba;https://issuu.com/sustentavelsc/docs/gestaoresiduossolidos;Vargem Bonita
137;2019;2018;;04/10/2019;SANTA CATARINA;Araquari;SC;Região de Joinville;https://issuu.com/sustentavelsc/docs/gestaoresiduossolidos;Araquari
137;2019;2018;;04/10/2019;SANTA CATARINA;Balneário Barra do Sul;SC;Região de Joinville;https://issuu.com/sustentavelsc/docs/gestaoresiduossolidos;Balneário Barra do Sul
137;2019;2018;;04/10/2019;SANTA CATARINA;Garuva;SC;Região de Joinville;https://issuu.com/sustentavelsc/docs/gestaoresiduossolidos;Garuva
137;2019;2018;;04/10/2019;SANTA CATARINA;Guaramirim;SC;Região de Joinville;https://issuu.com/sustentavelsc/docs/gestaoresiduossolidos;Guaramirim
137;2019;2018;;04/10/2019;SANTA CATARINA;Itapoá;SC;Região de Joinville;https://issuu.com/sustentavelsc/docs/gestaoresiduossolidos;Itapoá
137;2019;2018;;04/10/2019;SANTA CATARINA;Jaraguá do Sul;SC;Região de Joinville;https://issuu.com/sustentavelsc/docs/gestaoresiduossolidos;Jaraguá do Sul
137;2019;2018;;04/10/2019;SANTA CATARINA;Joinville;SC;Região de Joinville;https://issuu.com/sustentavelsc/docs/gestaoresiduossolidos;Joinville
137;2019;2018;;04/10/2019;SANTA CATARINA;Massaranduba;SC;Região de Joinville;https://issuu.com/sustentavelsc/docs/gestaoresiduossolidos;Massaranduba
137;2019;2018;;04/10/2019;SANTA CATARINA;São Francisco do Sul;SC;Região de Joinville;https://issuu.com/sustentavelsc/docs/gestaoresiduossolidos;São Francisco do Sul
137;2019;2018;;04/10/2019;SANTA CATARINA;São João do Itaperiú;SC;Região de Joinville;https://issuu.com/sustentavelsc/docs/gestaoresiduossolidos;São João do Itaperiú
137;2019;2018;;04/10/2019;SANTA CATARINA;Schroeder;SC;Região de Joinville;https://issuu.com/sustentavelsc/docs/gestaoresiduossolidos;Schroeder
137;2019;2018;;04/10/2019;SANTA CATARINA;Bocaína do Sul;SC;Região de Lages;https://issuu.com/sustentavelsc/docs/gestaoresiduossolidos;Bocaína do Sul
137;2019;2018;;04/10/2019;SANTA CATARINA;Bom Retiro;SC;Região de Lages;https://issuu.com/sustentavelsc/docs/gestaoresiduossolidos;Bom Retiro
137;2019;2018;;04/10/2019;SANTA CATARINA;Campo Belo do Sul;SC;Região de Lages;https://issuu.com/sustentavelsc/docs/gestaoresiduossolidos;Campo Belo do Sul
137;2019;2018;;04/10/2019;SANTA CATARINA;Capão Alto;SC;Região de Lages;https://issuu.com/sustentavelsc/docs/gestaoresiduossolidos;Capão Alto
137;2019;2018;;04/10/2019;SANTA CATARINA;Cerro Negro;SC;Região de Lages;https://issuu.com/sustentavelsc/docs/gestaoresiduossolidos;Cerro Negro
137;2019;2018;;04/10/2019;SANTA CATARINA;Correia Pinto;SC;Região de Lages;https://issuu.com/sustentavelsc/docs/gestaoresiduossolidos;Correia Pinto
137;2019;2018;;04/10/2019;SANTA CATARINA;Lages;SC;Região de Lages;https://issuu.com/sustentavelsc/docs/gestaoresiduossolidos;Lages
137;2019;2018;;04/10/2019;SANTA CATARINA;Otacílio Costa;SC;Região de Lages;https://issuu.com/sustentavelsc/docs/gestaoresiduossolidos;Otacílio Costa
137;2019;2018;;04/10/2019;SANTA CATARINA;Painel;SC;Região de Lages;https://issuu.com/sustentavelsc/docs/gestaoresiduossolidos;Painel
137;2019;2018;;04/10/2019;SANTA CATARINA;Palmeira;SC;Região de Lages;https://issuu.com/sustentavelsc/docs/gestaoresiduossolidos;Palmeira
137;2019;2018;;04/10/2019;SANTA CATARINA;Rio Rufino;SC;Região de Lages;https://issuu.com/sustentavelsc/docs/gestaoresiduossolidos;Rio Rufino
137;2019;2018;;04/10/2019;SANTA CATARINA;São Joaquim;SC;Região de Lages;https://issuu.com/sustentavelsc/docs/gestaoresiduossolidos;São Joaquim
137;2019;2018;;04/10/2019;SANTA CATARINA;São José do Cerrito;SC;Região de Lages;https://issuu.com/sustentavelsc/docs/gestaoresiduossolidos;São José do Cerrito
137;2019;2018;;04/10/2019;SANTA CATARINA;Urubici;SC;Região de Lages;https://issuu.com/sustentavelsc/docs/gestaoresiduossolidos;Urubici
137;2019;2018;;04/10/2019;SANTA CATARINA;Urupema;SC;Região de Lages;https://issuu.com/sustentavelsc/docs/gestaoresiduossolidos;Urupema
137;2019;2018;;04/10/2019;SANTA CATARINA;Armazém;SC;Região de Laguna;https://issuu.com/sustentavelsc/docs/gestaoresiduossolidos;Armazém
137;2019;2018;;04/10/2019;SANTA CATARINA;Capivari de Baixo;SC;Região de Laguna;https://issuu.com/sustentavelsc/docs/gestaoresiduossolidos;Capivari de Baixo
137;2019;2018;;04/10/2019;SANTA CATARINA;Gravatal;SC;Região de Laguna;https://issuu.com/sustentavelsc/docs/gestaoresiduossolidos;Gravatal
137;2019;2018;;04/10/2019;SANTA CATARINA;Imaruí;SC;Região de Laguna;https://issuu.com/sustentavelsc/docs/gestaoresiduossolidos;Imaruí
137;2019;2018;;04/10/2019;SANTA CATARINA;Imbituba;SC;Região de Laguna;https://issuu.com/sustentavelsc/docs/gestaoresiduossolidos;Imbituba
137;2019;2018;;04/10/2019;SANTA CATARINA;Jaguaruna;SC;Região de Laguna;https://issuu.com/sustentavelsc/docs/gestaoresiduossolidos;Jaguaruna
137;2019;2018;;04/10/2019;SANTA CATARINA;Laguna;SC;Região de Laguna;https://issuu.com/sustentavelsc/docs/gestaoresiduossolidos;Laguna
137;2019;2018;;04/10/2019;SANTA CATARINA;Pescaria Brava;SC;Região de Laguna;https://issuu.com/sustentavelsc/docs/gestaoresiduossolidos;Pescaria Brava
137;2019;2018;;04/10/2019;SANTA CATARINA;Sangão;SC;Região de Laguna;https://issuu.com/sustentavelsc/docs/gestaoresiduossolidos;Sangão
137;2019;2018;;04/10/2019;SANTA CATARINA;São Martinho;SC;Região de Laguna;https://issuu.com/sustentavelsc/docs/gestaoresiduossolidos;São Martinho
137;2019;2018;;04/10/2019;SANTA CATARINA;Treze de Maio;SC;Região de Laguna;https://issuu.com/sustentavelsc/docs/gestaoresiduossolidos;Treze de Maio
137;2019;2018;;04/10/2019;SANTA CATARINA;Tubarão;SC;Região de Laguna;https://issuu.com/sustentavelsc/docs/gestaoresiduossolidos;Tubarão
137;2019;2018;;04/10/2019;SANTA CATARINA;Bom Jesus do Oeste;SC;Região de Maravilha;https://issuu.com/sustentavelsc/docs/gestaoresiduossolidos;Bom Jesus do Oeste
137;2019;2018;;04/10/2019;SANTA CATARINA;Luiz Alves;SC;Região de Itajaí;https://issuu.com/sustentavelsc/docs/gestaoresiduossolidos;Luiz Alves
137;2019;2018;;04/10/2019;SANTA CATARINA;Cunha Porã;SC;Região de Maravilha;https://issuu.com/sustentavelsc/docs/gestaoresiduossolidos;Cunha Porã
137;2019;2018;;04/10/2019;SANTA CATARINA;Flor do Sertão;SC;Região de Maravilha;https://issuu.com/sustentavelsc/docs/gestaoresiduossolidos;Flor do Sertão
137;2019;2018;;04/10/2019;SANTA CATARINA;Iraceminha;SC;Região de Maravilha;https://issuu.com/sustentavelsc/docs/gestaoresiduossolidos;Iraceminha
137;2019;2018;;04/10/2019;SANTA CATARINA;Maravilha;SC;Região de Maravilha;https://issuu.com/sustentavelsc/docs/gestaoresiduossolidos;Maravilha
137;2019;2018;;04/10/2019;SANTA CATARINA;Modelo;SC;Região de Maravilha;https://issuu.com/sustentavelsc/docs/gestaoresiduossolidos;Modelo
137;2019;2018;;04/10/2019;SANTA CATARINA;Romelândia;SC;Região de Maravilha;https://issuu.com/sustentavelsc/docs/gestaoresiduossolidos;Romelândia
137;2019;2018;;04/10/2019;SANTA CATARINA;Saltinho;SC;Região de Maravilha;https://issuu.com/sustentavelsc/docs/gestaoresiduossolidos;Saltinho
137;2019;2018;;04/10/2019;SANTA CATARINA;Santa Terezinha do Progresso;SC;Região de Maravilha;https://issuu.com/sustentavelsc/docs/gestaoresiduossolidos;Santa Terezinha do Progresso
137;2019;2018;;04/10/2019;SANTA CATARINA;São Miguel da Boa Vista;SC;Região de Maravilha;https://issuu.com/sustentavelsc/docs/gestaoresiduossolidos;São Miguel da Boa Vista
137;2019;2018;;04/10/2019;SANTA CATARINA;Saudades;SC;Região de Maravilha;https://issuu.com/sustentavelsc/docs/gestaoresiduossolidos;Saudades
137;2019;2018;;04/10/2019;SANTA CATARINA;Tigrinhos;SC;Região de Maravilha;https://issuu.com/sustentavelsc/docs/gestaoresiduossolidos;Tigrinhos
137;2019;2018;;04/10/2019;SANTA CATARINA;Campo Alegre;SC;Região de São Bento do Sul;https://issuu.com/sustentavelsc/docs/gestaoresiduossolidos;Campo Alegre
137;2019;2018;;04/10/2019;SANTA CATARINA;Corupá;SC;Região de São Bento do Sul;https://issuu.com/sustentavelsc/docs/gestaoresiduossolidos;Corupá
137;2019;2018;;04/10/2019;SANTA CATARINA;Rio Negrinho;SC;Região de São Bento do Sul;https://issuu.com/sustentavelsc/docs/gestaoresiduossolidos;Rio Negrinho
137;2019;2018;;04/10/2019;SANTA CATARINA;São Bento do Sul;SC;Região de São Bento do Sul;https://issuu.com/sustentavelsc/docs/gestaoresiduossolidos;São Bento do Sul
137;2019;2018;;04/10/2019;SANTA CATARINA;Águas Mornas;SC;Região de São José;https://issuu.com/sustentavelsc/docs/gestaoresiduossolidos;Águas Mornas
137;2019;2018;;04/10/2019;SANTA CATARINA;Angelina;SC;Região de São José;https://issuu.com/sustentavelsc/docs/gestaoresiduossolidos;Angelina
137;2019;2018;;04/10/2019;SANTA CATARINA;Anitápolis;SC;Região de São José;https://issuu.com/sustentavelsc/docs/gestaoresiduossolidos;Anitápolis
137;2019;2018;;04/10/2019;SANTA CATARINA;ANTÔNIO CARLOS;SC;Região de São José;https://issuu.com/sustentavelsc/docs/gestaoresiduossolidos;ANTÔNIO CARLOS
137;2019;2018;;04/10/2019;SANTA CATARINA;Biguaçu;SC;Região de São José;https://issuu.com/sustentavelsc/docs/gestaoresiduossolidos;Biguaçu
137;2019;2018;;04/10/2019;SANTA CATARINA;Florianópolis;SC;Região de São José;https://issuu.com/sustentavelsc/docs/gestaoresiduossolidos;Florianópolis
137;2019;2018;;04/10/2019;SANTA CATARINA;Garopaba;SC;Região de São José;https://issuu.com/sustentavelsc/docs/gestaoresiduossolidos;Garopaba
137;2019;2018;;04/10/2019;SANTA CATARINA;Governador Celso Ramos;SC;Região de São José;https://issuu.com/sustentavelsc/docs/gestaoresiduossolidos;Governador Celso Ramos
137;2019;2018;;04/10/2019;SANTA CATARINA;Major Gercino;SC;Região de São José;https://issuu.com/sustentavelsc/docs/gestaoresiduossolidos;Major Gercino
137;2019;2018;;04/10/2019;SANTA CATARINA;Palhoça;SC;Região de São José;https://issuu.com/sustentavelsc/docs/gestaoresiduossolidos;Palhoça
137;2019;2018;;04/10/2019;SANTA CATARINA;Paulo Lopes;SC;Região de São José;https://issuu.com/sustentavelsc/docs/gestaoresiduossolidos;Paulo Lopes
137;2019;2018;;04/10/2019;SANTA CATARINA;Rancho Queimado;SC;Região de São José;https://issuu.com/sustentavelsc/docs/gestaoresiduossolidos;Rancho Queimado
137;2019;2018;;04/10/2019;SANTA CATARINA;Santo Amaro da Imperatriz;SC;Região de São José;https://issuu.com/sustentavelsc/docs/gestaoresiduossolidos;Santo Amaro da Imperatriz
137;2019;2018;;04/10/2019;SANTA CATARINA;São Bonifácio;SC;Região de São José;https://issuu.com/sustentavelsc/docs/gestaoresiduossolidos;São Bonifácio
137;2019;2018;;04/10/2019;SANTA CATARINA;São Pedro de Alcântara;SC;Região de São José;https://issuu.com/sustentavelsc/docs/gestaoresiduossolidos;São Pedro de Alcântara
137;2019;2018;;04/10/2019;SANTA CATARINA;Anchieta;SC;Região de São José do Cedro;;Anchieta
137;2019;2018;;04/10/2019;SANTA CATARINA;Dionísio Cerqueira;SC;Região de São José do Cedro;;Dionísio Cerqueira
137;2019;2018;;04/10/2019;SANTA CATARINA;Guarujá do Sul;SC;Região de São José do Cedro;;Guarujá do Sul
137;2019;2018;;04/10/2019;SANTA CATARINA;Palma Sola;SC;Região de São José do Cedro;;Palma Sola
137;2019;2018;;04/10/2019;SANTA CATARINA;Princesa;SC;Região de São José do Cedro;;Princesa
137;2019;2018;;04/10/2019;SANTA CATARINA;São José do Cedro;SC;Região de São José do Cedro;;São José do Cedro
137;2019;2018;;04/10/2019;SANTA CATARINA;Coronel Martins;SC;Região de São Lourenço do Oeste;https://issuu.com/sustentavelsc/docs/gestaoresiduossolidos;Coronel Martins
137;2019;2018;;04/10/2019;SANTA CATARINA;Galvão;SC;Região de São Lourenço do Oeste;https://issuu.com/sustentavelsc/docs/gestaoresiduossolidos;Galvão
137;2019;2018;;04/10/2019;SANTA CATARINA;Jupiá;SC;Região de São Lourenço do Oeste;https://issuu.com/sustentavelsc/docs/gestaoresiduossolidos;Jupiá
137;2019;2018;;04/10/2019;SANTA CATARINA;Novo Horizonte;SC;Região de São Lourenço do Oeste;https://issuu.com/sustentavelsc/docs/gestaoresiduossolidos;Novo Horizonte
137;2019;2018;;04/10/2019;SANTA CATARINA;São Bernardino;SC;Região de São Lourenço do Oeste;https://issuu.com/sustentavelsc/docs/gestaoresiduossolidos;São Bernardino
137;2019;2018;;04/10/2019;SANTA CATARINA;São Domingos;SC;Região de São Lourenço do Oeste;https://issuu.com/sustentavelsc/docs/gestaoresiduossolidos;São Domingos
137;2019;2018;;04/10/2019;SANTA CATARINA;São Lourenço do Oeste;SC;Região de São Lourenço do Oeste;https://issuu.com/sustentavelsc/docs/gestaoresiduossolidos;São Lourenço do Oeste
137;2019;2018;;04/10/2019;SANTA CATARINA;Bandeirante;SC;Região de São Miguel do Oeste;https://issuu.com/sustentavelsc/docs/gestaoresiduossolidos;Bandeirante
137;2019;2018;;04/10/2019;SANTA CATARINA;Barra Bonita;SC;Região de São Miguel do Oeste;https://issuu.com/sustentavelsc/docs/gestaoresiduossolidos;Barra Bonita
137;2019;2018;;04/10/2019;SANTA CATARINA;Belmonte;SC;Região de São Miguel do Oeste;https://issuu.com/sustentavelsc/docs/gestaoresiduossolidos;Belmonte
137;2019;2018;;04/10/2019;SANTA CATARINA;Descanso;SC;Região de São Miguel do Oeste;https://issuu.com/sustentavelsc/docs/gestaoresiduossolidos;Descanso
137;2019;2018;;04/10/2019;SANTA CATARINA;Guaraciaba;SC;Região de São Miguel do Oeste;https://issuu.com/sustentavelsc/docs/gestaoresiduossolidos;Guaraciaba
137;2019;2018;;04/10/2019;SANTA CATARINA;Paraíso;SC;Região de São Miguel do Oeste;https://issuu.com/sustentavelsc/docs/gestaoresiduossolidos;Paraíso
137;2019;2018;;04/10/2019;SANTA CATARINA;Santa Helena;SC;Região de São Miguel do Oeste;https://issuu.com/sustentavelsc/docs/gestaoresiduossolidos;Santa Helena
137;2019;2018;;04/10/2019;SANTA CATARINA;São Miguel do Oeste;SC;Região de São Miguel do Oeste;https://issuu.com/sustentavelsc/docs/gestaoresiduossolidos;São Miguel do Oeste
137;2019;2018;;04/10/2019;SANTA CATARINA;Tunápolis;SC;Região de São Miguel do Oeste;https://issuu.com/sustentavelsc/docs/gestaoresiduossolidos;Tunápolis
137;2019;2018;;04/10/2019;SANTA CATARINA;Balneário Gaivota;SC;Região de Sombrio;https://issuu.com/sustentavelsc/docs/gestaoresiduossolidos;Balneário Gaivota
137;2019;2018;;04/10/2019;SANTA CATARINA;Jacinto Machado;SC;Região de Sombrio;https://issuu.com/sustentavelsc/docs/gestaoresiduossolidos;Jacinto Machado
137;2019;2018;;04/10/2019;SANTA CATARINA;Passo de Torres;SC;Região de Sombrio;https://issuu.com/sustentavelsc/docs/gestaoresiduossolidos;Passo de Torres
137;2019;2018;;04/10/2019;SANTA CATARINA;Praia Grande;SC;Região de Sombrio;https://issuu.com/sustentavelsc/docs/gestaoresiduossolidos;Praia Grande
137;2019;2018;;04/10/2019;SANTA CATARINA;Santa Rosa do Sul;SC;Região de Sombrio;https://issuu.com/sustentavelsc/docs/gestaoresiduossolidos;Santa Rosa do Sul
137;2019;2018;;04/10/2019;SANTA CATARINA;São João do Sul;SC;Região de Sombrio;https://issuu.com/sustentavelsc/docs/gestaoresiduossolidos;São João do Sul
137;2019;2018;;04/10/2019;SANTA CATARINA;Sombrio;SC;Região de Sombrio;https://issuu.com/sustentavelsc/docs/gestaoresiduossolidos;Sombrio
137;2019;2018;;04/10/2019;SANTA CATARINA;Mirim Doce;SC;Região de Taió;https://issuu.com/sustentavelsc/docs/gestaoresiduossolidos;Mirim Doce
137;2019;2018;;04/10/2019;SANTA CATARINA;Pouso Redondo;SC;Região de Taió;https://issuu.com/sustentavelsc/docs/gestaoresiduossolidos;Pouso Redondo
137;2019;2018;;04/10/2019;SANTA CATARINA;Rio do Campo;SC;Região de Taió;https://issuu.com/sustentavelsc/docs/gestaoresiduossolidos;Rio do Campo
137;2019;2018;;04/10/2019;SANTA CATARINA;Salete;SC;Região de Taió;https://issuu.com/sustentavelsc/docs/gestaoresiduossolidos;Salete
137;2019;2018;;04/10/2019;SANTA CATARINA;Taió;SC;Região de Taió;https://issuu.com/sustentavelsc/docs/gestaoresiduossolidos;Taió
137;2019;2018;;04/10/2019;SANTA CATARINA;Apiúna;SC;Região de Blumenau;https://issuu.com/sustentavelsc/docs/gestaoresiduossolidos;Apiúna
137;2019;2018;;04/10/2019;SANTA CATARINA;Ascurra;SC;Região de Blumenau;https://issuu.com/sustentavelsc/docs/gestaoresiduossolidos;Ascurra
137;2019;2018;;04/10/2019;SANTA CATARINA;Benedito Novo;SC;Região de Blumenau;https://issuu.com/sustentavelsc/docs/gestaoresiduossolidos;Benedito Novo
137;2019;2018;;04/10/2019;SANTA CATARINA;Blumenau;SC;Região de Blumenau;https://issuu.com/sustentavelsc/docs/gestaoresiduossolidos;Blumenau
137;2019;2018;;04/10/2019;SANTA CATARINA;Botuverá;SC;Região de Blumenau;https://issuu.com/sustentavelsc/docs/gestaoresiduossolidos;Botuverá
137;2019;2018;;04/10/2019;SANTA CATARINA;Brusque;SC;Região de Blumenau;https://issuu.com/sustentavelsc/docs/gestaoresiduossolidos;Brusque
137;2019;2018;;04/10/2019;SANTA CATARINA;Doutor Pedrinho;SC;Região de Blumenau;https://issuu.com/sustentavelsc/docs/gestaoresiduossolidos;Doutor Pedrinho
137;2019;2018;;04/10/2019;SANTA CATARINA;Gaspar;SC;Região de Blumenau;https://issuu.com/sustentavelsc/docs/gestaoresiduossolidos;Gaspar
137;2019;2018;;04/10/2019;SANTA CATARINA;Guabiruba;SC;Região de Blumenau;https://issuu.com/sustentavelsc/docs/gestaoresiduossolidos;Guabiruba
137;2019;2018;;04/10/2019;SANTA CATARINA;Indaial;SC;Região de Blumenau;https://issuu.com/sustentavelsc/docs/gestaoresiduossolidos;Indaial
137;2019;2018;;04/10/2019;SANTA CATARINA;Pomerode;SC;Região de Blumenau;https://issuu.com/sustentavelsc/docs/gestaoresiduossolidos;Pomerode
137;2019;2018;;04/10/2019;SANTA CATARINA;Rio dos Cedros;SC;Região de Blumenau;https://issuu.com/sustentavelsc/docs/gestaoresiduossolidos;Rio dos Cedros
137;2019;2018;;04/10/2019;SANTA CATARINA;Rodeio;SC;Região de Blumenau;https://issuu.com/sustentavelsc/docs/gestaoresiduossolidos;Rodeio
137;2019;2018;;04/10/2019;SANTA CATARINA;Timbó;SC;Região de Blumenau;https://issuu.com/sustentavelsc/docs/gestaoresiduossolidos;Timbó
137;2019;2018;;04/10/2019;SANTA CATARINA;Bom Jardim da Serra;SC;Região de Urussanga;https://issuu.com/sustentavelsc/docs/gestaoresiduossolidos;Bom Jardim da Serra
137;2019;2018;;04/10/2019;SANTA CATARINA;Braço do Norte;SC;Região de Urussanga;https://issuu.com/sustentavelsc/docs/gestaoresiduossolidos;Braço do Norte
137;2019;2018;;04/10/2019;SANTA CATARINA;Cocal do Sul;SC;Região de Urussanga;https://issuu.com/sustentavelsc/docs/gestaoresiduossolidos;Cocal do Sul
137;2019;2018;;04/10/2019;SANTA CATARINA;Grão Pará;SC;Região de Urussanga;https://issuu.com/sustentavelsc/docs/gestaoresiduossolidos;Grão Pará
137;2019;2018;;04/10/2019;SANTA CATARINA;LAURO MULLER;SC;Região de Urussanga;https://issuu.com/sustentavelsc/docs/gestaoresiduossolidos;LAURO MULLER
137;2019;2018;;04/10/2019;SANTA CATARINA;Morro da Fumaça;SC;Região de Urussanga;https://issuu.com/sustentavelsc/docs/gestaoresiduossolidos;Morro da Fumaça
137;2019;2018;;04/10/2019;SANTA CATARINA;Orleans;SC;Região de Urussanga;https://issuu.com/sustentavelsc/docs/gestaoresiduossolidos;Orleans
137;2019;2018;;04/10/2019;SANTA CATARINA;Pedras Grandes;SC;Região de Urussanga;https://issuu.com/sustentavelsc/docs/gestaoresiduossolidos;Pedras Grandes
137;2019;2018;;04/10/2019;SANTA CATARINA;Rio Fortuna;SC;Região de Urussanga;https://issuu.com/sustentavelsc/docs/gestaoresiduossolidos;Rio Fortuna
137;2019;2018;;04/10/2019;SANTA CATARINA;Santa Rosa de Lima;SC;Região de Urussanga;https://issuu.com/sustentavelsc/docs/gestaoresiduossolidos;Santa Rosa de Lima
137;2019;2018;;04/10/2019;SANTA CATARINA;São Ludgero;SC;Região de Urussanga;https://issuu.com/sustentavelsc/docs/gestaoresiduossolidos;São Ludgero
137;2019;2018;;04/10/2019;SANTA CATARINA;Siderópolis;SC;Região de Urussanga;https://issuu.com/sustentavelsc/docs/gestaoresiduossolidos;Siderópolis
137;2019;2018;;04/10/2019;SANTA CATARINA;Treviso;SC;Região de Urussanga;https://issuu.com/sustentavelsc/docs/gestaoresiduossolidos;Treviso
137;2019;2018;;04/10/2019;SANTA CATARINA;Urussanga;SC;Região de Urussanga;https://issuu.com/sustentavelsc/docs/gestaoresiduossolidos;Urussanga
137;2019;2018;;04/10/2019;SANTA CATARINA;Abelardo Luz;SC;Região de Xanxerê;https://issuu.com/sustentavelsc/docs/gestaoresiduossolidos;Abelardo Luz
137;2019;2018;;04/10/2019;SANTA CATARINA;Bom Jesus;SC;Região de Xanxerê;https://issuu.com/sustentavelsc/docs/gestaoresiduossolidos;Bom Jesus
137;2019;2018;;04/10/2019;SANTA CATARINA;Entre Rios;SC;Região de Xanxerê;https://issuu.com/sustentavelsc/docs/gestaoresiduossolidos;Entre Rios
137;2019;2018;;04/10/2019;SANTA CATARINA;Faxinal dos Guedes;SC;Região de Xanxerê;https://issuu.com/sustentavelsc/docs/gestaoresiduossolidos;Faxinal dos Guedes
137;2019;2018;;04/10/2019;SANTA CATARINA;Ipuaçu;SC;Região de Xanxerê;https://issuu.com/sustentavelsc/docs/gestaoresiduossolidos;Ipuaçu
137;2019;2018;;04/10/2019;SANTA CATARINA;Lajeado Grande;SC;Região de Xanxerê;https://issuu.com/sustentavelsc/docs/gestaoresiduossolidos;Lajeado Grande
137;2019;2018;;04/10/2019;SANTA CATARINA;Marema;SC;Região de Xanxerê;https://issuu.com/sustentavelsc/docs/gestaoresiduossolidos;Marema
137;2019;2018;;04/10/2019;SANTA CATARINA;Ouro Verde;SC;Região de Xanxerê;https://issuu.com/sustentavelsc/docs/gestaoresiduossolidos;Ouro Verde
137;2019;2018;;04/10/2019;SANTA CATARINA;Passos Maia;SC;Região de Xanxerê;https://issuu.com/sustentavelsc/docs/gestaoresiduossolidos;Passos Maia
137;2019;2018;;04/10/2019;SANTA CATARINA;Ponte Serrada;SC;Região de Xanxerê;https://issuu.com/sustentavelsc/docs/gestaoresiduossolidos;Ponte Serrada
137;2019;2018;;04/10/2019;SANTA CATARINA;Vargeão;SC;Região de Xanxerê;https://issuu.com/sustentavelsc/docs/gestaoresiduossolidos;Vargeão
137;2019;2018;;04/10/2019;SANTA CATARINA;Xaxim;SC;Região de Xanxerê;https://issuu.com/sustentavelsc/docs/gestaoresiduossolidos;Xaxim
137;2019;2018;;04/10/2019;SANTA CATARINA;Santa Terezinha;SC;Região de Taió;https://issuu.com/sustentavelsc/docs/gestaoresiduossolidos;Santa Terezinha
137;2019;2018;;04/10/2019;SANTA CATARINA;Campo Erê;SC;Região de São Lourenço do Oeste;https://issuu.com/sustentavelsc/docs/gestaoresiduossolidos;Campo Erê
137;2019;2018;;04/10/2019;SANTA CATARINA;Iomerê;SC;Região de Caçador;https://issuu.com/sustentavelsc/docs/gestaoresiduossolidos;Iomerê
137;2019;2018;;04/10/2019;SANTA CATARINA;Três Barras;SC;Região de Canoinhas;https://issuu.com/sustentavelsc/docs/gestaoresiduossolidos;Três Barras
137;2019;2018;;04/10/2019;SANTA CATARINA;Xanxerê;SC;Região de Xanxerê;https://issuu.com/sustentavelsc/docs/gestaoresiduossolidos;Xanxerê
